"","subject","cohort","wj3.rcomp.ss","age","wasi.vocab.raw","wj3.watt.raw","wj3.wid.raw","wasi.matr.raw","sspan.raw","Pred","stdPred","resid","CI_group"
"1",106,"a197",93,0.887061538779767,0.516417276605158,0.736608692114243,-0.0307341425334644,-1.38484163776471,-0.719504594630144,101.443181483353,-0.140222366248361,-8.44318148335413,"UPC"
"2",225,"a197",126,-0.508876891447545,2.30949477017585,0.456257622727479,1.20805008635564,0.965658194320875,0.601389718533818,119.338100510684,1.71913420305016,6.66189948931555,"NSC"
"3",1118,"a182",136,0.689148866965395,2.30949477017585,1.01695976150101,1.03108091080006,1.22682484233038,1.41424775740395,120.956536447799,1.88729643318188,15.0434635522011,"UGC"
"4",1193,"a182",132,-0.198501745294781,2.30949477017585,0.456257622727479,1.20805008635564,2.01032478635891,2.02389128655655,123.848031951281,2.18773485099673,8.15196804871915,"UGC"
"5",27,"a197",122,1.28173493915235,2.14648772530579,1.01695976150101,1.20805008635564,0.965658194320875,1.41424775740395,120.467872705912,1.83652223648013,1.53212729408808,"NSC"
"6",28,"a197",123,0.83262382630216,2.14648772530579,0.736608692114243,1.20805008635564,0.182158250292347,0.601389718533818,117.526519949229,1.53090344254153,5.47348005077054,"NSC"
"7",4039,"a40",110,-0.432841506931466,2.14648772530579,0.456257622727479,1.03108091080006,0.965658194320875,1.71906952198025,120.332530425958,1.82245961027029,-10.3325304259576,"UPC"
"8",31,"a197",118,0.909419881235113,1.98348068043573,1.01695976150101,0.854111735244469,1.7491581383494,1.00781873796888,118.985649425284,1.68251306830268,-0.985649425284332,"EAC"
"9",4002,"a40",117,-0.432841506931466,1.98348068043573,1.01695976150101,1.20805008635564,0.965658194320875,1.51585501226271,119.975598804404,1.78537292916752,-2.97559880440382,"NSC"
"10",1126,"a182",135,1.28209947595519,1.98348068043573,1.01695976150101,1.03108091080006,0.182158250292347,1.31264050254518,117.771940567428,1.55640366626378,17.2280594325721,"UGC"
"11",14,"a197",114,0.840400643384848,1.82047363556566,0.736608692114243,1.03108091080006,0.182158250292347,0.0933534442399866,114.537720572864,1.22035474733526,-0.537720572864471,"EAC"
"12",117,"a197",111,0.744162547520478,1.82047363556566,-0.104444516046049,0.854111735244469,0.443324898301856,0.194960699098753,114.337441378818,1.1995449054704,-3.33744137881847,"NSC"
"13",129,"a197",118,0.869563701231371,1.82047363556566,0.456257622727479,0.677142559688883,0.965658194320875,0.194960699098753,114.700428744117,1.23726080355353,3.29957125588268,"NSC"
"14",136,"a197",122,1.14855696835877,1.82047363556566,0.736608692114243,1.03108091080006,0.965658194320875,0.499782463675052,116.5801536754,1.43257204771823,5.41984632460011,"NSC"
"15",173,"a197",117,1.50823469718517,1.82047363556566,1.01695976150101,1.20805008635564,1.22682484233038,1.00781873796888,118.685108837161,1.65128565028449,-1.68510883716093,"NSC"
"16",212,"a197",121,-0.32028911003545,1.82047363556566,1.01695976150101,1.20805008635564,0.443324898301856,1.21103324768642,117.865897428968,1.56616617524575,3.13410257103166,"NSC"
"17",1002,"a182",121,-0.344076445705449,1.82047363556566,0.456257622727479,1.03108091080006,1.7491581383494,1.51585501226271,119.770633728813,1.7640762047065,1.22936627118743,"EAC"
"18",1031,"a182",125,-0.109736684068763,1.82047363556566,0.175906553340715,1.20805008635564,0.965658194320875,0.296567953957519,116.603561905336,1.43500426023852,8.39643809466369,"UGC"
"19",1205,"a182",116,-0.138141503661088,1.82047363556566,0.456257622727479,0.854111735244469,1.7491581383494,1.31264050254518,118.767165845987,1.65981171503975,-2.76716584598665,"NSC"
"20",56,"a197",126,-0.476797528526489,1.6574665906956,0.175906553340715,1.20805008635564,0.704491546311366,1.21103324768642,117.369335375354,1.51457131108111,8.63066462464608,"UGC"
"21",92,"a197",117,1.76584171999813,1.6574665906956,0.736608692114243,1.20805008635564,0.443324898301856,1.21103324768642,117.130765632491,1.48978292182094,-0.130765632490595,"EAC"
"22",1012,"a182",117,1.8146898433113,1.6574665906956,0.456257622727479,1.03108091080006,0.965658194320875,0.499782463675052,115.831597320405,1.35479392678767,1.16840267959512,"EAC"
"23",125,"a197",114,0.817070195687388,1.49445954582554,0.736608692114243,1.20805008635564,0.704491546311366,0.0933534442399866,114.57536011356,1.22426565227707,-0.575360113559821,"EAC"
"24",133,"a197",111,0.947331861406437,1.49445954582554,0.736608692114243,1.20805008635564,1.22682484233038,0.601389718533818,116.417558473073,1.41567772944156,-5.41755847307305,"NSC"
"25",146,"a197",115,0.457392466860992,1.49445954582554,-0.104444516046049,1.03108091080006,0.965658194320875,1.82067677683901,117.672844084574,1.54610712923517,-2.67284408457387,"NSC"
"26",150,"a197",105,0.632370821041335,1.49445954582554,0.736608692114243,0.677142559688883,0.443324898301856,0.499782463675052,113.215209417111,1.08294033368718,-8.21520941711117,"UPC"
"27",221,"a197",108,-0.664413208247074,1.49445954582554,0.175906553340715,0.854111735244469,-0.601341693736181,0.906211483110117,112.856573716,1.04567659162572,-4.85657371600046,"NSC"
"28",229,"a197",117,-0.339731150966867,1.49445954582554,1.01695976150101,1.03108091080006,1.22682484233038,1.92228403169778,118.566487394484,1.63896038866337,-1.56648739448418,"NSC"
"29",1016,"a182",111,0.51161874451336,1.49445954582554,0.736608692114243,0.854111735244469,1.48799149033989,0.398175208816285,115.219960227988,1.29124228712531,-4.21996022798789,"NSC"
"30",1,"a197",134,0.495304443481713,1.33145250095547,0.175906553340715,0.854111735244469,0.965658194320875,0.906211483110117,114.614120105015,1.22829297671637,19.385879894985,"UGC"
"31",52,"a197",117,-0.669273716704627,1.33145250095547,0.175906553340715,0.854111735244469,0.965658194320875,0.296567953957519,113.365515127715,1.0985577226224,3.63448487228511,"NSC"
"32",94,"a197",102,0.763604588451895,1.33145250095547,0.456257622727479,0.854111735244469,0.443324898301856,0.296567953957519,112.641947515286,1.02337603605283,-10.6419475152863,"UPC"
"33",111,"a197",105,1.29437226469259,1.33145250095547,-0.104444516046049,0.677142559688883,-1.1236749897552,-0.00825381061877966,108.861324640578,0.630553583635288,-3.86132464057785,"NSC"
"34",132,"a197",121,-0.29695866233799,1.33145250095547,0.175906553340715,1.20805008635564,0.965658194320875,-0.211468320336312,113.523471812639,1.11497007963442,7.47652818736132,"UGC"
"35",172,"a197",110,1.48490424948771,1.33145250095547,0.736608692114243,0.677142559688883,0.965658194320875,0.906211483110117,114.175639949734,1.18273306353742,-4.17563994973354,"NSC"
"36",182,"a197",118,-0.844252074435573,1.33145250095547,0.736608692114243,1.03108091080006,0.965658194320875,1.21103324768642,115.958183970782,1.36794680664168,2.04181602921836,"NSC"
"37",189,"a197",129,1.07564932019186,1.33145250095547,1.01695976150101,0.854111735244469,0.965658194320875,1.10942599282765,115.249709311649,1.29433334073951,13.7502906883513,"UGC"
"38",207,"a197",114,1.2234088199087,1.33145250095547,0.456257622727479,1.20805008635564,2.01032478635891,0.702996973392584,117.086036802735,1.48513541023872,-3.08603680273534,"NSC"
"39",239,"a197",109,0.0977147380345955,1.33145250095547,0.736608692114243,1.03108091080006,-0.0790083977171622,0.906211483110117,113.729016502747,1.13632702845625,-4.72901650274704,"NSC"
"40",250,"a197",113,-0.345563761115931,1.33145250095547,0.736608692114243,1.03108091080006,-0.0790083977171622,0.0933534442399866,112.074698927505,0.964436546776211,0.925301072495447,"EAC"
"41",251,"a197",117,-1.29044687866063,1.33145250095547,-0.104444516046049,-0.207703318089051,0.704491546311366,1.41424775740395,111.59392619182,0.914482258462907,5.4060738081799,"NSC"
"42",253,"a197",117,1.1514732734333,1.33145250095547,0.456257622727479,1.03108091080006,0.965658194320875,1.31264050254518,116.110793619557,1.38380358434237,0.889206380443224,"EAC"
"43",1011,"a182",107,1.84309466290362,1.33145250095547,0.456257622727479,1.03108091080006,-0.0790083977171622,1.41424775740395,114.704322830002,1.23766541528494,-7.70432283000194,"UPC"
"44",1093,"a182",121,-0.255311384479431,1.33145250095547,0.736608692114243,1.20805008635564,0.704491546311366,1.00781873796888,115.739284328316,1.34520222268388,5.26071567168376,"NSC"
"45",1147,"a182",123,0.721104289006762,1.33145250095547,0.736608692114243,1.03108091080006,1.22682484233038,1.00781873796888,115.965269820421,1.36868305591196,7.03473017957924,"NSC"
"46",1169,"a182",129,0.987399472684815,1.33145250095547,1.01695976150101,0.854111735244469,0.965658194320875,1.10942599282765,115.248875003939,1.29424665269589,13.7511249960612,"UGC"
"47",2,"a197",104,1.55295138919707,1.16844545608541,-0.104444516046049,0.323204208577709,0.704491546311366,2.02389128655655,113.954721529708,1.15977872018853,-9.95472152970785,"UPC"
"48",46,"a197",113,1.31089799699888,1.16844545608541,-0.384795585432813,0.677142559688883,0.704491546311366,1.00781873796888,113.003017085286,1.06089266722214,-0.00301708528625727,"EAC"
"49",127,"a197",115,0.22603219682002,1.16844545608541,0.456257622727479,1.20805008635564,1.48799149033989,0.906211483110117,115.997171520814,1.37199777536433,-0.997171520814349,"EAC"
"50",130,"a197",106,0.119100978798432,1.16844545608541,0.456257622727479,0.323204208577709,-0.0790083977171622,-0.109861065477546,108.540173938589,0.597184689002882,-2.54017393858865,"NSC"
"51",208,"a197",110,1.27881863052722,1.16844545608541,-0.665146654819577,0.854111735244469,-0.0790083977171622,2.02389128655655,114.371275398087,1.20306040089658,-4.37127539808694,"NSC"
"52",4021,"a40",114,-0.610371629383501,1.16844545608541,0.456257622727479,1.03108091080006,-1.90717493378373,0.499782463675052,109.308673378142,0.677034979426276,4.69132662185815,"NSC"
"53",4038,"a40",121,-0.404436687339141,1.16844545608541,1.01695976150101,1.03108091080006,0.965658194320875,1.41424775740395,115.765067042832,1.34788115403505,5.23493295716807,"NSC"
"54",1010,"a182",118,1.28209947595519,1.16844545608541,0.736608692114243,0.500173384133296,0.704491546311366,0.398175208816285,111.462361229577,0.900812111285188,6.5376387704234,"NSC"
"55",11,"a197",110,-0.522486318679295,1.00543841121535,0.736608692114243,0.854111735244469,1.22682484233038,1.82067677683901,115.646096241266,1.3355195925712,-5.64609624126563,"NSC"
"56",85,"a197",100,0.653757065355774,1.00543841121535,0.456257622727479,0.854111735244469,-0.0790083977171622,-0.313075575195079,109.229015741778,0.668758219456523,-9.2290157417783,"UPC"
"57",128,"a197",110,-0.244465156794007,1.00543841121535,-0.104444516046049,0.854111735244469,0.182158250292347,0.804604228251351,111.74921992827,0.930617924044774,-1.74921992827033,"NSC"
"58",144,"a197",110,1.80667000169338,1.00543841121535,0.736608692114243,1.03108091080006,1.22682484233038,-0.00825381061877966,112.548213564021,1.01363668837628,-2.54821356402131,"NSC"
"59",218,"a197",111,0.883173128463122,1.00543841121535,1.01695976150101,0.677142559688883,0.182158250292347,1.21103324768642,112.282155508186,0.985992148986317,-1.28215550818654,"EAC"
"60",245,"a197",117,1.46740641548992,1.00543841121535,0.736608692114243,1.20805008635564,-0.601341693736181,0.398175208816285,111.129221106836,0.866197465934315,5.87077889316346,"NSC"
"61",4034,"a40",134,-0.581966809791176,1.00543841121535,1.01695976150101,1.20805008635564,0.965658194320875,1.82067677683901,116.499004900176,1.42414035221445,17.500995099824,"UGC"
"62",4109,"a40",109,-1.17491741878097,1.00543841121535,-0.665146654819577,-0.0307341425334644,0.704491546311366,0.499782463675052,108.821800899652,0.626446902447058,0.178199100348389,"EAC"
"63",1018,"a182",113,1.39926935677354,1.00543841121535,-0.104444516046049,1.03108091080006,0.182158250292347,-0.00825381061877966,110.707515887821,0.822380538454143,2.29248411217907,"NSC"
"64",1146,"a182",105,0.749509108599087,1.00543841121535,1.01695976150101,0.677142559688883,0.965658194320875,0.398175208816285,111.845221394666,0.940592875981234,-6.84522139466567,"NSC"
"65",1152,"a182",114,0.749509108599087,1.00543841121535,0.456257622727479,1.03108091080006,0.182158250292347,-0.313075575195079,110.227622834847,0.772517652835838,3.77237716515344,"NSC"
"66",83,"a197",113,1.31867481408156,0.842431366345284,0.456257622727479,1.03108091080006,0.965658194320875,0.398175208816285,112.208990795211,0.978390030781485,0.79100920478887,"EAC"
"67",122,"a197",108,1.17480372113076,0.842431366345284,0.456257622727479,0.500173384133296,1.48799149033989,0.601389718533818,111.651150762058,0.920428129491114,-3.6511507620578,"NSC"
"68",137,"a197",108,0.930806125549551,0.842431366345284,-0.104444516046049,0.677142559688883,-0.601341693736181,0.0933534442399866,107.82680013449,0.523062181547526,0.173199865509999,"EAC"
"69",147,"a197",107,1.60350069135803,0.842431366345284,0.456257622727479,1.03108091080006,-0.86250834174569,-1.73557714321781,105.046368957892,0.234163809568613,1.95363104210828,"NSC"
"70",160,"a197",114,1.23993455221499,0.842431366345284,-0.104444516046049,1.03108091080006,0.704491546311366,-0.00825381061877966,110.833316864859,0.83545178357814,3.16668313514076,"NSC"
"71",162,"a197",114,1.00857428217402,0.842431366345284,0.736608692114243,1.20805008635564,0.182158250292347,-0.313075575195079,110.213148458235,0.771013704860517,3.78685154176525,"NSC"
"72",187,"a197",104,1.61808222028129,0.842431366345284,0.175906553340715,0.854111735244469,0.443324898301856,0.499782463675052,110.943042919818,0.84685277739093,-6.94304291981812,"NSC"
"73",258,"a197",111,0.854010070616598,0.842431366345284,0.736608692114243,0.854111735244469,-0.0790083977171622,0.906211483110117,111.096292573553,0.862776054270831,-0.0962925735534835,"EAC"
"74",4014,"a40",127,-0.642327051424869,0.842431366345284,1.01695976150101,1.03108091080006,1.22682484233038,0.601389718533818,113.152849437173,1.0764608722165,13.8471505628266,"UGC"
"75",4024,"a40",99,-0.581966809791176,0.842431366345284,0.736608692114243,0.677142559688883,0.443324898301856,0.804604228251351,111.093205623468,0.862455307308452,-12.0932056234683,"UPC"
"76",4081,"a40",114,-0.553561990198851,0.842431366345284,0.736608692114243,0.854111735244469,1.22682484233038,0.906211483110117,113.107079469725,1.07170518209455,0.892920530274754,"EAC"
"77",1050,"a182",116,-0.0777812620273959,0.842431366345284,0.736608692114243,1.03108091080006,1.48799149033989,2.02389128655655,116.378203748417,1.4115886097473,-0.378203748417154,"EAC"
"78",1085,"a182",107,-0.404436687339141,0.842431366345284,-0.104444516046049,-0.561641669200225,0.182158250292347,-0.211468320336312,104.259654216795,0.152420873499042,2.74034578320452,"NSC"
"79",1198,"a182",105,0.66074404737307,0.842431366345284,-0.945497724206341,-0.207703318089051,0.965658194320875,-0.109861065477546,106.658641777008,0.401685666088143,-1.65864177700793,"NSC"
"80",3,"a197",102,1.72015292629472,0.679424321475221,1.01695976150101,1.03108091080006,0.704491546311366,-0.109861065477546,110.239355289135,0.773736703669284,-8.23935528913475,"UPC"
"81",50,"a197",98,-0.469020711443802,0.679424321475221,1.01695976150101,0.854111735244469,0.182158250292347,0.296567953957519,109.64120176877,0.711586063264584,-11.6412017687702,"UPC"
"82",61,"a197",108,0.830679622919139,0.679424321475221,0.736608692114243,0.854111735244469,0.704491546311366,-0.922719104347676,107.915412704785,0.532269396425004,0.0845872952154219,"EAC"
"83",103,"a197",112,0.35823806592209,0.679424321475221,0.175906553340715,0.677142559688883,0.965658194320875,1.41424775740395,112.321949405451,0.990126900542552,-0.32194940545115,"EAC"
"84",121,"a197",113,-0.092817250311123,0.679424321475221,0.175906553340715,0.854111735244469,0.443324898301856,-0.109861065477546,109.006942784497,0.645683914881382,3.99305721550277,"NSC"
"85",131,"a197",115,0.302828251752973,0.679424321475221,0.456257622727479,1.20805008635564,1.22682484233038,1.51585501226271,114.783683061149,1.2459112736148,0.216316938851337,"EAC"
"86",143,"a197",105,1.16411059897354,0.679424321475221,-0.104444516046049,1.03108091080006,-2.42950822980275,0.702996973392584,106.736305195853,0.409755218557394,-1.73630519585313,"NSC"
"87",152,"a197",117,-1.32058203819866,0.679424321475221,0.456257622727479,1.20805008635564,0.704491546311366,0.601389718533818,112.102305155854,0.967304948804603,4.89769484414554,"NSC"
"88",153,"a197",111,1.00565797709948,0.679424321475221,0.175906553340715,-0.0307341425334644,-0.0790083977171622,0.906211483110117,107.305933343535,0.468941954011884,3.69406665646473,"NSC"
"89",164,"a197",103,-1.01242571322474,0.679424321475221,-0.104444516046049,0.677142559688883,0.443324898301856,0.194960699098753,108.951639726291,0.639937696950972,-5.95163972629098,"NSC"
"90",185,"a197",119,0.193952833898966,0.679424321475221,0.456257622727479,1.20805008635564,0.182158250292347,0.296567953957519,110.688188297538,0.820372321378341,8.31181170246171,"UGC"
"91",188,"a197",116,-0.196832159707578,0.679424321475221,0.736608692114243,1.03108091080006,0.704491546311366,1.51585501226271,113.44896230281,1.1072282314392,2.55103769719004,"NSC"
"92",203,"a197",124,0.360182269305111,0.679424321475221,0.175906553340715,-0.207703318089051,-0.340175045726672,1.51585501226271,107.539724341637,0.493233811801238,16.4602756583627,"UGC"
"93",214,"a197",115,0.253251051283522,0.679424321475221,0.175906553340715,1.03108091080006,0.704491546311366,1.41424775740395,113.101904197339,1.07116744975308,1.89809580266086,"NSC"
"94",247,"a197",108,-0.654692187781365,0.679424321475221,0.736608692114243,1.03108091080006,-0.0790083977171622,0.499782463675052,110.167518773085,0.76627259065326,-2.16751877308498,"NSC"
"95",265,"a197",74,-0.375698924204566,0.679424321475221,0.456257622727479,0.677142559688883,0.965658194320875,0.0933534442399866,109.706078334742,0.718327008498739,-35.7060783347418,"UPC"
"96",4062,"a40",119,-1.70750778613708,0.679424321475221,0.736608692114243,1.03108091080006,0.443324898301856,1.31264050254518,112.617329974825,1.02081817113562,6.38267002517477,"NSC"
"97",4104,"a40",107,-1.94184754777377,0.679424321475221,0.456257622727479,0.500173384133296,0.965658194320875,1.10942599282765,111.161047579664,0.869504368929445,-4.16104757966387,"NSC"
"98",4108,"a40",103,-1.7359126057294,0.679424321475221,1.01695976150101,0.500173384133296,0.443324898301856,0.398175208816285,109.054543188891,0.650629795020605,-6.05454318889071,"NSC"
"99",1014,"a182",115,0.45480910532871,0.679424321475221,0.736608692114243,0.323204208577709,0.965658194320875,0.499782463675052,109.425750847824,0.689199815826883,5.5742491521764,"NSC"
"100",1024,"a182",117,1.54839465963325,0.679424321475221,0.175906553340715,0.677142559688883,-0.0790083977171622,-0.922719104347676,105.969811175256,0.330113299510462,11.0301888247444,"UGC"
"101",1029,"a182",111,0.721104289006762,0.679424321475221,0.456257622727479,0.146235033022122,1.22682484233038,0.601389718533818,109.373946320568,0.683817109823852,1.62605367943203,"NSC"
"102",1129,"a182",118,0.987399472684815,0.679424321475221,0.736608692114243,1.20805008635564,0.704491546311366,0.0933534442399866,111.165319016027,0.869948188946223,6.83468098397257,"NSC"
"103",1157,"a182",118,0.571978986147052,0.679424321475221,1.01695976150101,1.03108091080006,0.704491546311366,0.0933534442399866,110.64103224835,0.815472611594477,7.35896775164959,"UGC"
"104",1185,"a182",107,1.34245971758889,0.679424321475221,1.01695976150101,0.677142559688883,-0.0790083977171622,0.0933534442399866,108.248093801245,0.566836347034837,-1.24809380124479,"EAC"
"105",97,"a197",98,0.11715677541541,0.516417276605158,0.175906553340715,0.677142559688883,0.965658194320875,-0.211468320336312,108.337086260221,0.576083033927549,-10.3370862602214,"UPC"
"106",112,"a197",110,1.31673060714794,0.516417276605158,0.736608692114243,0.146235033022122,0.965658194320875,-0.00825381061877966,107.127356769517,0.450387104698656,2.87264323048343,"NSC"
"107",126,"a197",104,1.74056706891765,0.516417276605158,0.736608692114243,0.500173384133296,-0.340175045726672,-0.00825381061877966,106.293035835566,0.363697687044672,-2.29303583556585,"NSC"
"108",186,"a197",117,-0.431108734823082,0.516417276605158,1.01695976150101,0.854111735244469,0.443324898301856,0.0933534442399866,108.951516993403,0.639924944493057,8.04848300659713,"UGC"
"109",237,"a197",108,-0.706213591633838,0.516417276605158,0.736608692114243,1.20805008635564,0.965658194320875,0.804604228251351,112.315657236208,0.989473117968866,-4.31565723620788,"NSC"
"110",4001,"a40",110,-1.97380296981513,0.516417276605158,0.175906553340715,0.677142559688883,0.704491546311366,1.00781873796888,110.38768995927,0.789149293296002,-0.387689959270479,"EAC"
"111",4009,"a40",110,-1.26368248000699,0.516417276605158,0.736608692114243,0.323204208577709,0.965658194320875,-0.82111184948891,106.045717941521,0.338000328465169,3.95428205847852,"NSC"
"112",4143,"a40",101,-1.23172705796562,0.516417276605158,0.736608692114243,0.500173384133296,0.443324898301856,0.398175208816285,108.304455795514,0.572692592829743,-7.30445579551442,"NSC"
"113",1061,"a182",118,1.07616453391083,0.516417276605158,0.175906553340715,1.03108091080006,1.22682484233038,0.0933534442399866,110.5555351442,0.806589106616649,7.44446485579952,"UGC"
"114",1186,"a182",114,-0.553561990198851,0.516417276605158,0.175906553340715,1.03108091080006,-1.38484163776471,0.702996973392584,107.729535003671,0.512955929617862,6.27046499632858,"NSC"
"115",12,"a197",116,-0.0539331719988913,0.353410231735095,-0.104444516046049,-0.0307341425334644,-0.340175045726672,0.804604228251351,105.247647189346,0.255077455578439,10.7523528106536,"UGC"
"116",19,"a197",104,1.72015292629472,0.353410231735095,0.175906553340715,0.677142559688883,-0.0790083977171622,-0.00825381061877966,106.463167122972,0.381375035927788,-2.46316712297167,"NSC"
"117",30,"a197",89,-0.664413208247074,0.353410231735095,0.175906553340715,-0.0307341425334644,0.443324898301856,0.398175208816285,105.70379236923,0.302472838338998,-16.7037923692296,"UPC"
"118",79,"a197",103,0.262972071749231,0.353410231735095,0.456257622727479,0.500173384133296,-0.0790083977171622,-0.211468320336312,105.516499914666,0.283012372759914,-2.51649991466649,"NSC"
"119",100,"a197",102,-0.650803781015322,0.353410231735095,0.175906553340715,-0.561641669200225,1.22682484233038,0.601389718533818,105.552259941821,0.286727988421916,-3.55225994182109,"NSC"
"120",134,"a197",103,0.449615649778304,0.353410231735095,-0.945497724206341,-0.207703318089051,-0.340175045726672,0.804604228251351,104.441953684912,0.17136254700453,-1.44195368491241,"EAC"
"121",157,"a197",117,-0.511793200072678,0.353410231735095,0.736608692114243,0.677142559688883,0.704491546311366,1.61746226712148,111.101823861203,0.863350778080005,5.89817613879677,"NSC"
"122",177,"a197",95,1.52767673811658,0.353410231735095,0.736608692114243,0.677142559688883,-0.86250834174569,-0.109861065477546,105.185672524948,0.248638029996029,-10.1856725249477,"UPC"
"123",194,"a197",100,0.282414112680648,0.353410231735095,0.456257622727479,1.03108091080006,0.182158250292347,0.906211483110117,109.969076128044,0.74565357387416,-9.96907612804442,"UPC"
"124",195,"a197",100,0.789851341223886,0.353410231735095,0.175906553340715,-0.0307341425334644,-0.0790083977171622,-0.516290084912611,103.051510580469,0.0268897211407412,-3.05151058046926,"NSC"
"125",235,"a197",103,0.362126472688132,0.353410231735095,-0.104444516046049,0.854111735244469,-0.340175045726672,0.194960699098753,106.978400767667,0.434909956120739,-3.97840076766679,"NSC"
"126",4040,"a40",98,-1.55838248327737,0.353410231735095,1.01695976150101,0.323204208577709,1.22682484233038,0.906211483110117,109.34446360202,0.680753732653513,-11.3444636020197,"UPC"
"127",4041,"a40",123,-2.17973791185949,0.353410231735095,0.736608692114243,-0.738610844755811,1.22682484233038,0.906211483110117,105.708767317451,0.302989756165944,17.2912326825493,"UGC"
"128",4050,"a40",99,-0.819857173876904,0.353410231735095,0.736608692114243,-0.207703318089051,-0.340175045726672,0.194960699098753,103.627498950745,0.0867373101952549,-4.62749895074485,"NSC"
"129",4068,"a40",108,-1.67555236409571,0.353410231735095,-0.104444516046049,0.500173384133296,0.965658194320875,1.41424775740395,110.272654830198,0.777196664585347,-2.27265483019805,"NSC"
"130",4093,"a40",110,-1.91344272818144,0.353410231735095,-0.104444516046049,0.323204208577709,1.22682484233038,0.702996973392584,108.638480568466,0.607399157019725,1.36151943153368,"EAC"
"131",1005,"a182",93,-0.731092112650887,0.353410231735095,-0.104444516046049,-1.62345672253375,0.965658194320875,-0.617897339771377,99.0416697921289,-0.38974942655557,-6.04166979212897,"NSC"
"132",1028,"a182",114,0.86667898941743,0.353410231735095,0.736608692114243,1.03108091080006,0.443324898301856,0.702996973392584,110.039410460967,0.752961603810907,3.96058953903269,"NSC"
"133",1140,"a182",112,0.156558499609289,0.353410231735095,0.736608692114243,-0.207703318089051,0.443324898301856,0.601389718533818,105.676249729089,0.299611043390189,6.32375027091132,"NSC"
"134",1167,"a182",108,0.721104289006762,0.353410231735095,0.736608692114243,0.854111735244469,0.704491546311366,1.82067677683901,112.118894362328,0.969028636404922,-4.11889436232804,"NSC"
"135",1190,"a182",102,-0.610371629383501,0.353410231735095,0.175906553340715,0.500173384133296,0.965658194320875,-0.719504594630144,106.023665636837,0.335709002222203,-4.02366563683708,"NSC"
"136",51,"a197",100,1.09800766619781,0.190403186865032,0.175906553340715,-0.207703318089051,-1.1236749897552,-2.6500424369467,95.8283523566745,-0.723626482591895,4.17164764332549,"NSC"
"137",65,"a197",105,0.75971617813525,0.190403186865032,1.01695976150101,0.854111735244469,-2.42950822980275,0.601389718533818,104.176436939192,0.143774251988515,0.823563060807832,"EAC"
"138",105,"a197",99,-0.64691537424928,0.190403186865032,0.175906553340715,-0.207703318089051,-0.0790083977171622,0.601389718533818,104.031638573515,0.128729099113899,-5.03163857351524,"NSC"
"139",145,"a197",129,1.15925009051599,0.190403186865032,0.736608692114243,1.03108091080006,0.182158250292347,0.499782463675052,108.542495622172,0.597425921590527,20.457504377828,"UGC"
"140",159,"a197",106,0.411703673157583,0.190403186865032,0.456257622727479,0.323204208577709,0.704491546311366,-0.211468320336312,105.457149061677,0.276845572103804,0.542850938322622,"EAC"
"141",168,"a197",104,1.5111510022597,0.190403186865032,0.456257622727479,0.854111735244469,-1.64600828577422,-1.02432635920644,101.952696331027,-0.0872816528688074,2.04730366897337,"NSC"
"142",174,"a197",109,0.0549422494057188,0.190403186865032,0.175906553340715,0.500173384133296,-0.0790083977171622,-0.109861065477546,104.965945144941,0.225807440662433,4.03405485505937,"NSC"
"143",184,"a197",118,0.607096169960855,0.190403186865032,0.175906553340715,1.20805008635564,1.22682484233038,1.51585501226271,112.667045109578,1.02598378056115,5.33295489042169,"NSC"
"144",209,"a197",97,0.893866250620341,0.190403186865032,-0.384795585432813,-0.384672493644638,0.182158250292347,-0.719504594630144,101.03163730642,-0.182983519163788,-4.03163730642047,"NSC"
"145",216,"a197",93,-1.04936558815395,0.190403186865032,0.736608692114243,-0.0307341425334644,-0.340175045726672,-0.922719104347676,101.266957561183,-0.158532765242327,-8.26695756118299,"UPC"
"146",220,"a197",110,-0.348480066190462,0.190403186865032,0.456257622727479,0.323204208577709,0.965658194320875,0.296567953957519,106.886110418151,0.425320604674518,3.11388958184884,"NSC"
"147",238,"a197",108,1.14466855804213,0.190403186865032,0.736608692114243,1.03108091080006,1.7491581383494,1.00781873796888,112.002599829452,0.956945150397167,-4.00259982945193,"NSC"
"148",255,"a197",101,1.71918082460321,0.190403186865032,-1.2258487935931,0.854111735244469,0.704491546311366,0.906211483110117,109.081941560362,0.653476599854186,-8.08194156036217,"UPC"
"149",4003,"a40",95,-0.432841506931466,0.190403186865032,0.456257622727479,0.323204208577709,-0.0790083977171622,-0.109861065477546,104.440974260116,0.171260780691668,-9.4409742601165,"UPC"
"150",4007,"a40",112,-1.14296199673961,0.190403186865032,-0.104444516046049,0.323204208577709,-0.0790083977171622,0.398175208816285,105.320542811469,0.262651614123682,6.67945718853071,"NSC"
"151",4037,"a40",94,-2.35726803431153,0.190403186865032,0.175906553340715,-0.561641669200225,-0.340175045726672,-0.211468320336312,100.774757246261,-0.209674426602326,-6.77475724626135,"NSC"
"152",4044,"a40",111,-0.876666813061554,0.190403186865032,-0.665146654819577,-0.0307341425334644,0.443324898301856,0.296567953957519,104.595618651873,0.187328976657162,6.40438134812688,"NSC"
"153",4082,"a40",107,-1.29208729959932,0.190403186865032,-0.384795585432813,-0.0307341425334644,0.182158250292347,0.398175208816285,104.465662008389,0.173825940492716,2.53433799161084,"NSC"
"154",4107,"a40",77,-1.61874272491106,0.190403186865032,0.175906553340715,0.146235033022122,-0.0790083977171622,-0.516290084912611,102.939292693685,0.0152298156298239,-25.9392926936855,"UPC"
"155",4119,"a40",108,-0.731092112650887,0.190403186865032,0.456257622727479,-0.0307341425334644,1.22682484233038,0.906211483110117,107.339141038965,0.47239237178439,0.6608589610345,"EAC"
"156",4162,"a40",101,-0.376031867746816,0.190403186865032,0.175906553340715,0.323204208577709,0.704491546311366,0.702996973392584,107.233570923643,0.461423197397677,-6.23357092364278,"NSC"
"157",4163,"a40",100,-1.11455717714728,0.190403186865032,-0.384795585432813,0.500173384133296,0.965658194320875,0.194960699098753,107.047914232765,0.442132694473839,-7.0479142327646,"NSC"
"158",1022,"a182",95,0.51161874451336,0.190403186865032,0.736608692114243,-0.207703318089051,0.182158250292347,0.398175208816285,104.179925658164,0.144136744410428,-9.17992565816369,"UPC"
"159",1048,"a182",103,0.600383805739377,0.190403186865032,0.456257622727479,1.03108091080006,0.443324898301856,0.702996973392584,109.282038998182,0.67426755649063,-6.28203899818187,"NSC"
"160",1106,"a182",89,-0.464796928972834,0.190403186865032,-0.665146654819577,-1.44648754697816,-0.601341693736181,-0.82111184948891,95.9682483221808,-0.709090709499805,-6.96824832218087,"NSC"
"161",1133,"a182",95,0.749509108599087,0.190403186865032,-2.62760414052692,0.146235033022122,-0.86250834174569,0.398175208816285,102.878381779947,0.00890091816857931,-7.87838177994722,"UPC"
"162",1179,"a182",103,0.305683802468999,0.190403186865032,1.01695976150101,0.677142559688883,0.443324898301856,0.0933534442399866,107.000938961838,0.437251768303805,-4.00093896183845,"NSC"
"163",24,"a197",95,1.60641699643256,0.0273961419949685,1.01695976150101,1.03108091080006,-0.340175045726672,0.499782463675052,107.127278889431,0.450379012633626,-12.1272788894311,"UPC"
"164",36,"a197",90,-1.03478405923069,0.0273961419949685,0.456257622727479,0.323204208577709,-1.1236749897552,-0.516290084912611,101.308614651833,-0.154204420138311,-11.3086146518334,"UPC"
"165",71,"a197",107,1.24673926760616,0.0273961419949685,-0.104444516046049,-0.384672493644638,-0.86250834174569,0.601389718533818,101.48734766839,-0.135633315794295,5.51265233161037,"NSC"
"166",87,"a197",114,0.944415552781303,0.0273961419949685,-0.945497724206341,-0.0307341425334644,1.48799149033989,1.00781873796888,106.921117286899,0.428957964043261,7.07888271310093,"NSC"
"167",102,"a197",107,-0.190999549558514,0.0273961419949685,0.456257622727479,1.03108091080006,0.965658194320875,0.601389718533818,109.195598777164,0.665286057744777,-2.19559877716407,"NSC"
"168",118,"a197",115,0.503081260564401,0.0273961419949685,-0.104444516046049,0.854111735244469,-0.601341693736181,0.398175208816285,105.6227857096,0.294055909236998,9.37721429039995,"UGC"
"169",124,"a197",119,0.170622386201506,0.0273961419949685,1.01695976150101,0.677142559688883,0.443324898301856,0.398175208816285,106.936129394847,0.430517784542545,12.0638706051531,"UGC"
"170",148,"a197",93,0.645008146581577,0.0273961419949685,-0.104444516046049,-0.561641669200225,-0.86250834174569,-0.516290084912611,98.6198514599798,-0.433578106961115,-5.61985145997986,"NSC"
"171",154,"a197",91,-1.13588266355261,0.0273961419949685,-0.384795585432813,-1.09254919586698,-1.38484163776471,-0.82111184948891,95.3234070409921,-0.776092402578269,-4.32340704099213,"NSC"
"172",161,"a197",112,0.254223152975033,0.0273961419949685,0.456257622727479,0.677142559688883,0.965658194320875,0.702996973392584,108.220307609283,0.563949246038145,3.77969239071678,"NSC"
"173",176,"a197",97,1.08731454404059,0.0273961419949685,0.175906553340715,-0.384672493644638,0.182158250292347,-0.211468320336312,101.527512462887,-0.131460026471788,-4.52751246288735,"NSC"
"174",193,"a197",97,1.02996052648845,0.0273961419949685,0.456257622727479,0.677142559688883,0.182158250292347,0.601389718533818,106.806919129376,0.417092300160266,-9.80691912937632,"UPC"
"175",215,"a197",79,0.859842680765662,0.0273961419949685,-1.2258487935931,-0.207703318089051,-0.86250834174569,-1.12593361406521,98.2799588723794,-0.468894361516136,-19.2799588723794,"UPC"
"176",230,"a197",95,0.96580179709574,0.0273961419949685,0.736608692114243,0.500173384133296,0.704491546311366,0.398175208816285,106.683059044504,0.404222721810734,-11.6830590445042,"UPC"
"177",262,"a197",98,-0.22502311586259,0.0273961419949685,-0.665146654819577,-0.738610844755811,-0.340175045726672,1.31264050254518,102.396118889783,-0.0412082033974562,-4.39611888978345,"NSC"
"178",4013,"a40",115,-1.76431742532173,0.0273961419949685,0.456257622727479,0.323204208577709,0.704491546311366,-0.00825381061877966,105.166778552145,0.246674867581232,9.83322144785467,"UGC"
"179",4057,"a40",96,-0.610371629383501,0.0273961419949685,0.456257622727479,-0.207703318089051,-0.340175045726672,0.296567953957519,102.398561065609,-0.0409544511642854,-6.39856106560952,"NSC"
"180",4059,"a40",98,-0.404436687339141,0.0273961419949685,0.175906553340715,-0.0307341425334644,0.965658194320875,1.00781873796888,106.388822348872,0.373650304460458,-8.38882234887174,"UPC"
"181",4064,"a40",105,-1.5867873028697,0.0273961419949685,-0.384795585432813,-0.207703318089051,0.704491546311366,0.906211483110117,105.028629471297,0.232320603076053,-0.0286294712974661,"EAC"
"182",4092,"a40",102,-0.787901751835537,0.0273961419949685,0.736608692114243,0.323204208577709,-2.95184152582176,1.21103324768642,102.056260298304,-0.0765209256139807,-0.0562602983042539,"EAC"
"183",4126,"a40",83,-0.581966809791176,0.0273961419949685,0.736608692114243,-0.384672493644638,-1.1236749897552,-0.922719104347676,98.1888235234428,-0.478363703594842,-15.1888235234429,"UPC"
"184",4128,"a40",105,-0.908622235102922,0.0273961419949685,0.175906553340715,0.500173384133296,-0.601341693736181,0.0933534442399866,103.877399520545,0.112703019535456,1.12260047945456,"EAC"
"185",4174,"a40",108,-1.64714754450339,0.0273961419949685,0.456257622727479,0.500173384133296,0.182158250292347,0.702996973392584,106.394992734877,0.374291433248807,1.60500726512321,"NSC"
"186",1082,"a182",105,-1.85308248654775,0.0273961419949685,0.456257622727479,-0.0307341425334644,-0.601341693736181,-1.93879165293534,98.0370279906818,-0.494135891253151,6.96297200931812,"NSC"
"187",1097,"a182",104,-0.376031867746816,0.0273961419949685,0.736608692114243,0.146235033022122,0.965658194320875,0.499782463675052,106.095691970517,0.34319283808006,-2.09569197051698,"NSC"
"188",1163,"a182",108,0.749509108599087,0.0273961419949685,-0.665146654819577,-0.384672493644638,-0.0790083977171622,1.21103324768642,103.789651114847,0.103585594956376,4.21034888515277,"NSC"
"189",1176,"a182",98,0.66074404737307,0.0273961419949685,-0.104444516046049,-0.561641669200225,-0.0790083977171622,0.194960699098753,101.278317610436,-0.157352408842099,-3.27831761043567,"NSC"
"190",1183,"a182",115,-1.14296199673961,0.0273961419949685,0.456257622727479,-0.384672493644638,0.704491546311366,-1.22754086892398,100.325930267754,-0.256309417780053,14.6740697322458,"UGC"
"191",34,"a197",78,-0.260018787408779,-0.135610902875095,0.456257622727479,-0.738610844755811,-0.340175045726672,-2.14200616265287,94.9905132522113,-0.81068145280548,-16.9905132522113,"UPC"
"192",37,"a197",97,0.714999489673955,-0.135610902875095,0.736608692114243,1.03108091080006,-0.0790083977171622,-0.617897339771377,104.499891939634,0.177382572821108,-7.49989193963389,"UPC"
"193",77,"a197",95,1.48296004610469,-0.135610902875095,-1.2258487935931,0.677142559688883,-0.340175045726672,-1.83718439807657,99.9337114197894,-0.297062588579661,-4.93371141978943,"NSC"
"194",82,"a197",98,-0.264879299416936,-0.135610902875095,0.456257622727479,-0.384672493644638,-0.340175045726672,-0.00825381061877966,100.507816416112,-0.237410689917868,-2.50781641611192,"NSC"
"195",113,"a197",107,-0.095733555385655,-0.135610902875095,0.456257622727479,1.20805008635564,-0.0790083977171622,0.601389718533818,107.487777018328,0.487836268693884,-0.48777701832803,"EAC"
"196",138,"a197",98,0.158957162352776,-0.135610902875095,-0.384795585432813,0.146235033022122,0.965658194320875,-1.02432635920644,102.034336988305,-0.0787988487722549,-4.03433698830508,"NSC"
"197",169,"a197",106,0.222143790053978,-0.135610902875095,0.456257622727479,-0.0307341425334644,-1.64600828577422,-0.313075575195079,99.0552952744192,-0.388333682233532,6.94470472558078,"NSC"
"198",219,"a197",100,0.753883567986187,-0.135610902875095,0.456257622727479,0.323204208577709,0.965658194320875,1.61746226712148,108.213327668167,0.563224001104186,-8.21332766816677,"UPC"
"199",223,"a197",107,-0.310568089569742,-0.135610902875095,1.01695976150101,0.677142559688883,0.965658194320875,1.31264050254518,108.915280280247,0.636159799171493,-1.91528028024733,"NSC"
"200",231,"a197",100,-1.08630546308316,-0.135610902875095,-0.104444516046049,-0.207703318089051,-0.340175045726672,0.804604228251351,102.59801332511,-0.0202305312406087,-2.59801332510969,"NSC"
"201",249,"a197",101,-0.138506040463929,-0.135610902875095,-2.90795520991369,-2.50830260031168,0.182158250292347,-0.109861065477546,93.1275022894413,-1.00425604607472,7.87249771055863,"UGC"
"202",4016,"a40",101,-1.40925718041766,-0.135610902875095,0.736608692114243,-0.738610844755811,-0.601341693736181,-0.313075575195079,98.3601387079521,-0.460563342875053,2.63986129204788,"NSC"
"203",4060,"a40",110,-0.432841506931466,-0.135610902875095,1.01695976150101,0.323204208577709,1.22682484233038,0.906211483110117,107.308113558484,0.469168487419546,2.69188644151617,"NSC"
"204",4122,"a40",118,-1.61874272491106,-0.135610902875095,-0.104444516046049,0.677142559688883,0.443324898301856,-0.719504594630144,103.67786356189,0.0919704029212076,14.3221364381097,"UGC"
"205",4124,"a40",98,-2.06256803104115,-0.135610902875095,-0.104444516046049,-0.738610844755811,0.443324898301856,-0.516290084912611,99.3431348711927,-0.358425950080753,-1.34313487119276,"EAC"
"206",4158,"a40",101,-1.49802224164368,-0.135610902875095,1.01695976150101,0.146235033022122,-0.601341693736181,0.702996973392584,103.45889706584,0.0692188725976647,-2.45889706583987,"NSC"
"207",1007,"a182",102,1.07616453391083,-0.135610902875095,0.736608692114243,0.146235033022122,0.182158250292347,1.82067677683901,106.894090401296,0.426149758137634,-4.89409040129624,"NSC"
"208",1035,"a182",105,-0.876666813061554,-0.135610902875095,-0.104444516046049,-0.915580020311398,0.704491546311366,-0.82111184948891,98.5474844587546,-0.441097339594857,6.45251554124532,"NSC"
"209",1092,"a182",108,-0.699136690609519,-0.135610902875095,-1.78655093236663,-0.561641669200225,-0.0790083977171622,0.0933534442399866,99.9417233538512,-0.296230115283306,8.05827664614873,"UGC"
"210",1094,"a182",104,-0.0493764424350709,-0.135610902875095,0.736608692114243,0.500173384133296,-0.0790083977171622,-0.414682830053845,103.126548105897,0.0346864323543909,0.873451894103137,"EAC"
"211",1098,"a182",107,-0.344076445705449,-0.135610902875095,1.01695976150101,0.677142559688883,0.704491546311366,-0.00825381061877966,105.828688563599,0.315450072777804,1.17131143640105,"EAC"
"212",1174,"a182",98,-0.287266806520799,-0.135610902875095,0.175906553340715,-0.384672493644638,0.182158250292347,-0.00825381061877966,101.244718707079,-0.160843474746436,-3.24471870707913,"NSC"
"213",1180,"a182",92,-0.493201748565159,-0.135610902875095,-0.945497724206341,0.146235033022122,-0.340175045726672,-0.516290084912611,100.890359523077,-0.197662868880609,-8.8903595230766,"UPC"
"214",1189,"a182",100,0.571978986147052,-0.135610902875095,0.736608692114243,-0.207703318089051,-0.86250834174569,0.702996973392584,101.815358132872,-0.101551663287062,-1.81535813287231,"NSC"
"215",1209,"a182",109,-1.7962728473631,-0.135610902875095,0.175906553340715,0.146235033022122,1.22682484233038,0.398175208816285,105.453440475276,0.276460234540808,3.54655952472389,"NSC"
"216",54,"a197",105,1.29826067145863,-0.298617947745158,1.01695976150101,0.677142559688883,-0.0790083977171622,-0.313075575195079,103.328630866625,0.0556836723043829,1.67136913337459,"NSC"
"217",73,"a197",100,0.741246242445946,-0.298617947745158,0.736608692114243,0.500173384133296,-0.86250834174569,0.702996973392584,103.506160353299,0.0741297248842895,-3.5061603532993,"NSC"
"218",120,"a197",95,0.598347251186656,-0.298617947745158,-0.104444516046049,0.323204208577709,-0.340175045726672,0.194960699098753,102.472663687591,-0.0332548803099584,-7.47266368759092,"UPC"
"219",158,"a197",103,0.28533041775518,-0.298617947745158,-0.384795585432813,-0.0307341425334644,0.443324898301856,0.296567953957519,102.632136914767,-0.016684948245776,0.367863085233054,"EAC"
"220",163,"a197",95,0.626538210892273,-0.298617947745158,-3.18830627930045,-1.80042589808933,-0.86250834174569,-1.83718439807657,89.6256185452319,-1.36811634266342,5.37438145476801,"NSC"
"221",165,"a197",117,1.4304665405607,-0.298617947745158,0.456257622727479,0.854111735244469,1.22682484233038,0.906211483110117,108.277000751538,0.56983989948702,8.72299924846194,"UGC"
"222",226,"a197",95,0.581821518880374,-0.298617947745158,0.456257622727479,0.854111735244469,-0.86250834174569,0.499782463675052,104.205363926566,0.146779886376816,-9.20536392656646,"UPC"
"223",233,"a197",105,0.558491071182915,-0.298617947745158,0.456257622727479,0.854111735244469,-0.340175045726672,-0.211468320336312,103.570919958989,0.0808585174583453,1.42908004101094,"EAC"
"224",243,"a197",107,-0.4418018569803,-0.298617947745158,-0.104444516046049,-0.207703318089051,0.704491546311366,0.499782463675052,102.922253755553,0.0134593990383122,4.07774624444657,"NSC"
"225",4010,"a40",96,-0.610371629383501,-0.298617947745158,0.456257622727479,0.323204208577709,0.182158250292347,-0.211468320336312,102.590858015862,-0.0209739976533199,-6.59085801586203,"NSC"
"226",4012,"a40",98,-2.06256803104115,-0.298617947745158,-2.90795520991369,-3.5701176536452,-0.86250834174569,-0.922719104347676,85.600281649575,-1.78636560040793,12.3997183504249,"UGC"
"227",4030,"a40",103,-1.05419693551359,-0.298617947745158,0.456257622727479,-0.0307341425334644,-0.601341693736181,-0.922719104347676,98.7425786111558,-0.42082624513811,4.25742138884414,"NSC"
"228",4048,"a40",86,-0.581966809791176,-0.298617947745158,0.456257622727479,-0.561641669200225,0.443324898301856,-0.516290084912611,99.4127324601248,-0.351194470911135,-13.4127324601248,"UPC"
"229",4052,"a40",98,-0.0777812620273959,-0.298617947745158,0.175906553340715,-0.561641669200225,0.182158250292347,-0.109861065477546,99.7652199722654,-0.3145695512737,-1.76521997226545,"NSC"
"230",4076,"a40",118,-0.553561990198851,-0.298617947745158,0.456257622727479,0.323204208577709,-0.86250834174569,-1.12593361406521,99.1157271964368,-0.382054554005725,18.8842728035631,"UGC"
"231",4123,"a40",84,-1.29208729959932,-0.298617947745158,-0.665146654819577,-0.561641669200225,0.704491546311366,-0.313075575195079,99.9332749348934,-0.297107941177097,-15.9332749348934,"UPC"
"232",4142,"a40",91,-1.26368248000699,-0.298617947745158,0.456257622727479,0.677142559688883,-0.601341693736181,-0.00825381061877966,102.968523114228,0.0182669779872256,-11.9685231142277,"UPC"
"233",4148,"a40",99,-0.876666813061554,-0.298617947745158,0.456257622727479,0.854111735244469,0.704491546311366,0.398175208816285,106.414222403684,0.376289475875791,-7.41422240368451,"UPC"
"234",1013,"a182",105,0.632339227780745,-0.298617947745158,0.175906553340715,0.677142559688883,0.965658194320875,0.194960699098753,105.755368805901,0.30783184478098,-0.755368805901075,"EAC"
"235",1038,"a182",112,0.245323560835307,-0.298617947745158,-0.104444516046049,0.677142559688883,0.443324898301856,1.10942599282765,106.725941452257,0.408678382461707,5.27405854774302,"NSC"
"236",1100,"a182",108,-0.642327051424869,-0.298617947745158,-0.104444516046049,-1.62345672253375,-0.0790083977171622,-0.617897339771377,94.6939126830781,-0.841499486451408,13.3060873169218,"UGC"
"237",1119,"a182",101,-0.287266806520799,-0.298617947745158,-1.2258487935931,-1.09254919586698,0.704491546311366,-0.617897339771377,97.40028037102,-0.560296619211467,3.5997196289799,"NSC"
"238",1160,"a182",95,0.188513921650657,-0.298617947745158,-1.78655093236663,-1.26951837142257,1.22682484233038,1.21103324768642,101.18927101057,-0.166604721198574,-6.1892710105696,"NSC"
"239",1161,"a182",100,0.600383805739377,-0.298617947745158,0.736608692114243,-1.09254919586698,0.443324898301856,-0.313075575195079,98.1303164907504,-0.484442827809966,1.86968350924951,"NSC"
"240",68,"a197",100,1.01926740433123,-0.461624992615221,0.736608692114243,0.500173384133296,0.443324898301856,-0.109861065477546,103.20042559869,0.0423626113490169,-3.20042559868997,"NSC"
"241",70,"a197",90,1.77459063877233,-0.461624992615221,0.456257622727479,0.146235033022122,-0.601341693736181,-0.719504594630144,99.0924062666902,-0.384477695672944,-9.09240626669019,"UPC"
"242",141,"a197",100,-0.997844184301479,-0.461624992615221,0.456257622727479,-0.384672493644638,-0.340175045726672,-2.85325694666424,93.3607824848132,-0.980017262815091,6.63921751518672,"NSC"
"243",178,"a197",125,-1.37113134035963,-0.461624992615221,0.736608692114243,0.854111735244469,0.182158250292347,-0.211468320336312,103.752508415962,0.0997263139466224,21.2474915840378,"UGC"
"244",202,"a197",80,1.04454205541172,-0.461624992615221,-2.34725307114016,-1.97739507364492,-0.340175045726672,-0.211468320336312,92.6818192356896,-1.05056437038469,-12.6818192356896,"UPC"
"245",234,"a197",116,0.0967426363430852,-0.461624992615221,0.736608692114243,0.146235033022122,-1.64600828577422,-0.617897339771377,97.7360583355788,-0.525407891116386,18.2639416644212,"UGC"
"246",241,"a197",107,1.21271569775148,-0.461624992615221,0.175906553340715,-0.384672493644638,-0.601341693736181,0.702996973392584,100.123643489432,-0.277327856007147,6.87635651056757,"NSC"
"247",248,"a197",93,1.29242805775897,-0.461624992615221,-1.50619986297987,-1.62345672253375,-1.64600828577422,-0.211468320336312,92.0634058336204,-1.11482009682432,0.936594166379572,"EAC"
"248",252,"a197",93,1.53739775503169,-0.461624992615221,-2.62760414052692,-0.738610844755811,0.443324898301856,-0.00825381061877966,98.3911245554806,-0.457343784347322,-5.39112455548069,"NSC"
"249",4056,"a40",95,-0.432841506931466,-0.461624992615221,0.456257622727479,0.146235033022122,0.443324898301856,-0.516290084912611,101.103344259973,-0.175532868230495,-6.10334425997296,"NSC"
"250",4078,"a40",90,-2.17973791185949,-0.461624992615221,-0.104444516046049,-0.561641669200225,-1.90717493378373,-0.414682830053845,95.1331463585701,-0.795861279386278,-5.13314635857008,"NSC"
"251",4084,"a40",108,-0.553561990198851,-0.461624992615221,1.01695976150101,0.323204208577709,0.965658194320875,-0.00825381061877966,103.681100219453,0.0923067051136506,4.31889978054661,"NSC"
"252",1127,"a182",113,-0.315671626113124,-0.461624992615221,1.01695976150101,0.323204208577709,0.443324898301856,0.804604228251351,104.52383847757,0.179870717783173,8.47616152242947,"UGC"
"253",23,"a197",94,-1.16698992833276,-0.624632037485284,-1.78655093236663,-0.384672493644638,-0.340175045726672,-0.109861065477546,97.6658420306574,-0.532703657452526,-3.66584203065742,"NSC"
"254",33,"a197",75,-0.312512292952762,-0.624632037485284,-1.2258487935931,-0.915580020311398,-0.340175045726672,-1.32914812378274,93.5651280339882,-0.958784909727324,-18.5651280339882,"UPC"
"255",62,"a197",96,-0.517625810221742,-0.624632037485284,-0.104444516046049,-1.09254919586698,-0.86250834174569,-0.211468320336312,94.7196872774403,-0.838821398817977,1.28031272255964,"EAC"
"256",69,"a197",95,-0.0675425992306429,-0.624632037485284,-0.104444516046049,-0.207703318089051,-0.601341693736181,-1.63396988835904,95.2054544561452,-0.788348167086949,-0.205454456145198,"EAC"
"257",95,"a197",95,1.20688308760242,-0.624632037485284,0.456257622727479,0.500173384133296,0.443324898301856,-0.414682830053845,101.828547807013,-0.100181201245695,-6.82854780701296,"NSC"
"258",98,"a197",93,0.801516565072616,-0.624632037485284,-0.104444516046049,-1.09254919586698,-1.1236749897552,-1.22754086892398,92.2646809930764,-1.09390677000795,0.735319006923577,"EAC"
"259",119,"a197",95,0.0111976626359346,-0.624632037485284,-0.665146654819577,-0.207703318089051,-0.340175045726672,-1.53236263350027,95.6722362104321,-0.739847599974206,-0.67223621043216,"EAC"
"260",201,"a197",100,1.05134677080289,-0.624632037485284,-0.945497724206341,-0.561641669200225,-1.38484163776471,-1.93879165293534,91.979441314803,-1.12354435980717,8.02055868519697,"UGC"
"261",204,"a197",95,0.812209687229836,-0.624632037485284,-2.0669020017534,-1.44648754697816,-0.601341693736181,-1.12593361406521,91.587253844915,-1.16429427029399,3.41274615508492,"NSC"
"262",217,"a197",97,1.18063633127983,-0.624632037485284,-0.945497724206341,-1.44648754697816,-1.1236749897552,-1.22754086892398,90.8649280813982,-1.2393469235928,6.13507191860174,"NSC"
"263",261,"a197",94,1.76681382168964,-0.624632037485284,0.175906553340715,-0.0307341425334644,-0.340175045726672,-1.53236263350027,96.4992876980779,-0.653913508048248,-2.49928769807791,"NSC"
"264",4022,"a40",101,-1.61874272491106,-0.624632037485284,0.456257622727479,-0.207703318089051,-1.64600828577422,-0.313075575195079,96.3980177748718,-0.664435874575753,4.60198222512817,"NSC"
"265",4023,"a40",98,-2.1193776702258,-0.624632037485284,-1.2258487935931,-0.915580020311398,-2.16834158179324,-0.922719104347676,91.5393779111413,-1.16926877908263,6.46062208885865,"NSC"
"266",4065,"a40",112,-1.64714754450339,-0.624632037485284,1.01695976150101,0.677142559688883,0.443324898301856,1.51585501226271,106.45854764785,0.380895053235387,5.54145235215044,"NSC"
"267",4091,"a40",91,-1.32049211919164,-0.624632037485284,0.456257622727479,-0.384672493644638,0.182158250292347,-0.617897339771377,98.0228883548143,-0.495605058271876,-7.02288835481439,"NSC"
"268",4157,"a40",88,-1.94184754777377,-0.624632037485284,-0.384795585432813,-1.26951837142257,0.443324898301856,-1.32914812378274,93.7959856314652,-0.934797844472331,-5.79598563146526,"NSC"
"269",4161,"a40",107,-0.432841506931466,-0.624632037485284,0.175906553340715,0.323204208577709,-0.340175045726672,0.296567953957519,101.377043860094,-0.147094340583516,5.62295613990615,"NSC"
"270",1168,"a182",84,0.128153680016964,-0.624632037485284,-0.665146654819577,-1.26951837142257,-0.340175045726672,-1.63396988835904,91.9097776642591,-1.13078270305322,-7.90977766425912,"UPC"
"271",1206,"a182",99,-1.5867873028697,-0.624632037485284,0.175906553340715,-0.915580020311398,-0.340175045726672,-0.313075575195079,95.9783579530737,-0.708040276771662,3.02164204692628,"NSC"
"272",18,"a197",95,0.688752736901964,-0.787639082355347,0.456257622727479,-0.384672493644638,1.48799149033989,-0.00825381061877966,100.621242455821,-0.225625252289465,-5.62124245582066,"NSC"
"273",21,"a197",90,-0.049072659990736,-0.787639082355347,-0.104444516046049,0.146235033022122,-0.0790083977171622,-0.516290084912611,98.7876269360227,-0.416145536683988,-8.7876269360227,"UPC"
"274",81,"a197",95,-0.196832159707578,-0.787639082355347,-0.665146654819577,-1.62345672253375,-1.38484163776471,-1.63396988835904,88.4193336831054,-1.49345436064576,6.58066631689452,"NSC"
"275",91,"a197",93,0.708194774282778,-0.787639082355347,-0.384795585432813,-0.0307341425334644,-0.0790083977171622,-0.414682830053845,98.3356452288695,-0.463108317298666,-5.33564522886954,"NSC"
"276",190,"a197",108,0.612928780109918,-0.787639082355347,0.456257622727479,-0.0307341425334644,0.443324898301856,0.296567953957519,100.805814134027,-0.206447486698244,7.19418586597265,"NSC"
"277",264,"a197",96,-1.20490190495348,-0.787639082355347,-1.2258487935931,-1.26951837142257,-0.0790083977171622,-0.719504594630144,93.3310089787168,-0.98311085402201,2.66899102128318,"NSC"
"278",4004,"a40",114,-2.03061260899978,-0.787639082355347,-0.665146654819577,-0.561641669200225,-0.86250834174569,-0.719504594630144,94.625325939273,-0.848625934604997,19.374674060727,"UGC"
"279",4134,"a40",94,-1.35244754123301,-0.787639082355347,0.456257622727479,-0.207703318089051,0.704491546311366,-0.313075575195079,99.3615742008504,-0.356510026981015,-5.36157420085041,"NSC"
"280",1020,"a182",89,-0.642327051424869,-0.787639082355347,-1.78655093236663,-1.44648754697816,-0.340175045726672,-0.82111184948891,91.9873125010027,-1.12272651079951,-2.98731250100273,"NSC"
"281",1054,"a182",89,-0.521606568157484,-0.787639082355347,-0.945497724206341,-0.915580020311398,-0.340175045726672,-1.63396988835904,92.3345470781468,-1.08664739297202,-3.33454707814683,"NSC"
"282",1087,"a182",90,-1.2033222383733,-0.787639082355347,-1.2258487935931,-1.09254919586698,-1.38484163776471,0.296567953957519,93.9624715607457,-0.917499263471169,-3.96247156074577,"NSC"
"283",1095,"a182",86,-0.493201748565159,-0.787639082355347,-0.665146654819577,-0.915580020311398,-0.340175045726672,-0.211468320336312,95.2950612582396,-0.77903764738727,-9.29506125823963,"UPC"
"284",1188,"a182",99,-1.5867873028697,-0.787639082355347,-1.50619986297987,-1.26951837142257,1.22682484233038,-0.109861065477546,96.5165641303421,-0.652118414827904,2.48343586965782,"NSC"
"285",17,"a197",101,-0.253214075568206,-0.95064612722541,-0.384795585432813,-1.62345672253375,0.965658194320875,-2.954864201523,88.7709070597956,-1.45692442348645,12.2290929402044,"UGC"
"286",32,"a197",87,-0.0412958464586513,-0.95064612722541,-0.384795585432813,-1.26951837142257,-1.64600828577422,-0.719504594630144,90.4483375284883,-1.2826324159763,-3.44833752848828,"NSC"
"287",43,"a197",86,-0.370838412196411,-0.95064612722541,-0.384795585432813,-0.738610844755811,-1.1236749897552,-1.43075537864151,91.5896478452863,-1.16404552369109,-5.58964784528633,"NSC"
"288",90,"a197",95,0.220199586670957,-0.95064612722541,-1.78655093236663,-0.384672493644638,0.182158250292347,-0.617897339771377,96.0926041790833,-0.696169618372808,-1.09260417908335,"EAC"
"289",114,"a197",104,-0.186139037550358,-0.95064612722541,-0.104444516046049,-0.738610844755811,0.182158250292347,-0.617897339771377,95.3381384648881,-0.774561746320234,8.66186153511186,"UGC"
"290",180,"a197",86,-0.33292643557569,-0.95064612722541,-0.665146654819577,-1.62345672253375,-0.601341693736181,0.0933534442399866,92.4566927315899,-1.07395595118378,-6.4566927315899,"NSC"
"291",183,"a197",111,0.908447779543603,-0.95064612722541,1.01695976150101,0.323204208577709,-0.0790083977171622,-1.83718439807657,96.315870525294,-0.672971315720754,14.684129474706,"UGC"
"292",232,"a197",103,0.10451944987517,-0.95064612722541,-0.104444516046049,-0.561641669200225,-0.0790083977171622,0.804604228251351,98.4166725883365,-0.454689237397393,4.58332741166345,"NSC"
"293",236,"a197",92,0.0150860694019769,-0.95064612722541,-0.665146654819577,-0.207703318089051,0.443324898301856,-1.02432635920644,96.5533980911761,-0.648291212986678,-4.55339809117616,"NSC"
"294",242,"a197",87,0.0675795749459588,-0.95064612722541,0.456257622727479,-1.26951837142257,-0.0790083977171622,0.296567953957519,95.1585091264213,-0.793225982241443,-8.15850912642133,"UPC"
"295",254,"a197",92,1.62294272873884,-0.95064612722541,-0.945497724206341,-1.97739507364492,-1.38484163776471,-0.313075575195079,89.1773737837333,-1.41469083907065,2.82262621626665,"NSC"
"296",4036,"a40",80,-0.908622235102922,-0.95064612722541,-0.384795585432813,-1.44648754697816,-0.86250834174569,-1.22754086892398,90.0303819293812,-1.32605974234128,-10.0303819293813,"UPC"
"297",4125,"a40",77,-0.553561990198851,-0.95064612722541,0.175906553340715,-0.561641669200225,-0.601341693736181,-1.83718439807657,92.3104249232449,-1.08915378526773,-15.310424923245,"UPC"
"298",4151,"a40",86,-1.64714754450339,-0.95064612722541,-0.104444516046049,-1.09254919586698,-2.16834158179324,-1.12593361406521,89.4638616190099,-1.38492356056371,-3.46386161900993,"NSC"
"299",4156,"a40",105,-0.876666813061554,-0.95064612722541,0.175906553340715,0.146235033022122,0.443324898301856,0.0933534442399866,100.217229028025,-0.26760392902501,4.78277097197522,"NSC"
"300",1154,"a182",87,0.277278982876674,-0.95064612722541,-2.90795520991369,-2.50830260031168,-0.86250834174569,-0.82111184948891,86.6566455322602,-1.6766049961917,0.343354467739801,"EAC"
"301",35,"a197",93,0.500164951939266,-1.11365317209547,-4.87041269562104,-2.86224095142285,-3.21300817383127,-2.24361341751164,77.7518995578893,-2.60184516632566,15.2481004421107,"UGC"
"302",66,"a197",94,1.77361853353022,-1.11365317209547,-0.104444516046049,-0.384672493644638,-0.86250834174569,-1.22754086892398,93.0032314000488,-1.01716830872378,0.996768599951141,"EAC"
"303",166,"a197",91,1.51212310395121,-1.11365317209547,-3.74900841807398,-2.33133342475609,-0.340175045726672,-0.414682830053845,87.9960025117047,-1.5374402313463,3.00399748829526,"NSC"
"304",167,"a197",104,1.70459929567995,-1.11365317209547,-0.384795585432813,0.323204208577709,0.443324898301856,-1.32914812378274,97.1194156257856,-0.589479635258562,6.88058437421438,"NSC"
"305",181,"a197",100,-0.965764817829822,-1.11365317209547,-0.665146654819577,-0.561641669200225,-2.42950822980275,0.194960699098753,92.6982123136935,-1.04886106134869,7.30178768630643,"NSC"
"306",4026,"a40",77,-1.02579211592126,-1.11365317209547,-1.2258487935931,-1.44648754697816,-0.86250834174569,0.702996973392584,93.0484242572103,-1.01247258276267,-16.0484242572103,"UPC"
"307",4085,"a40",96,-0.642327051424869,-1.11365317209547,-0.384795585432813,-0.915580020311398,-0.86250834174569,-0.516290084912611,92.5730793766245,-1.06186289433936,3.4269206233754,"NSC"
"308",4088,"a40",85,-1.35244754123301,-1.11365317209547,0.175906553340715,-0.207703318089051,-0.86250834174569,-0.617897339771377,94.8766796509331,-0.822509237777304,-9.87667965093316,"UPC"
"309",4114,"a40",102,-0.787901751835537,-1.11365317209547,-0.384795585432813,-0.738610844755811,-0.86250834174569,0.194960699098753,94.6084471834575,-0.850379707587101,7.39155281654248,"UGC"
"310",4159,"a40",87,-0.965431874287572,-1.11365317209547,0.456257622727479,-0.738610844755811,-0.86250834174569,-1.02432635920644,92.349149503019,-1.08513014024948,-5.34914950301906,"NSC"
"311",4165,"a40",91,-1.29208729959932,-1.11365317209547,0.456257622727479,-0.384672493644638,-0.340175045726672,-0.719504594630144,94.9602626159806,-0.813824619819266,-3.9602626159806,"NSC"
"312",1004,"a182",93,-0.937027054695247,-1.11365317209547,-0.384795585432813,-0.738610844755811,0.704491546311366,-0.82111184948891,94.9732915757366,-0.812470856671383,-1.97329157573668,"NSC"
"313",1178,"a182",93,0.987399472684815,-1.11365317209547,-0.104444516046049,-1.09254919586698,-1.64600828577422,-0.109861065477546,91.6787343190576,-1.1547890682699,1.32126568094238,"EAC"
"314",1210,"a182",88,-1.38085236082533,-1.11365317209547,-1.78655093236663,-1.62345672253375,-0.86250834174569,0.194960699098753,91.2758078934233,-1.19665480095653,-3.2758078934233,"NSC"
"315",72,"a197",95,0.508913870713464,-1.27666021696554,-0.665146654819577,-0.915580020311398,-0.340175045726672,-0.719504594630144,92.2262150776321,-1.09790353872572,2.7737849223679,"NSC"
"316",99,"a197",84,1.41782921502046,-1.27666021696554,0.456257622727479,-0.915580020311398,-1.90717493378373,-2.24361341751164,87.0020018791145,-1.64072103430891,-3.00200187911448,"NSC"
"317",108,"a197",95,0.693613245359516,-1.27666021696554,-0.665146654819577,-2.50830260031168,-0.340175045726672,-1.63396988835904,85.0356209283743,-1.84503619957554,9.96437907162563,"UGC"
"318",115,"a197",79,0.793739747989929,-1.27666021696554,-2.62760414052692,-3.03921012697844,-0.86250834174569,-1.32914812378274,82.5594127411617,-2.10232453671821,-3.55941274116171,"NSC"
"319",123,"a197",108,0.562379477948957,-1.27666021696554,0.736608692114243,0.500173384133296,0.443324898301856,0.398175208816285,100.815784117461,-0.205411563922296,7.18421588253848,"NSC"
"320",224,"a197",79,0.705278469208246,-1.27666021696554,-0.104444516046049,-1.26951837142257,-2.16834158179324,-0.719504594630144,88.3536210962079,-1.50028217193382,-9.35362109620789,"UPC"
"321",263,"a197",103,-1.20490190495348,-1.27666021696554,0.456257622727479,-1.09254919586698,-0.86250834174569,-0.82111184948891,90.8913208801652,-1.23660460194862,12.1086791198348,"UGC"
"322",4042,"a40",96,-0.731092112650887,-1.27666021696554,-0.384795585432813,-1.62345672253375,-1.90717493378373,1.00781873796888,90.9930903297844,-1.22603033254766,5.0069096702156,"NSC"
"323",4132,"a40",95,-1.44121260245903,-1.27666021696554,0.175906553340715,-0.207703318089051,0.965658194320875,-0.211468320336312,97.8523051965266,-0.513329358420399,-2.85230519652666,"NSC"
"324",1120,"a182",100,0.838274169825105,-1.27666021696554,0.736608692114243,-0.207703318089051,-0.340175045726672,-0.414682830053845,95.5822769095095,-0.749194745769303,4.41772309049044,"NSC"
"325",22,"a197",74,-0.811200606272405,-1.4396672618356,-2.0669020017534,-1.44648754697816,-3.21300817383127,-1.83718439807657,82.6682059044873,-2.09102047422899,-8.66820590448737,"UPC"
"326",41,"a197",111,1.0610677912686,-1.4396672618356,0.456257622727479,0.146235033022122,-0.0790083977171622,-0.516290084912611,96.2138483246226,-0.683571847008031,14.7861516753773,"UGC"
"327",75,"a197",93,-0.577896132848413,-1.4396672618356,0.456257622727479,-0.561641669200225,-0.0790083977171622,-1.83718439807657,91.1453652871462,-1.21020833067786,1.85463471285371,"NSC"
"328",80,"a197",77,0.192980728656853,-1.4396672618356,-3.46865734868722,-2.50830260031168,-1.38484163776471,1.00781873796888,87.3669582774029,-1.60280054550263,-10.3669582774029,"UPC"
"329",171,"a197",86,0.697501652125559,-1.4396672618356,-1.50619986297987,-2.15436424920051,-1.64600828577422,-0.82111184948891,84.9475554574004,-1.85418656855645,1.05244454259952,"EAC"
"330",228,"a197",115,0.286302519446691,-1.4396672618356,0.175906553340715,-0.0307341425334644,0.704491546311366,-0.516290084912611,96.7555734226577,-0.627284354550143,18.2444265773422,"UGC"
"331",4055,"a40",86,-0.848261993469229,-1.4396672618356,-0.665146654819577,-1.09254919586698,-0.86250834174569,-0.414682830053845,90.7473310721897,-1.25156574231268,-4.74733107218971,"NSC"
"332",1096,"a182",89,-0.581966809791176,-1.4396672618356,-0.104444516046049,-1.44648754697816,-0.86250834174569,-0.211468320336312,90.121661496187,-1.31657541542569,-1.12166149618707,"EAC"
"333",39,"a197",83,-0.708157798567461,-1.60267430670566,-5.1507637650078,-4.27799435586755,-1.1236749897552,-0.922719104347676,76.797903676427,-2.70096930913801,6.20209632357295,"NSC"
"334",42,"a197",85,0.385456920385592,-1.60267430670566,0.175906553340715,-0.738610844755811,0.443324898301856,-1.22754086892398,91.8539684980529,-1.13658150771135,-6.85396849805293,"NSC"
"335",227,"a197",105,1.07078881173431,-1.60267430670566,-1.2258487935931,-0.207703318089051,0.704491546311366,0.499782463675052,97.1878168672117,-0.582372461574252,7.81218313278823,"UGC"
"336",4045,"a40",98,-1.40925718041766,-1.60267430670566,-0.384795585432813,-1.26951837142257,-1.64600828577422,-0.922719104347676,87.2935521047825,-1.61042775236958,10.7064478952175,"UGC"
"337",4130,"a40",88,-1.44121260245903,-1.60267430670566,-0.384795585432813,-0.915580020311398,-1.1236749897552,0.194960699098753,91.5575781425747,-1.16737769928357,-3.55757814257475,"NSC"
"338",1040,"a182",85,1.13297417309548,-1.60267430670566,-1.78655093236663,-0.915580020311398,-1.38484163776471,-1.63396988835904,87.1016918473748,-1.63036283167636,-2.10169184737485,"NSC"
"339",15,"a197",87,-0.290153950497416,-1.76568135157573,0.736608692114243,-0.207703318089051,-1.1236749897552,-2.04039890779411,89.0099079111708,-1.43209124025754,-2.0099079111708,"NSC"
"340",40,"a197",84,-1.2875305700355,-1.76568135157573,-1.2258487935931,-1.09254919586698,-1.64600828577422,-1.53236263350027,85.7500895936342,-1.7707999314885,-1.75008959363421,"NSC"
"341",45,"a197",97,0.603207763194813,-1.76568135157573,-0.104444516046049,-0.915580020311398,0.704491546311366,-2.14200616265287,89.0567161951885,-1.42722766472232,7.94328380481142,"UGC"
"342",155,"a197",92,0.173538691276038,-1.76568135157573,-2.62760414052692,-2.15436424920051,-3.73534146985029,-1.93879165293534,77.780371999805,-2.59888676110242,14.219628000195,"UGC"
"343",240,"a197",80,0.380596411928039,-1.76568135157573,-0.665146654819577,-0.384672493644638,-1.1236749897552,-0.414682830053845,91.3610015192281,-1.18780282864189,-11.3610015192282,"UPC"
"344",25,"a197",90,-0.884108254439316,-1.92868839644579,-0.104444516046049,-1.26951837142257,-2.16834158179324,-1.73557714321781,83.5466154805971,-1.99975006314863,6.4533845194029,"NSC"
"345",84,"a197",95,0.349489147147892,-1.92868839644579,-2.62760414052692,-1.80042589808933,-2.16834158179324,-1.53236263350027,81.5394474784263,-2.20830317282306,13.4605525215736,"UGC"
"346",210,"a197",77,1.48101584272167,-1.92868839644579,-5.43111483439456,-4.27799435586755,-3.9965081178598,-2.44682792722917,67.8344211571546,-3.63231245076089,9.16557884284537,"UGC"
"347",244,"a197",65,-0.210441586939329,-1.92868839644579,-3.18830627930045,-1.97739507364492,-2.16834158179324,-2.3452206723704,79.1460967141974,-2.45698227884795,-14.1460967141975,"UPC"
"348",4011,"a40",105,-0.670731871017194,-1.92868839644579,-0.104444516046049,-0.207703318089051,-0.86250834174569,-0.719504594630144,91.1926836554273,-1.20529175526461,13.8073163445727,"UGC"
"349",4070,"a40",83,-0.937027054695247,-1.92868839644579,-1.2258487935931,-0.561641669200225,-0.0790083977171622,-0.313075575195079,91.7538252004263,-1.14698681315189,-8.75382520042634,"UPC"
"350",20,"a197",90,0.0607748631053844,-2.09169544131585,-0.665146654819577,-0.738610844755811,-0.340175045726672,-0.922719104347676,88.9906783762816,-1.43408926896983,1.0093216237184,"EAC"
"351",47,"a197",92,-0.157948081395346,-2.09169544131585,-0.104444516046049,-0.738610844755811,-0.86250834174569,-1.32914812378274,87.4989568699724,-1.58908534232919,4.50104313002761,"NSC"
"352",76,"a197",83,-0.623584926551821,-2.25470248618592,1.01695976150101,-1.09254919586698,-1.38484163776471,-2.3452206723704,83.0442568180434,-2.05194721910874,-0.0442568180434593,"EAC"
"353",86,"a197",88,0.616817190426563,-2.25470248618592,-0.104444516046049,-0.738610844755811,0.182158250292347,-0.313075575195079,90.5058849196574,-1.27665300250966,-2.50588491965749,"NSC"
"354",4121,"a40",104,-1.29208729959932,-2.25470248618592,0.456257622727479,0.146235033022122,0.704491546311366,1.00781873796888,97.088394623989,-0.592702846461057,6.91160537601092,"NSC"
"355",1099,"a182",83,-0.848261993469229,-2.25470248618592,-0.384795585432813,-1.62345672253375,-0.86250834174569,-0.313075575195079,85.8358200103615,-1.76189218436279,-2.83582001036151,"NSC"
"356",78,"a197",78,-0.0918451486196127,-2.41770953105598,-0.104444516046049,-1.44648754697816,-1.38484163776471,-2.6500424369467,80.2722952681269,-2.33996556162307,-2.27229526812696,"NSC"
"357",1059,"a182",80,-1.7359126057294,-2.58071657592604,-0.945497724206341,-1.62345672253375,-1.64600828577422,-2.54843518208794,78.5654151385213,-2.51731751147767,1.43458486147866,"EAC"
