"","subject","cohort","wj3.rcomp.ss","age","wasi.vocab.raw","wj3.watt.raw","wj3.wid.raw","wasi.matr.raw","Pred","stdPred","resid","CI_group"
"1",106,"a197",93,0.901813324556304,0.534801012494798,0.749873805073923,0.00746095028229932,-1.42469941761102,102.039614534135,-0.0797506768495042,-9.03961453413534,"UPC"
"2",225,"a197",126,-0.45994845351713,2.34454431412244,0.472272911911599,1.22096256972691,0.975682776515601,120.97135767708,1.91915704771178,5.02864232292033,"NSC"
"3",1118,"a182",136,0.70874613331255,2.34454431412244,1.02747469823625,1.04760519552054,1.24239190919634,120.837082993807,1.90497965793945,15.1629170061931,"UGC"
"4",1193,"a182",132,-0.157172197958377,2.34454431412244,0.472272911911599,1.22096256972691,2.04251930723854,123.394436561187,2.17499778367003,8.60556343881304,"UGC"
"5",27,"a197",122,1.28682396672492,2.18002219579266,1.02747469823625,1.22096256972691,0.975682776515601,119.954754379944,1.81181900873064,2.04524562005562,"NSC"
"6",28,"a197",123,0.848708406364687,2.18002219579266,0.749873805073923,1.22096256972691,0.175555378473395,118.117936546858,1.61787863422599,4.88206345314211,"NSC"
"7",4039,"a40",110,-0.3857746374139,2.18002219579266,0.472272911911599,1.04760519552054,0.975682776515601,119.529637792137,1.76693308223188,-9.52963779213687,"UPC"
"8",31,"a197",118,0.923624269450063,2.01550007746287,1.02747469823625,0.874247821314163,1.77581017455781,119.824384889833,1.79805394870089,-1.8243848898332,"NSC"
"9",4002,"a40",117,-0.3857746374139,2.01550007746287,1.02747469823625,1.22096256972691,0.975682776515601,119.512117989494,1.76508325421701,-2.51211798949366,"NSC"
"10",1126,"a182",135,1.28717957860153,2.01550007746287,1.02747469823625,1.04760519552054,0.175555378473395,116.664381030211,1.46440500380719,18.3356189697888,"UGC"
"11",14,"a197",114,0.856294824238825,1.85097795913309,0.749873805073923,1.04760519552054,0.175555378473395,115.905131947578,1.38423970446411,-1.90513194757848,"NSC"
"12",117,"a197",111,0.762412918199942,1.85097795913309,-0.0829288744130491,0.874247821314163,0.442264511154131,115.71573164552,1.36424187732477,-4.71573164551999,"NSC"
"13",129,"a197",118,0.884743885205414,1.85097795913309,0.472272911911599,0.70089044710779,0.975682776515601,116.416700776707,1.43825368914943,1.58329922329312,"NSC"
"14",136,"a197",122,1.15690658184531,1.85097795913309,0.749873805073923,1.04760519552054,0.975682776515601,117.707403443052,1.57453250459648,4.29259655694842,"NSC"
"15",173,"a197",117,1.50777834877581,1.85097795913309,1.02747469823625,1.22096256972691,1.24239190919634,118.961411391721,1.70693690900501,-1.96141139172105,"NSC"
"16",212,"a197",121,-0.27597785210827,1.85097795913309,1.02747469823625,1.22096256972691,0.442264511154131,117.462460511125,1.54867020998321,3.53753948887543,"NSC"
"17",1002,"a182",121,-0.299182804286807,1.85097795913309,0.472272911911599,1.04760519552054,1.77581017455781,119.806273645684,1.79614167334637,1.19372635431561,"EAC"
"18",1031,"a182",125,-0.070580364831284,1.85097795913309,0.194672018749275,1.22096256972691,0.975682776515601,118.474951914757,1.65557409477033,6.52504808524306,"NSC"
"19",1205,"a182",116,-0.0982897514319531,1.85097795913309,0.472272911911599,0.874247821314163,1.77581017455781,119.123340801499,1.72403422252731,-3.12334080149896,"NSC"
"20",56,"a197",126,-0.428654487146617,1.6864558408033,0.194672018749275,1.22096256972691,0.708973643834866,117.142229635687,1.51485863934643,8.85777036431294,"UGC"
"21",92,"a197",117,1.75907839885958,1.6864558408033,0.749873805073923,1.22096256972691,0.442264511154131,116.198897269897,1.4152569101993,0.801102730103059,"EAC"
"22",1012,"a182",117,1.80673057736408,1.6864558408033,0.472272911911599,1.04760519552054,0.975682776515601,116.727136613967,1.47103105087432,0.272863386033486,"EAC"
"23",125,"a197",114,0.833535574080085,1.52193372247351,0.749873805073923,1.22096256972691,0.708973643834866,116.224729173587,1.41798437123843,-2.22472917358653,"NSC"
"24",133,"a197",111,0.96060805355577,1.52193372247351,0.749873805073923,1.22096256972691,1.24239190919634,117.441241453875,1.54642979624398,-6.44124145387453,"NSC"
"25",146,"a197",115,0.482663807149583,1.52193372247351,-0.0829288744130491,1.04760519552054,0.975682776515601,116.087886343577,1.40353582374385,-1.08788634357738,"EAC"
"26",150,"a197",105,0.653358179876457,1.52193372247351,0.749873805073923,0.70089044710779,0.442264511154131,113.714784029315,1.1529718629222,-8.71478402931452,"UPC"
"27",221,"a197",108,-0.61167678675417,1.52193372247351,0.194672018749275,0.874247821314163,-0.62457201956881,112.005011299604,0.972445543139766,-4.00501129960431,"NSC"
"28",229,"a197",117,-0.294943895061777,1.52193372247351,1.02747469823625,1.04760519552054,1.24239190919634,117.118836367097,1.51238866154593,-0.118836367096792,"EAC"
"29",4167,"a40",102,-0.617840750194509,1.52193372247351,0.749873805073923,-0.165896423924073,-0.62457201956881,108.280519887767,0.579195191232365,-6.28051988776721,"NSC"
"30",1016,"a182",111,0.535562467058364,1.52193372247351,0.749873805073923,0.874247821314163,1.50910104187707,116.86572269917,1.485663659934,-5.86572269916954,"NSC"
"31",1,"a197",134,0.519647587791617,1.35741160414373,0.194672018749275,0.874247821314163,0.975682776515601,114.716439756399,1.25873166301569,19.2835602436015,"UGC"
"32",52,"a197",117,-0.61641829576071,1.35741160414373,0.194672018749275,0.874247821314163,0.975682776515601,114.948778692705,1.28326316500111,2.0512213072954,"NSC"
"33",94,"a197",102,0.78137896115345,1.35741160414373,0.472272911911599,0.874247821314163,0.442264511154131,113.483079975413,1.12850739498284,-11.4830799754127,"UPC"
"34",111,"a197",105,1.29915189360559,1.35741160414373,-0.0829288744130491,0.70089044710779,-1.15799028493028,108.882506126348,0.642755896302841,-3.88250612634797,"NSC"
"35",132,"a197",121,-0.25321860194953,1.35741160414373,0.194672018749275,1.22096256972691,0.975682776515601,116.158195719494,1.41095943780664,4.84180428050585,"NSC"
"36",172,"a197",110,1.48501909861707,1.35741160414373,0.749873805073923,0.70089044710779,0.975682776515601,114.002496997563,1.18335003097287,-4.00249699756309,"NSC"
"37",182,"a197",118,-0.787112671951257,1.35741160414373,0.749873805073923,1.04760519552054,0.975682776515601,115.75087053921,1.36795201671867,2.24912946078979,"NSC"
"38",189,"a197",129,1.08578392596516,1.35741160414373,1.02747469823625,0.874247821314163,0.975682776515601,114.788660650516,1.26635710468984,14.2113393494839,"UGC"
"39",207,"a197",114,1.22992584132807,1.35741160414373,0.472272911911599,1.22096256972691,2.04251930723854,118.402542815868,1.64792878149915,-4.40254281586816,"NSC"
"40",239,"a197",109,0.131792040219081,1.35741160414373,0.749873805073923,1.04760519552054,-0.0911537542073399,113.077943419488,1.0857310597545,-4.07794341948822,"NSC"
"41",250,"a197",113,-0.300633705869626,1.35741160414373,0.749873805073923,1.04760519552054,-0.0911537542073399,113.16637960909,1.09506859308096,-0.166379609089713,"EAC"
"42",251,"a197",117,-1.22238332344389,1.35741160414373,-0.0829288744130491,-0.165896423924073,0.708973643834866,110.537701168064,0.817519631979992,6.46229883193623,"NSC"
"43",253,"a197",117,1.15975148724923,1.35741160414373,0.472272911911599,1.04760519552054,0.975682776515601,115.290046252261,1.3192958935137,1.70995374773888,"NSC"
"44",1011,"a182",107,1.83443996396475,1.35741160414373,0.472272911911599,1.04760519552054,-0.0911537542073399,112.667064246811,1.0423483904501,-5.66706424681087,"NSC"
"45",1044,"a182",115,-1.07850930243064,1.35741160414373,0.749873805073923,0.527533072901418,-0.0911537542073399,111.399920884428,0.908557083645011,3.60007911557159,"NSC"
"46",1093,"a182",121,-0.212590971159715,1.35741160414373,0.749873805073923,1.22096256972691,0.708973643834866,115.65397182299,1.35772096768684,5.3460281770104,"NSC"
"47",1147,"a182",123,0.739919193238304,1.35741160414373,0.749873805073923,1.04760519552054,1.24239190919634,116.059824480574,1.40057291249479,6.94017551942574,"NSC"
"48",1169,"a182",129,0.999694692619582,1.35741160414373,1.02747469823625,0.874247821314163,0.975682776515601,114.806266918949,1.26821606219338,14.1937330810513,"UGC"
"49",2,"a197",104,1.55140024549067,1.19288948581394,-0.0829288744130491,0.354175698695045,0.708973643834866,111.111270433189,0.878079931471279,-7.11127043318854,"NSC"
"50",46,"a197",113,1.3152730276915,1.19288948581394,-0.360529767575373,0.70089044710779,0.708973643834866,112.38058942103,1.01210095164736,0.619410578969871,"EAC"
"51",127,"a197",115,0.256967912628476,1.19288948581394,0.472272911911599,1.22096256972691,1.50910104187707,116.574321507861,1.45489607092461,-1.57432150786075,"NSC"
"52",130,"a197",106,0.152654683311532,1.19288948581394,0.472272911911599,0.354175698695045,-0.0911537542073399,109.658915303922,0.724733043930271,-3.65891530392239,"NSC"
"53",208,"a197",110,1.28397905785732,1.19288948581394,-0.638130660737697,0.874247821314163,-0.0911537542073399,111.102419585744,0.877145414919244,-1.10241958574392,"EAC"
"54",4021,"a40",114,-0.558958303668085,1.19288948581394,0.472272911911599,1.04760519552054,-1.95811768297249,108.023089550676,0.552014414192351,5.97691044932356,"NSC"
"55",4038,"a40",121,-0.358065250813231,1.19288948581394,1.02747469823625,1.04760519552054,0.975682776515601,114.941090125504,1.28245136778561,6.05890987449599,"NSC"
"56",1010,"a182",118,1.28717957860153,1.19288948581394,0.749873805073923,0.527533072901418,0.708973643834866,111.995157009275,0.971405078090675,6.00484299072462,"NSC"
"57",11,"a197",110,-0.473224682199115,1.02836736748416,0.749873805073923,0.874247821314163,1.24239190919634,114.096673692725,1.19329367546516,-4.09667369272502,"NSC"
"58",85,"a197",100,0.674220826432582,1.02836736748416,0.472272911911599,0.874247821314163,-0.0911537542073399,110.693089722867,0.83392632945947,-10.6930897228674,"UPC"
"59",128,"a197",110,-0.202010290824202,1.02836736748416,-0.0829288744130491,0.874247821314163,0.175555378473395,111.368204434799,0.905208302939471,-1.3682044347993,"EAC"
"60",144,"a197",110,1.79890708490554,1.02836736748416,0.749873805073923,1.04760519552054,1.24239190919634,114.273843654276,1.2120001623444,-4.27384365427608,"NSC"
"61",218,"a197",111,0.898020113887399,1.02836736748416,1.02747469823625,0.70089044710779,0.175555378473395,110.752057325941,0.840152422661348,0.247942674059315,"EAC"
"62",245,"a197",117,1.46794966272985,1.02836736748416,0.749873805073923,1.22096256972691,-0.62457201956881,110.634625824522,0.827753419911284,6.36537417547811,"NSC"
"63",4034,"a40",134,-0.531248917067416,1.02836736748416,1.02747469823625,1.22096256972691,0.975682776515601,114.833653445377,1.27110766804355,19.1663465546231,"UGC"
"64",4109,"a40",109,-1.1096823623564,1.02836736748416,-0.638130660737697,0.00746095028229932,0.708973643834866,109.461760077776,0.703916413284802,-0.461760077776047,"EAC"
"65",1018,"a182",113,1.40148079832929,1.02836736748416,-0.0829288744130491,1.04760519552054,0.175555378473395,111.682119338818,0.9383530018592,1.3178806611817,"EAC"
"66",1146,"a182",105,0.767628579838973,1.02836736748416,1.02747469823625,0.70089044710779,0.975682776515601,112.642474102227,1.03975204052149,-7.64247410222655,"UPC"
"67",1152,"a182",114,0.767628579838973,1.02836736748416,0.472272911911599,1.04760519552054,0.175555378473395,111.937084618633,0.96527350587553,2.06291538136737,"NSC"
"68",83,"a197",113,1.32285944556564,0.86384524915437,0.472272911911599,1.04760519552054,0.975682776515601,112.902580862715,1.06721540767287,0.0974191372853597,"EAC"
"69",122,"a197",108,1.18251073740797,0.86384524915437,0.472272911911599,0.527533072901418,1.50910104187707,112.248240442499,0.998126887372007,-4.24824044249887,"NSC"
"70",137,"a197",108,0.944486916006186,0.86384524915437,-0.0829288744130491,0.70089044710779,-0.62457201956881,107.843431546375,0.533045227368583,0.156568453625343,"EAC"
"71",147,"a197",107,1.60071195301338,0.86384524915437,0.472272911911599,1.04760519552054,-0.891281152249545,108.497006353396,0.602052910415432,-1.49700635339553,"EAC"
"72",160,"a197",114,1.24604697541398,0.86384524915437,-0.0829288744130491,1.04760519552054,0.708973643834866,112.17170487945,0.990045881464288,1.82829512054976,"NSC"
"73",162,"a197",114,1.02035108089287,0.86384524915437,0.749873805073923,1.22096256972691,0.175555378473395,111.805212574812,0.95134979874214,2.19478742518811,"NSC"
"74",187,"a197",104,1.61493648349668,0.86384524915437,0.194672018749275,0.874247821314163,0.442264511154131,110.895832209973,0.85533289094262,-6.89583220997329,"NSC"
"75",258,"a197",111,0.86957105292081,0.86384524915437,0.749873805073923,0.874247821314163,-0.0911537542073399,109.931103154931,0.753471992784825,1.06889684506911,"EAC"
"76",4014,"a40",127,-0.59013136359384,0.86384524915437,1.02747469823625,1.04760519552054,1.24239190919634,114.040395197061,1.18735151161582,12.9596048029387,"UGC"
"77",4024,"a40",99,-0.531248917067416,0.86384524915437,0.749873805073923,0.70089044710779,0.442264511154131,110.81823971349,0.847140288739183,-11.8182397134903,"UPC"
"78",4081,"a40",114,-0.503539530466747,0.86384524915437,0.749873805073923,0.874247821314163,1.24239190919634,113.318170812068,1.11109546423924,0.681829187932034,"EAC"
"79",1046,"a182",117,1.66125629771057,0.86384524915437,0.749873805073923,0.354175698695045,0.442264511154131,109.086150746129,0.6642577094466,7.9138492538712,"UGC"
"80",1050,"a182",116,-0.0394073049055295,0.86384524915437,0.749873805073923,1.04760519552054,1.50910104187707,114.486348159951,1.23443744636474,1.51365184004864,"EAC"
"81",1085,"a182",107,-0.358065250813231,0.86384524915437,-0.0829288744130491,-0.512611172336819,0.175555378473395,105.480634223785,0.283569318888545,1.51936577621477,"EAC"
"82",1175,"a182",103,0.362378800804179,0.86384524915437,0.472272911911599,0.874247821314163,-1.42469941761102,106.86591221568,0.429833868209523,-3.86591221568004,"NSC"
"83",1198,"a182",105,0.681036746711881,0.86384524915437,-0.915731553900021,-0.165896423924073,0.975682776515601,108.227568897574,0.57360436198217,-3.22756889757383,"NSC"
"84",1201,"a182",121,1.89332241049118,0.86384524915437,0.194672018749275,0.70089044710779,0.708973643834866,110.818301208802,0.847146781720395,10.1816987911985,"UGC"
"85",1204,"a182",111,-0.818733803049363,0.86384524915437,0.472272911911599,0.527533072901418,0.708973643834866,110.793768504723,0.844556496646494,0.206231495276591,"EAC"
"86",3,"a197",102,1.71450820034341,0.699323130824584,1.02747469823625,1.04760519552054,0.708973643834866,111.541866360147,0.923544393885751,-9.54186636014747,"UPC"
"87",50,"a197",98,-0.42106806927248,0.699323130824584,1.02747469823625,0.874247821314163,0.175555378473395,110.094269072856,0.770699862995369,-12.0942690728562,"UPC"
"88",61,"a197",108,0.846811802762071,0.699323130824584,0.749873805073923,0.874247821314163,0.708973643834866,111.01480522727,0.867894654616132,-3.01480522727028,"NSC"
"89",103,"a197",112,0.385936995706776,0.699323130824584,0.194672018749275,0.70089044710779,0.975682776515601,110.96312681736,0.862438190729936,1.03687318263978,"EAC"
"90",121,"a197",113,-0.054075168256068,0.699323130824584,0.194672018749275,0.874247821314163,0.442264511154131,110.452462245252,0.808519682004155,2.54753775474808,"NSC"
"91",131,"a197",115,0.331883775713851,0.699323130824584,0.472272911911599,1.22096256972691,1.24239190919634,113.583642392807,1.13912527583044,1.41635760719345,"EAC"
"92",143,"a197",105,1.17207941412991,0.699323130824584,-0.0829288744130491,1.04760519552054,-2.49153594833396,103.947128846524,0.121654184021221,1.05287115347581,"EAC"
"93",152,"a197",117,-1.25178068621178,0.699323130824584,0.472272911911599,1.22096256972691,0.708973643834866,112.665020434492,1.04213259456691,4.33497956550803,"NSC"
"94",153,"a197",111,1.01750617548895,0.699323130824584,0.194672018749275,0.00746095028229932,-0.0911537542073399,105.781571882471,0.315343815616995,5.21842811752851,"NSC"
"95",164,"a197",103,-0.951168928605302,0.699323130824584,-0.0829288744130491,0.70089044710779,0.442264511154131,109.931413221439,0.753504731150902,-6.93141322143864,"NSC"
"96",185,"a197",119,0.225673946257964,0.699323130824584,0.472272911911599,1.22096256972691,0.175555378473395,111.120363345121,0.879040006397488,7.87963665487879,"UGC"
"97",188,"a197",116,-0.155543488705415,0.699323130824584,0.749873805073923,1.04760519552054,0.708973643834866,111.861646597101,0.957308383867114,4.13835340289918,"NSC"
"98",203,"a197",124,0.387833599309393,0.699323130824584,0.194672018749275,-0.165896423924073,-0.357862886888075,104.64724949805,0.195576409137725,19.3527505019496,"UGC"
"99",214,"a197",115,0.283520369992448,0.699323130824584,0.194672018749275,1.04760519552054,0.708973643834866,111.646517845233,0.93459401886452,3.35348215476719,"NSC"
"100",247,"a197",108,-0.602193765277416,0.699323130824584,0.749873805073923,1.04760519552054,-0.0911537542073399,110.089241709408,0.770169048925284,-2.08924170940762,"NSC"
"101",256,"a197",108,0.511112868116172,0.699323130824584,0.472272911911599,1.04760519552054,0.708973643834866,111.662639977033,0.936296273831174,-3.66263997703337,"NSC"
"102",265,"a197",74,-0.330031072101195,0.699323130824584,0.472272911911599,0.70089044710779,0.975682776515601,111.1722182667,0.884515107264757,-37.1722182667002,"UPC"
"103",4062,"a40",119,-1.62923336111895,0.699323130824584,0.749873805073923,1.04760519552054,0.442264511154131,111.541783586077,0.923535654187137,7.45821641392324,"NSC"
"104",4083,"a40",132,-1.54264152799186,0.699323130824584,-0.360529767575373,-0.165896423924073,0.975682776515601,108.022969819978,0.552001772428948,23.9770301800218,"UGC"
"105",4104,"a40",107,-1.85783580057448,0.699323130824584,0.472272911911599,0.527533072901418,0.975682776515601,110.84282460499,0.849736084020907,-3.84282460498953,"NSC"
"106",4108,"a40",103,-1.65694274771962,0.699323130824584,1.02747469823625,0.527533072901418,0.442264511154131,109.684574476307,0.727442267137996,-6.68457447630704,"NSC"
"107",1014,"a182",115,0.480143693857026,0.699323130824584,0.749873805073923,0.354175698695045,0.975682776515601,109.785499752423,0.738098460416608,5.2145002475767,"NSC"
"108",1024,"a182",117,1.54695507798281,0.699323130824584,0.194672018749275,0.70089044710779,-0.0911537542073399,108.240684644251,0.574989187835122,8.75931535574929,"UGC"
"109",1027,"a182",108,0.826511026365397,0.699323130824584,0.749873805073923,0.354175698695045,0.708973643834866,109.093413474131,0.665024544438779,-1.093413474131,"EAC"
"110",1029,"a182",111,0.739919193238304,0.699323130824584,0.472272911911599,0.180818324488672,1.24239190919634,109.649107309458,0.72369746702913,1.35089269054191,"EAC"
"111",1102,"a182",107,1.37377141172862,0.699323130824584,0.472272911911599,1.22096256972691,0.442264511154131,111.506813861847,0.919843376547351,-4.50681386184689,"NSC"
"112",1128,"a182",107,-0.472366470540993,0.699323130824584,-0.0829288744130491,0.180818324488672,1.24239190919634,109.771699104503,0.736641319279399,-2.7716991045026,"NSC"
"113",1129,"a182",118,0.999694692619582,0.699323130824584,0.749873805073923,1.22096256972691,0.708973643834866,112.267234532859,1.00013237802629,5.73276546714073,"NSC"
"114",1157,"a182",118,0.594444913584788,0.699323130824584,1.02747469823625,1.04760519552054,0.708973643834866,111.770932575768,0.947730345722453,6.22906742423192,"NSC"
"115",1185,"a182",107,1.34606202512795,0.699323130824584,1.02747469823625,0.70089044710779,-0.0911537542073399,108.469772138631,0.599177386389228,-1.46977213863085,"EAC"
"116",97,"a197",98,0.150758079708915,0.534801012494798,0.194672018749275,0.70089044710779,0.975682776515601,110.226521066326,0.78466368710498,-12.2265210663265,"UPC"
"117",112,"a197",110,1.32096283849935,0.534801012494798,0.749873805073923,0.180818324488672,0.975682776515601,108.186991812548,0.569320031263917,1.81300818745154,"NSC"
"118",126,"a197",104,1.73442254509823,0.534801012494798,0.749873805073923,0.527533072901418,-0.357862886888075,106.279879800528,0.367957647269631,-2.27987980052828,"NSC"
"119",186,"a197",117,-0.384084288630447,0.534801012494798,1.02747469823625,0.874247821314163,0.442264511154131,109.923252879171,0.752643121574267,7.07674712082927,"NSC"
"120",237,"a197",108,-0.652453774601436,0.534801012494798,0.749873805073923,1.22096256972691,0.975682776515601,112.441665901178,1.01854971059333,-4.44166590117762,"NSC"
"121",4001,"a40",110,-1.88900886050023,0.534801012494798,0.194672018749275,0.70089044710779,0.708973643834866,110.022427524048,0.763114474488209,-0.0224275240480415,"EAC"
"122",4009,"a40",110,-1.19627419548349,0.534801012494798,0.749873805073923,0.354175698695045,0.975682776515601,109.343644451057,0.69144517717851,0.656355548942632,"EAC"
"123",4143,"a40",101,-1.16510113555773,0.534801012494798,0.749873805073923,0.527533072901418,0.442264511154131,108.736616916812,0.627352187005245,-7.73661691681247,"UPC"
"124",1061,"a182",118,1.08628652574667,0.534801012494798,0.194672018749275,1.04760519552054,1.24239190919634,111.940140134934,0.965596122503642,6.05985986506616,"NSC"
"125",1108,"a182",124,-1.22398358208416,0.534801012494798,0.472272911911599,-0.165896423924073,0.975682776515601,107.361100351716,0.482118297739281,16.6388996482843,"UGC"
"126",1186,"a182",114,-0.503539530466747,0.534801012494798,0.194672018749275,1.04760519552054,-1.42469941761102,106.052777862741,0.343979093669008,7.94722213725925,"UGC"
"127",12,"a197",116,-0.0161430858127264,0.370278894165012,-0.0829288744130491,0.00746095028229932,-0.357862886888075,103.739642604165,0.0997467532336236,12.2603573958353,"UGC"
"128",19,"a197",104,1.71450820034341,0.370278894165012,0.194672018749275,0.70089044710779,-0.0911537542073399,106.637012792358,0.405665527134317,-2.63701279235756,"NSC"
"129",30,"a197",89,-0.61167678675417,0.370278894165012,0.194672018749275,0.00746095028229932,0.442264511154131,105.787853960603,0.316007108712056,-16.7878539606034,"UPC"
"130",79,"a197",103,0.293003391469202,0.370278894165012,0.472272911911599,0.527533072901418,-0.0911537542073399,106.348547032152,0.375207875559745,-3.34854703215164,"NSC"
"131",88,"a197",102,0.971039373370158,0.370278894165012,1.02747469823625,0.874247821314163,0.175555378473395,108.2401613507,0.574933935895961,-6.24016135070017,"NSC"
"132",100,"a197",102,-0.598400558072184,0.370278894165012,0.194672018749275,-0.512611172336819,1.24239190919634,105.723345474365,0.309195981470957,-3.72334547436464,"NSC"
"133",134,"a197",103,0.475077389275446,0.370278894165012,-0.915731553900021,-0.165896423924073,-0.357862886888075,102.809331877206,0.00151991356442745,0.190668122794237,"EAC"
"134",157,"a197",117,-0.462793362384727,0.370278894165012,0.749873805073923,0.70089044710779,0.708973643834866,109.071381916296,0.662698342841352,7.92861808370436,"UGC"
"135",177,"a197",95,1.52674439172932,0.370278894165012,0.749873805073923,0.70089044710779,-0.891281152249545,104.936997543566,0.226169450781302,-9.93699754356592,"UPC"
"136",194,"a197",100,0.31196943442271,0.370278894165012,0.472272911911599,1.04760519552054,0.175555378473395,108.891461808214,0.643701481795147,-8.89146180821367,"UPC"
"137",195,"a197",100,0.806983116716114,0.370278894165012,0.194672018749275,0.00746095028229932,-0.0911537542073399,104.255221090069,0.154184097450152,-4.25522109006879,"NSC"
"138",235,"a197",103,0.389730202912008,0.370278894165012,-0.0829288744130491,0.874247821314163,-0.357862886888075,106.865875877574,0.429830031451356,-3.86587587757435,"NSC"
"139",4040,"a40",98,-1.48375908146544,0.370278894165012,1.02747469823625,0.354175698695045,1.24239190919634,109.301653439647,0.687011557070946,-11.3016534396473,"UPC"
"140",4041,"a40",123,-2.08990191335508,0.370278894165012,0.749873805073923,-0.685968546543192,1.24239190919634,105.51186233219,0.286866538095579,17.4881376678101,"UGC"
"141",4047,"a40",100,-1.0230905292293,0.370278894165012,-0.360529767575373,-1.37939804336868,-0.0911537542073399,99.3693751753495,-0.361687846628511,0.630624824650453,"EAC"
"142",4050,"a40",99,-0.763315029848025,0.370278894165012,0.749873805073923,-0.165896423924073,-0.357862886888075,103.438602771388,0.0679614684558756,-4.43860277138813,"NSC"
"143",4068,"a40",108,-1.5980603011932,0.370278894165012,-0.0829288744130491,0.527533072901418,0.975682776515601,109.094957194529,0.66518753812636,-1.09495719452852,"EAC"
"144",4071,"a40",103,-1.0230905292293,0.370278894165012,0.472272911911599,0.354175698695045,0.708973643834866,107.839606163689,0.532641324413495,-4.83960616368869,"NSC"
"145",4093,"a40",110,-1.83012641397381,0.370278894165012,-0.0829288744130491,0.354175698695045,1.24239190919634,109.121819684679,0.668023813616586,0.878180315320576,"EAC"
"146",1005,"a182",93,-0.676723196720932,0.370278894165012,-0.0829288744130491,-1.55275541757506,0.975682776515601,101.204358828261,-0.167941134001314,-8.20435882826076,"UPC"
"147",1028,"a182",114,0.881929799566735,0.370278894165012,0.749873805073923,1.04760519552054,0.442264511154131,109.458815708043,0.703605532064873,4.54118429195718,"NSC"
"148",1091,"a182",105,1.08628652574667,0.370278894165012,-0.915731553900021,-0.165896423924073,-0.891281152249545,101.441832257339,-0.142867506698273,3.55816774266074,"NSC"
"149",1140,"a182",112,0.189195134549994,0.370278894165012,0.749873805073923,-0.165896423924073,0.442264511154131,105.107553317252,0.244177578765921,6.89244668274778,"NSC"
"150",1167,"a182",108,0.739919193238304,0.370278894165012,0.749873805073923,0.874247821314163,0.708973643834866,109.467260779908,0.704497204810385,-1.46726077990792,"EAC"
"151",1190,"a182",102,-0.558958303668085,0.370278894165012,0.194672018749275,0.527533072901418,0.975682776515601,108.945116016786,0.649366560343955,-6.94511601678609,"NSC"
"152",51,"a197",100,1.1075948743226,0.205756775835226,0.194672018749275,-0.165896423924073,-1.15799028493028,100.282191746187,-0.265308127086695,-0.282191746187053,"EAC"
"153",65,"a197",105,0.777585750484544,0.205756775835226,1.02747469823625,0.874247821314163,-2.49153594833396,101.282521741592,-0.159688304346307,3.7174782584085,"NSC"
"154",105,"a197",99,-0.594607350866951,0.205756775835226,0.194672018749275,-0.165896423924073,-0.0911537542073399,103.115312489907,0.0338268704925548,-4.11531248990649,"NSC"
"155",145,"a197",129,1.16733790512337,0.205756775835226,0.749873805073923,1.04760519552054,0.175555378473395,107.99449368769,0.548995120565655,21.0055063123098,"UGC"
"156",159,"a197",106,0.438093608633412,0.205756775835226,0.472272911911599,0.354175698695045,0.708973643834866,106.756074065135,0.418236609260967,-0.756074065134862,"EAC"
"157",168,"a197",104,1.51062325417973,0.205756775835226,0.472272911911599,0.874247821314163,-1.69140855029175,102.871022057891,0.00803347006952137,1.12897794210889,"EAC"
"158",174,"a197",109,0.0900667471068341,0.205756775835226,0.194672018749275,0.527533072901418,-0.0911537542073399,105.542679859691,0.290120406125995,3.45732014030947,"NSC"
"159",184,"a197",118,0.628702326115102,0.205756775835226,0.194672018749275,1.22096256972691,1.24239190919634,111.106164107835,0.877540780210049,6.89383589216476,"NSC"
"160",209,"a197",97,0.908451437165461,0.205756775835226,-0.360529767575373,-0.339253798130446,0.175555378473395,102.66198638591,-0.0140375572139154,-5.66198638591048,"NSC"
"161",216,"a197",93,-0.987204407446027,0.205756775835226,0.749873805073923,0.00746095028229932,-0.357862886888075,103.341536010126,0.0577126763917181,-10.3415360101265,"UPC"
"162",220,"a197",110,-0.303478611273549,0.205756775835226,0.472272911911599,0.354175698695045,0.975682776515601,107.528984426335,0.499844334430877,2.47101557366486,"NSC"
"163",238,"a197",108,1.1531133711764,0.205756775835226,0.749873805073923,1.04760519552054,1.77581017455781,111.724903098149,0.942870324240277,-3.72490309814926,"NSC"
"164",255,"a197",101,1.7135598985421,0.205756775835226,-1.19333244706234,0.874247821314163,0.708973643834866,108.044764627517,0.554302976751031,-7.04476462751724,"NSC"
"165",4003,"a40",95,-0.3857746374139,0.205756775835226,0.472272911911599,0.354175698695045,-0.0911537542073399,105.060814722478,0.239242685162906,-10.0608147224777,"UPC"
"166",4007,"a40",112,-1.07850930243064,0.205756775835226,-0.0829288744130491,0.354175698695045,-0.0911537542073399,105.077152181258,0.24096767542445,6.92284781874205,"NSC"
"167",4037,"a40",94,-2.26308557960927,0.205756775835226,0.194672018749275,-0.512611172336819,-0.357862886888075,101.551590337794,-0.131278701948645,-7.55159033779384,"UPC"
"168",4044,"a40",111,-0.818733803049363,0.205756775835226,-0.638130660737697,0.00746095028229932,0.442264511154131,104.85749446346,0.217775119643859,6.14250553654037,"NSC"
"169",4082,"a40",107,-1.22398358208416,0.205756775835226,-0.360529767575373,0.00746095028229932,0.175555378473395,104.381790286416,0.167547903538094,2.61820971358445,"NSC"
"170",4107,"a40",77,-1.54264152799186,0.205756775835226,0.194672018749275,0.180818324488672,-0.0911537542073399,104.592892382277,0.189837114146005,-27.5928923822767,"UPC"
"171",4119,"a40",108,-0.676723196720932,0.205756775835226,0.472272911911599,0.00746095028229932,1.24239190919634,106.94287175304,0.437959639436488,1.05712824696014,"EAC"
"172",4162,"a40",101,-0.330355864212562,0.205756775835226,0.194672018749275,0.354175698695045,0.708973643834866,106.850563594172,0.42821328431177,-5.85056359417195,"NSC"
"173",4163,"a40",100,-1.05079991582997,0.205756775835226,-0.360529767575373,0.527533072901418,0.975682776515601,108.135665839166,0.563900779381476,-8.13566583916576,"UPC"
"174",1022,"a182",95,0.535562467058364,0.205756775835226,0.749873805073923,-0.165896423924073,0.175555378473395,103.630764412581,0.0882508515330416,-8.63076441258146,"UPC"
"175",1048,"a182",103,0.622154300185457,0.205756775835226,0.472272911911599,1.04760519552054,0.442264511154131,108.66457275501,0.61974540560914,-5.66457275501047,"NSC"
"176",1106,"a182",89,-0.416947697339654,0.205756775835226,-0.638130660737697,-1.37939804336868,-0.62457201956881,97.1555415536445,-0.595435425702809,-8.15554155364453,"UPC"
"177",1133,"a182",95,0.767628579838973,0.205756775835226,-2.58133691287397,0.180818324488672,-0.891281152249545,101.629989656813,-0.12300091140367,-6.62998965681343,"NSC"
"178",1150,"a182",98,0.306960027602841,0.205756775835226,-0.360529767575373,-0.165896423924073,-0.0911537542073399,102.805596287278,0.00112549137589006,-4.80559628727758,"NSC"
"179",1179,"a182",103,0.33466941420351,0.205756775835226,1.02747469823625,0.70089044710779,0.442264511154131,107.565006142322,0.50364768659949,-4.56500614232212,"NSC"
"180",24,"a197",95,1.60355685841731,0.0412346575054405,1.02747469823625,1.04760519552054,-0.357862886888075,105.940746502438,0.332150264711709,-10.9407465024385,"UPC"
"181",36,"a197",90,-0.972979876962734,0.0412346575054405,0.472272911911599,0.354175698695045,-1.15799028493028,101.911202309886,-0.0933090790019974,-11.9112023098863,"UPC"
"182",71,"a197",107,1.25268509148681,0.0412346575054405,-0.0829288744130491,-0.339253798130446,-0.891281152249545,99.384551176152,-0.360085488884544,7.61544882384804,"UGC"
"183",87,"a197",114,0.957763144688172,0.0412346575054405,-0.915731553900021,0.00746095028229932,1.50910104187707,106.131809880303,0.352323687677087,7.86819011969684,"UGC"
"184",102,"a197",107,-0.149853677897566,0.0412346575054405,0.472272911911599,1.04760519552054,0.975682776515601,109.280255017179,0.684752205058703,-2.28025501717899,"NSC"
"185",118,"a197",115,0.527234005665755,0.0412346575054405,-0.0829288744130491,0.874247821314163,-0.62457201956881,104.647099413529,0.19556056246647,10.3529005864714,"UGC"
"186",124,"a197",119,0.202914696099225,0.0412346575054405,1.02747469823625,0.70089044710779,0.442264511154131,106.807248917175,0.423639904999463,12.1927510828249,"UGC"
"187",148,"a197",93,0.665686106757136,0.0412346575054405,-0.0829288744130491,-0.512611172336819,-0.891281152249545,98.8627515906857,-0.415179687775054,-5.86275159068569,"NSC"
"188",154,"a197",91,-1.07160329200816,0.0412346575054405,-0.360529767575373,-1.03268329495594,-1.42469941761102,95.9873367552345,-0.718780306191627,-4.98733675523444,"NSC"
"189",161,"a197",112,0.284468671793757,0.0412346575054405,0.472272911911599,0.70089044710779,0.975682776515601,107.907735281338,0.53983473595035,4.09226471866177,"NSC"
"190",176,"a197",97,1.09716355104453,0.0412346575054405,0.194672018749275,-0.339253798130446,0.175555378473395,101.964024885454,-0.087731808407468,-4.96402488545445,"NSC"
"191",193,"a197",97,1.04121372744899,0.0412346575054405,0.472272911911599,0.70089044710779,0.175555378473395,105.889221787187,0.326710028673008,-8.88922178718714,"UPC"
"192",215,"a197",79,0.875260863728659,0.0412346575054405,-1.19333244706234,-0.165896423924073,-0.891281152249545,99.8529167584704,-0.310633118157452,-20.8529167584704,"UPC"
"193",230,"a197",95,0.978625791244295,0.0412346575054405,0.749873805073923,0.527533072901418,0.708973643834866,106.565341530704,0.398098118392972,-11.5653415307038,"UPC"
"194",260,"a197",97,1.05164505072706,0.0412346575054405,-1.19333244706234,-1.37939804336868,-0.891281152249545,95.323909262819,-0.788828284830606,1.67609073718101,"NSC"
"195",262,"a197",98,-0.183044247870695,0.0412346575054405,-0.638130660737697,-0.685968546543192,-0.357862886888075,99.5116442907109,-0.346666364902551,-1.51164429071089,"EAC"
"196",4013,"a40",115,-1.68465213432029,0.0412346575054405,0.472272911911599,0.354175698695045,0.708973643834866,106.405498099108,0.381221052835704,8.5945019008918,"UGC"
"197",4057,"a40",96,-0.558958303668085,0.0412346575054405,0.472272911911599,-0.165896423924073,-0.357862886888075,101.764736651581,-0.1087736526315,-5.7647366515813,"NSC"
"198",4059,"a40",98,-0.358065250813231,0.0412346575054405,0.194672018749275,0.00746095028229932,0.975682776515601,105.409082251517,0.276014505314632,-7.40908225151721,"NSC"
"199",4064,"a40",105,-1.5114684680661,0.0412346575054405,-0.360529767575373,-0.165896423924073,0.708973643834866,104.256534000172,0.154322721037414,0.743465999827659,"EAC"
"200",4092,"a40",102,-0.73214196992227,0.0412346575054405,0.749873805073923,0.354175698695045,-3.02495421369543,97.5758652197836,-0.551055559743427,4.42413478021641,"NSC"
"201",4126,"a40",83,-0.531248917067416,0.0412346575054405,0.749873805073923,-0.339253798130446,-1.15799028493028,99.3161392519215,-0.367308760548643,-16.3161392519215,"UPC"
"202",4128,"a40",105,-0.849906862975118,0.0412346575054405,0.194672018749275,0.527533072901418,-0.62457201956881,103.70771286764,0.0963754526354627,1.29228713235982,"EAC"
"203",4174,"a40",108,-1.57035091459253,0.0412346575054405,0.472272911911599,0.527533072901418,0.175555378473395,105.781469871061,0.315333044744244,2.21853012893898,"NSC"
"204",1036,"a182",136,0.681036746711881,0.0412346575054405,0.472272911911599,1.22096256972691,1.50910104187707,110.99467602115,0.865769312786838,25.00532397885,"UGC"
"205",1082,"a182",105,-1.77124396744738,0.0412346575054405,0.472272911911599,0.00746095028229932,-0.62457201956881,102.033261216245,-0.0804214917930741,2.96673878375509,"NSC"
"206",1097,"a182",104,-0.330355864212562,0.0412346575054405,0.749873805073923,0.180818324488672,0.975682776515601,106.170598177318,0.356419149248738,-2.17059817731837,"NSC"
"207",1163,"a182",108,0.767628579838973,0.0412346575054405,-0.638130660737697,-0.339253798130446,-0.0911537542073399,101.222166153796,-0.166060947887621,6.7778338462044,"NSC"
"208",1176,"a182",98,0.681036746711881,0.0412346575054405,-0.0829288744130491,-0.512611172336819,-0.0911537542073399,100.723362365248,-0.218727136016163,-2.72336236524835,"NSC"
"209",1183,"a182",115,-1.07850930243064,0.0412346575054405,0.472272911911599,-0.339253798130446,0.708973643834866,103.714143370147,0.0970544171151927,11.2858566298531,"UGC"
"210",34,"a197",78,-0.217183123108804,-0.123287460824345,0.472272911911599,-0.685968546543192,-0.357862886888075,98.9845934480305,-0.40231501768195,-20.9845934480305,"UPC"
"211",37,"a197",97,0.733963857233355,-0.123287460824345,0.749873805073923,1.04760519552054,-0.0911537542073399,105.892468509375,0.327052833770866,-8.89246850937496,"UPC"
"212",77,"a197",95,1.48312249501445,-0.123287460824345,-1.19333244706234,0.70089044710779,-0.357862886888075,103.395638503987,0.0634250871337775,-8.39563850398693,"UPC"
"213",82,"a197",98,-0.221924635579019,-0.123287460824345,0.472272911911599,-0.339253798130446,-0.357862886888075,100.269258811847,-0.26667365070267,-2.26925881184717,"NSC"
"214",113,"a197",107,-0.0569200736599924,-0.123287460824345,0.472272911911599,1.22096256972691,-0.0911537542073399,106.633393985109,0.405283435442685,0.366606014891078,"EAC"
"215",138,"a197",98,0.191535071019855,-0.123287460824345,-0.360529767575373,0.180818324488672,0.975682776515601,105.028492690794,0.235829964088124,-7.02849269079387,"NSC"
"216",169,"a197",106,0.253174705423244,-0.123287460824345,0.472272911911599,0.00746095028229932,-1.69140855029175,98.3495407641217,-0.469367042727071,7.65045923587826,"UGC"
"217",219,"a197",100,0.771895939676697,-0.123287460824345,0.472272911911599,0.354175698695045,0.975682776515601,105.739652334021,0.310917740924606,-5.73965233402101,"NSC"
"218",223,"a197",107,-0.266494830631517,-0.123287460824345,1.02747469823625,0.70089044710779,0.975682776515601,107.361046210054,0.482112581192965,-0.361046210053597,"EAC"
"219",231,"a197",100,-1.02323988628675,-0.123287460824345,-0.0829288744130491,-0.165896423924073,-0.357862886888075,100.949650121315,-0.194834547776391,-0.94965012131511,"EAC"
"220",249,"a197",101,-0.098645363308566,-0.123287460824345,-2.85893780603629,-2.41954228860692,0.175555378473395,93.0323629005695,-1.03078116207519,7.96763709943052,"UGC"
"221",4016,"a40",101,-1.33828480181192,-0.123287460824345,0.749873805073923,-0.685968546543192,-0.62457201956881,98.6552894677792,-0.437084571910683,2.34471053222081,"NSC"
"222",4060,"a40",110,-0.3857746374139,-0.123287460824345,1.02747469823625,0.354175698695045,1.24239190919634,106.722994729874,0.414743928302961,3.27700527012649,"NSC"
"223",4122,"a40",118,-1.54264152799186,-0.123287460824345,-0.0829288744130491,0.70089044710779,0.442264511154131,106.128863245456,0.352012567295139,11.8711367545441,"UGC"
"224",4124,"a40",98,-1.97560069362732,-0.123287460824345,-0.0829288744130491,-0.685968546543192,0.442264511154131,101.08262585237,-0.18079430784826,-3.08262585236994,"NSC"
"225",4158,"a40",101,-1.42487663493901,-0.123287460824345,1.02747469823625,0.180818324488672,-0.62457201956881,101.944905189426,-0.0897505611337675,-0.94490518942556,"EAC"
"226",1007,"a182",102,1.08628652574667,-0.123287460824345,0.749873805073923,0.180818324488672,0.175555378473395,103.232425231711,0.0461922170150619,-1.23242523171101,"EAC"
"227",1035,"a182",105,-0.818733803049363,-0.123287460824345,-0.0829288744130491,-0.859325920749564,0.708973643834866,100.825435083575,-0.207949790074557,4.17456491642548,"NSC"
"228",1092,"a182",108,-0.645550136795178,-0.123287460824345,-1.74853423338699,-0.512611172336819,-0.0911537542073399,99.8339575087486,-0.3126349301636,8.16604249125145,"UGC"
"229",1094,"a182",104,-0.0116979183048604,-0.123287460824345,0.749873805073923,0.527533072901418,-0.0911537542073399,104.11942167656,0.139845719066053,-0.119421676559761,"EAC"
"230",1098,"a182",107,-0.299182804286807,-0.123287460824345,1.02747469823625,0.70089044710779,0.708973643834866,106.746481233924,0.417223750367647,0.253518766076302,"EAC"
"231",1174,"a182",98,-0.243764031085469,-0.123287460824345,0.194672018749275,-0.339253798130446,0.175555378473395,101.453557840486,-0.141629461234142,-3.45355784048561,"NSC"
"232",1180,"a182",92,-0.444657083940324,-0.123287460824345,-0.915731553900021,0.180818324488672,-0.357862886888075,101.927016265621,-0.0916393627991222,-9.92701626562129,"UPC"
"233",1187,"a182",97,0.826511026365397,-0.123287460824345,1.02747469823625,0.180818324488672,0.708973643834866,104.590720002861,0.189607743508494,-7.59072000286143,"UPC"
"234",1189,"a182",100,0.594444913584788,-0.123287460824345,0.749873805073923,-0.165896423924073,-0.891281152249545,99.56431678525,-0.3411049406105,0.435683214750033,"EAC"
"235",1209,"a182",109,-1.71582519424604,-0.123287460824345,0.194672018749275,0.180818324488672,1.24239190919634,106.165155512189,0.355844485558878,2.83484448781136,"NSC"
"236",54,"a197",105,1.30294510081083,-0.287809579154131,1.02747469823625,0.70089044710779,-0.0911537542073399,103.770374302347,0.10299155897712,1.22962569765346,"EAC"
"237",73,"a197",100,0.759568012796018,-0.287809579154131,0.749873805073923,0.527533072901418,-0.891281152249545,101.31323586492,-0.156445354243384,-1.31323586491976,"EAC"
"238",120,"a197",95,0.620167606439656,-0.287809579154131,-0.0829288744130491,0.354175698695045,-0.357862886888075,101.754394689716,-0.109865608470073,-6.75439468971619,"NSC"
"239",158,"a197",103,0.314814339826634,-0.287809579154131,-0.360529767575373,0.00746095028229932,0.442264511154131,102.334230050609,-0.0486437033812634,0.665769949390685,"EAC"
"240",163,"a197",95,0.64766836906861,-0.287809579154131,-3.13653869919861,-1.72611279178143,-0.891281152249545,92.1147538970192,-1.12766689053001,2.88524610298082,"NSC"
"241",165,"a197",117,1.43191418388913,-0.287809579154131,0.472272911911599,0.874247821314163,1.24239190919634,107.366761711662,0.482716052316973,9.63323828833842,"UGC"
"242",226,"a197",95,0.604046472353746,-0.287809579154131,0.472272911911599,0.874247821314163,-0.891281152249545,102.566070036512,-0.0241648830642813,-7.56607003651216,"UPC"
"243",233,"a197",105,0.581287222195006,-0.287809579154131,0.472272911911599,0.874247821314163,-0.357862886888075,103.813224681114,0.107515915370061,1.18677531888615,"EAC"
"244",243,"a197",107,-0.394515611908508,-0.287809579154131,-0.0829288744130491,-0.165896423924073,0.708973643834866,102.521366146499,-0.0288849424053505,4.47863385350066,"NSC"
"245",4010,"a40",96,-0.558958303668085,-0.287809579154131,0.472272911911599,0.354175698695045,0.175555378473395,103.363375009547,0.060018546712678,-7.3633750095465,"NSC"
"246",4012,"a40",98,-1.97560069362732,-0.287809579154131,-2.85893780603629,-3.45968653384516,-0.891281152249545,86.2954326609385,-1.74209980791515,11.7045673390615,"UGC"
"247",4030,"a40",103,-0.991917469303548,-0.287809579154131,0.472272911911599,0.00746095028229932,-0.62457201956881,100.304474459092,-0.26295540728626,2.69552554090833,"NSC"
"248",4048,"a40",86,-0.531248917067416,-0.287809579154131,0.472272911911599,-0.512611172336819,0.442264511154131,100.769718994912,-0.213832572191792,-14.7697189949122,"UPC"
"249",4052,"a40",98,-0.0394073049055295,-0.287809579154131,0.194672018749275,-0.512611172336819,0.175555378473395,99.98521400768,-0.296664515721507,-1.98521400767995,"NSC"
"250",4076,"a40",118,-0.503539530466747,-0.287809579154131,0.472272911911599,0.354175698695045,-0.891281152249545,100.867040997214,-0.203556830507504,17.1329590027863,"UGC"
"251",4123,"a40",84,-1.22398358208416,-0.287809579154131,-0.638130660737697,-0.512611172336819,0.708973643834866,101.281971518237,-0.159746399668323,-17.2819715182367,"UPC"
"252",4142,"a40",91,-1.19627419548349,-0.287809579154131,0.472272911911599,0.70089044710779,-0.62457201956881,102.913659168009,0.0125353084963073,-11.9136591680087,"UPC"
"253",4148,"a40",99,-0.818733803049363,-0.287809579154131,0.472272911911599,0.874247821314163,0.708973643834866,106.584545788401,0.400125799561315,-7.58454578840073,"UPC"
"254",1013,"a182",105,0.653327360111212,-0.287809579154131,0.194672018749275,0.70089044710779,0.975682776515601,106.200226560819,0.359547461533485,-1.20022656081902,"EAC"
"255",1038,"a182",112,0.275786967677086,-0.287809579154131,-0.0829288744130491,0.70089044710779,0.442264511154131,104.972270442153,0.229893739079554,7.02772955784729,"NSC"
"256",1100,"a182",108,-0.59013136359384,-0.287809579154131,-0.0829288744130491,-1.55275541757506,-0.0911537542073399,95.5628390502383,-0.763600887961016,12.4371609497617,"UGC"
"257",1119,"a182",101,-0.243764031085469,-0.287809579154131,-1.19333244706234,-1.03268329495594,0.708973643834866,99.0306265117564,-0.397454617560721,1.96937348824358,"NSC"
"258",1160,"a182",95,0.220368194475748,-0.287809579154131,-1.74853423338699,-1.20604066916231,1.24239190919634,99.4110232558574,-0.35729043487346,-4.41102325585745,"NSC"
"259",1161,"a182",100,0.622154300185457,-0.287809579154131,0.749873805073923,-1.03268329495594,0.442264511154131,98.6709583607019,-0.435430172161966,1.32904163929813,"EAC"
"260",1182,"a182",108,0.999694692619582,-0.287809579154131,0.749873805073923,0.00746095028229932,-0.357862886888075,100.581083718981,-0.233749624062645,7.41891628101899,"NSC"
"261",1203,"a182",102,-1.62923336111895,-0.287809579154131,0.749873805073923,-0.512611172336819,0.708973643834866,101.678187374453,-0.117911956341899,0.321812625547252,"EAC"
"262",68,"a197",100,1.03078240417093,-0.452331697483917,0.749873805073923,0.527533072901418,0.442264511154131,103.579316952019,0.0828187724291283,-3.57931695201897,"NSC"
"263",70,"a197",90,1.76761311853503,-0.452331697483917,0.472272911911599,0.180818324488672,-0.62457201956881,99.5972629594311,-0.337626319462506,-9.59726295943113,"UPC"
"264",141,"a197",100,-0.936944398122008,-0.452331697483917,0.472272911911599,-0.339253798130446,-0.357862886888075,98.8460835739795,-0.416939579988647,1.15391642602044,"EAC"
"265",178,"a197",125,-1.3010923937345,-0.452331697483917,0.749873805073923,0.874247821314163,0.175555378473395,104.718658596634,0.203116137396513,20.2813414033659,"UGC"
"266",202,"a197",80,1.05543825793229,-0.452331697483917,-2.30373601971164,-1.8994701659878,-0.357862886888075,92.0353122544567,-1.13605473478561,-12.0353122544567,"UPC"
"267",234,"a197",116,0.130843738417774,-0.452331697483917,0.749873805073923,0.180818324488672,-1.69140855029175,97.5096689727682,-0.558044889172678,18.4903310272318,"UGC"
"268",241,"a197",107,1.21949451805,-0.452331697483917,0.194672018749275,-0.339253798130446,-0.62457201956881,97.7211487115164,-0.535715805148021,9.27885128848355,"UGC"
"269",248,"a197",93,1.2972552865393,-0.452331697483917,-1.47093334022467,-1.55275541757506,-1.69140855029175,90.3513056885212,-1.31386053467651,2.64869431147877,"NSC"
"270",252,"a197",93,1.5362274097424,-0.452331697483917,-2.58133691287397,-0.685968546543192,0.442264511154131,98.2310026819527,-0.481882883783716,-5.23100268195273,"NSC"
"271",4056,"a40",95,-0.3857746374139,-0.452331697483917,0.472272911911599,0.180818324488672,0.442264511154131,102.522656491033,-0.0287487014033496,-7.52265649103286,"NSC"
"272",4078,"a40",90,-2.08990191335508,-0.452331697483917,-0.0829288744130491,-0.512611172336819,-1.95811768297249,94.587193900709,-0.866614361738874,-4.58719390070899,"NSC"
"273",4084,"a40",108,-0.503539530466747,-0.452331697483917,1.02747469823625,0.354175698695045,0.975682776515601,104.55642373922,0.185986573191625,3.44357626077968,"NSC"
"274",4090,"a40",92,-0.3857746374139,-0.452331697483917,1.02747469823625,-0.165896423924073,-0.0911537542073399,100.121795704046,-0.282243540017453,-8.121795704046,"UPC"
"275",4155,"a40",108,-1.57035091459253,-0.452331697483917,0.194672018749275,-0.339253798130446,-0.357862886888075,98.912955218091,-0.409878938770391,9.08704478190901,"UGC"
"276",1127,"a182",113,-0.271473417686138,-0.452331697483917,1.02747469823625,0.354175698695045,0.442264511154131,103.26646336079,0.0497861321993033,9.73353663921001,"UGC"
"277",1165,"a182",101,-1.42487663493901,-0.452331697483917,0.194672018749275,0.354175698695045,0.442264511154131,103.314345502939,0.0548417672291385,-2.31434550293856,"NSC"
"278",1199,"a182",95,-1.33828480181192,-0.452331697483917,-1.19333244706234,-1.03268329495594,0.175555378473395,97.2272662455423,-0.587862375530217,-2.22726624554225,"NSC"
"279",23,"a197",94,-1.10194896004103,-0.616853815813703,-1.74853423338699,-0.339253798130446,-0.357862886888075,97.593786377637,-0.549163354646637,-3.59378637763697,"NSC"
"280",33,"a197",75,-0.268391434234132,-0.616853815813703,-1.19333244706234,-0.859325920749564,-0.357862886888075,95.6231054724928,-0.757237658961625,-20.6231054724928,"UPC"
"281",62,"a197",96,-0.468483173192576,-0.616853815813703,-0.0829288744130491,-1.03268329495594,-0.891281152249545,94.0303486410754,-0.925408857441806,1.96965135892457,"NSC"
"282",69,"a197",95,-0.0294193144947129,-0.616853815813703,-0.0829288744130491,-0.165896423924073,-0.62457201956881,97.7710441037119,-0.530447601151883,-2.77104410371191,"NSC"
"283",95,"a197",95,1.21380470724216,-0.616853815813703,0.472272911911599,0.527533072901418,0.442264511154131,102.694516600943,-0.0106028551043735,-7.69451660094312,"UPC"
"284",98,"a197",93,0.818362741795484,-0.616853815813703,-0.0829288744130491,-1.03268329495594,-1.15799028493028,93.1459233473831,-1.0187908845489,-0.145923347383112,"EAC"
"285",119,"a197",95,0.0473931556569528,-0.616853815813703,-0.638130660737697,-0.165896423924073,-0.357862886888075,98.2512501078323,-0.479745059723479,-3.25125010783233,"NSC"
"286",201,"a197",100,1.06207637400512,-0.616853815813703,-0.915731553900021,-0.512611172336819,-1.42469941761102,94.2123719854468,-0.906189926233664,5.78762801455315,"NSC"
"287",204,"a197",95,0.828794065073546,-0.616853815813703,-2.02613512654932,-1.37939804336868,-0.62457201956881,92.6639219945586,-1.06968298783464,2.33607800544139,"NSC"
"288",217,"a197",97,1.18820054821582,-0.616853815813703,-0.915731553900021,-1.37939804336868,-1.15799028493028,91.5985889804671,-1.18216615301489,5.40141101953292,"NSC"
"289",261,"a197",94,1.76002670066089,-0.616853815813703,0.194672018749275,0.00746095028229932,-0.357862886888075,98.7308465705788,-0.429106876708964,-4.73084657057881,"NSC"
"290",4022,"a40",101,-1.54264152799186,-0.616853815813703,0.472272911911599,-0.165896423924073,-1.69140855029175,95.7208507521469,-0.746917225546444,5.27914924785308,"NSC"
"291",4023,"a40",98,-2.03101946682866,-0.616853815813703,-1.19333244706234,-0.859325920749564,-2.22482681565322,91.6348334146339,-1.17833928515167,6.36516658536608,"NSC"
"292",4063,"a40",86,-0.531248917067416,-0.616853815813703,-1.47093334022467,-1.03268329495594,0.175555378473395,96.2148477220474,-0.694758565269461,-10.2148477220474,"UPC"
"293",4065,"a40",112,-1.57035091459253,-0.616853815813703,1.02747469823625,0.70089044710779,0.442264511154131,104.031092243399,0.130519457616233,7.9689077566014,"UGC"
"294",4091,"a40",91,-1.25169296868483,-0.616853815813703,0.472272911911599,-0.339253798130446,0.175555378473395,99.3682508684888,-0.361806556546123,-8.36825086848879,"UPC"
"295",4157,"a40",88,-1.85783580057448,-0.616853815813703,-0.360529767575373,-1.20604066916231,0.442264511154131,96.7162226597389,-0.64182090240948,-8.71622265973888,"UPC"
"296",4161,"a40",107,-0.3857746374139,-0.616853815813703,0.194672018749275,0.354175698695045,-0.357862886888075,100.453384041683,-0.247232791959398,6.5466159583168,"NSC"
"297",1168,"a182",84,0.161485747949325,-0.616853815813703,-0.638130660737697,-1.20604066916231,-0.357862886888075,94.3768298156575,-0.888825649490071,-10.3768298156575,"UPC"
"298",1206,"a182",99,-1.5114684680661,-0.616853815813703,0.194672018749275,-0.859325920749564,-0.357862886888075,96.1906669311128,-0.69731169360108,2.80933306888722,"NSC"
"299",18,"a197",95,0.708359701670691,-0.781375934143489,0.472272911911599,-0.339253798130446,1.50910104187707,101.288944513704,-0.159010156080055,-6.28894451370439,"NSC"
"300",21,"a197",90,-0.011401573342513,-0.781375934143489,-0.0829288744130491,0.180818324488672,-0.0911537542073399,99.5088524123047,-0.346961145328737,-9.50885241230472,"UPC"
"301",81,"a197",95,-0.155543488705415,-0.781375934143489,-0.638130660737697,-1.55275541757506,-1.42469941761102,89.8882675403865,-1.3627504083709,5.11173245961357,"NSC"
"302",91,"a197",93,0.727325741160525,-0.781375934143489,-0.360529767575373,0.00746095028229932,-0.0911537542073399,98.6532585931404,-0.437299001769169,-5.65325859314042,"NSC"
"303",190,"a197",108,0.63439213692295,-0.781375934143489,0.472272911911599,0.00746095028229932,0.442264511154131,100.102767209121,-0.284252663277011,7.89723279087904,"UGC"
"304",264,"a197",96,-1.13893274068307,-0.781375934143489,-1.19333244706234,-1.20604066916231,-0.0911537542073399,94.3539932455535,-0.891236848291934,1.64600675444653,"NSC"
"305",4004,"a40",114,-1.94442763370157,-0.781375934143489,-0.638130660737697,-0.512611172336819,-0.891281152249545,95.3477026606908,-0.786316059387849,18.6522973393093,"UGC"
"306",4134,"a40",94,-1.28286602861058,-0.781375934143489,0.472272911911599,-0.165896423924073,0.708973643834866,100.474271444682,-0.245027395927738,-6.47427144468177,"NSC"
"307",1020,"a182",89,-0.59013136359384,-0.781375934143489,-1.74853423338699,-1.37939804336868,-0.357862886888075,92.853323982434,-1.04968498269836,-3.85332398243403,"NSC"
"308",1054,"a182",89,-0.472366470540993,-0.781375934143489,-0.915731553900021,-0.859325920749564,-0.357862886888075,94.9427856530619,-0.829069213613754,-5.94278565306193,"NSC"
"309",1087,"a182",90,-1.13739174895706,-0.781375934143489,-1.19333244706234,-1.03268329495594,-1.42469941761102,91.8892756580662,-1.15147400592137,-1.88927565806622,"NSC"
"310",1095,"a182",86,-0.444657083940324,-0.781375934143489,-0.638130660737697,-0.859325920749564,-0.357862886888075,94.9997862499138,-0.823050806724774,-8.99978624991383,"UPC"
"311",1103,"a182",111,-1.94442763370157,-0.781375934143489,0.749873805073923,-0.859325920749564,0.708973643834866,98.1048447909911,-0.495203262200719,12.8951552090089,"UGC"
"312",1124,"a182",97,-1.05079991582997,-0.781375934143489,-2.58133691287397,-1.03268329495594,1.24239190919634,97.7707296692538,-0.530480800707909,-0.770729669253802,"EAC"
"313",1188,"a182",99,-1.5114684680661,-0.781375934143489,-1.47093334022467,-1.20604066916231,1.24239190919634,97.4737639923888,-0.561835915814482,1.52623600761122,"NSC"
"314",17,"a197",101,-0.210545010499649,-0.945898052473275,-0.360529767575373,-1.55275541757506,0.975682776515601,94.7687313588501,-0.847446732818726,6.23126864114988,"NSC"
"315",32,"a197",87,-0.00381515893204889,-0.945898052473275,-0.360529767575373,-1.20604066916231,-1.69140855029175,89.7976477814863,-1.37231849381849,-2.79764778148629,"NSC"
"316",43,"a197",86,-0.325289559630981,-0.945898052473275,-0.360529767575373,-0.685968546543192,-1.15799028493028,93.0314367168321,-1.03087895316675,-7.03143671683209,"NSC"
"317",90,"a197",95,0.251278101820628,-0.945898052473275,-1.74853423338699,-0.339253798130446,0.175555378473395,96.9901302623408,-0.612900373617016,-1.99013026234079,"NSC"
"318",114,"a197",104,-0.145112165427353,-0.945898052473275,-0.0829288744130491,-0.685968546543192,0.175555378473395,96.1635060698649,-0.700179472597666,7.83649393013508,"UGC"
"319",180,"a197",86,-0.288305778988947,-0.945898052473275,-0.638130660737697,-1.55275541757506,-0.62457201956881,90.9944665380389,-1.24595240912625,-4.99446653803892,"NSC"
"320",183,"a197",111,0.922675967648755,-0.945898052473275,1.02747469823625,0.354175698695045,-0.0911537542073399,99.4256376726744,-0.35574737196347,11.5743623273256,"UGC"
"321",232,"a197",103,0.138430152828238,-0.945898052473275,-0.0829288744130491,-0.512611172336819,-0.0911537542073399,96.1261160856679,-0.704127293338124,6.87388391433213,"NSC"
"322",236,"a197",92,0.0511863628621848,-0.945898052473275,-0.638130660737697,-0.165896423924073,0.442264511154131,98.5448192615985,-0.448748566440992,-6.54481926159845,"NSC"
"323",242,"a197",87,0.102394673987512,-0.945898052473275,0.472272911911599,-1.20604066916231,-0.0911537542073399,93.6914294210536,-0.961193636571164,-6.69142942105357,"NSC"
"324",254,"a197",92,1.61967799250322,-0.945898052473275,-0.915731553900021,-1.8994701659878,-1.42469941761102,87.3941479204591,-1.62609197901284,4.60585207954094,"NSC"
"325",4036,"a40",80,-0.849906862975118,-0.945898052473275,-0.360529767575373,-1.37939804336868,-0.891281152249545,91.1925858898853,-1.22503398128785,-11.1925858898853,"UPC"
"326",4125,"a40",77,-0.503539530466747,-0.945898052473275,0.194672018749275,-0.512611172336819,-0.62457201956881,95.0775738802137,-0.81483760132115,-18.0775738802137,"UPC"
"327",4151,"a40",86,-1.57035091459253,-0.945898052473275,-0.0829288744130491,-1.03268329495594,-2.22482681565322,89.5800381287034,-1.39529480469501,-3.58003812870344,"NSC"
"328",4156,"a40",105,-0.818733803049363,-0.945898052473275,0.194672018749275,0.180818324488672,0.442264511154131,100.194426397332,-0.27457482970627,4.80557360266833,"NSC"
"329",1125,"a182",95,-1.05079991582997,-0.945898052473275,-1.74853423338699,-1.55275541757506,0.175555378473395,92.7634858082789,-1.05917054453613,2.23651419172111,"NSC"
"330",1154,"a182",87,0.306960027602841,-0.945898052473275,-2.85893780603629,-2.41954228860692,-0.891281152249545,86.5408984430835,-1.71618230817197,0.459101556916533,"EAC"
"331",35,"a197",93,0.524389096798157,-1.11042017080306,-4.80214405817256,-2.76625703701966,-3.29166334637616,78.3981103765048,-2.57593842480912,14.6018896234953,"UGC"
"332",66,"a197",94,1.76666481327004,-1.11042017080306,-0.0829288744130491,-0.339253798130446,-0.891281152249545,93.7865178474041,-0.951153726959396,0.213482152595939,"EAC"
"333",166,"a197",91,1.51157155598104,-1.11042017080306,-3.69174048552326,-2.24618491440055,-0.357862886888075,87.2061839417591,-1.64593815197883,3.79381605824087,"NSC"
"334",167,"a197",104,1.69933536805881,-1.11042017080306,-0.360529767575373,0.354175698695045,0.442264511154131,99.4112616292954,-0.357265266218742,4.58873837070465,"NSC"
"335",181,"a197",100,-0.905650428287823,-1.11042017080306,-0.638130660737697,-0.512611172336819,-2.49153594833396,89.8383548345442,-1.36802044042809,10.1616451654558,"UGC"
"336",191,"a197",86,-0.38692919403437,-1.11042017080306,-1.74853423338699,-0.165896423924073,-1.69140855029175,92.6290460464864,-1.07336536412068,-6.62904604648641,"NSC"
"337",4026,"a40",77,-0.964208082702879,-1.11042017080306,-1.19333244706234,-1.37939804336868,-0.891281152249545,90.243256733127,-1.32526888149051,-13.243256733127,"UPC"
"338",4075,"a40",90,-1.77124396744738,-1.11042017080306,-0.638130660737697,-0.339253798130446,-0.357862886888075,95.6272272382413,-0.756802462406747,-5.62722723824134,"NSC"
"339",4085,"a40",96,-0.59013136359384,-1.11042017080306,-0.360529767575373,-0.859325920749564,-0.891281152249545,92.2802995978646,-1.11018775098701,3.71970040213543,"NSC"
"340",4088,"a40",85,-1.28286602861058,-1.11042017080306,0.194672018749275,-0.165896423924073,-0.891281152249545,95.1146983724419,-0.810917812544957,-10.1146983724419,"UPC"
"341",4114,"a40",102,-0.73214196992227,-1.11042017080306,-0.360529767575373,-0.685968546543192,-0.891281152249545,92.9511902839401,-1.03935177119335,9.04880971605995,"UGC"
"342",4159,"a40",87,-0.905325636176456,-1.11042017080306,0.472272911911599,-0.685968546543192,-0.891281152249545,93.1746108803861,-1.01576191194531,-6.1746108803861,"NSC"
"343",4165,"a40",91,-1.22398358208416,-1.11042017080306,0.472272911911599,-0.339253798130446,-0.357862886888075,95.765975983187,-0.742152678921362,-4.76597598318701,"NSC"
"344",1004,"a182",93,-0.877616249575787,-1.11042017080306,-0.360529767575373,-0.685968546543192,0.708973643834866,96.708441822791,-0.642642441924426,-3.70844182279098,"NSC"
"345",1178,"a182",93,0.999694692619582,-1.11042017080306,-0.0829288744130491,-1.03268329495594,-1.69140855029175,89.5122308271703,-1.40245423728359,3.48776917282967,"NSC"
"346",1191,"a182",76,-1.36945786173767,-1.11042017080306,-0.638130660737697,-2.07282754019417,-0.62457201956881,88.5053288224482,-1.50876796549754,-12.5053288224482,"UPC"
"347",1197,"a182",98,-1.39716724833834,-1.11042017080306,-1.74853423338699,-0.512611172336819,0.442264511154131,96.5219564651723,-0.662332494712849,1.47804353482766,"EAC"
"348",1210,"a182",88,-1.31057541521125,-1.11042017080306,-1.74853423338699,-1.55275541757506,-0.891281152249545,89.5469101335679,-1.39879262340487,-1.5469101335679,"NSC"
"349",72,"a197",95,0.532923816473603,-1.27494228913285,-0.638130660737697,-0.859325920749564,-0.357862886888075,92.4457514916743,-1.09271851605802,2.55424850832572,"NSC"
"350",99,"a197",84,1.41958625700845,-1.27494228913285,0.472272911911599,-0.859325920749564,-1.95811768297249,88.7875881695053,-1.47896561793229,-4.78758816950529,"NSC"
"351",108,"a197",95,0.713101210677231,-1.27494228913285,-0.638130660737697,-2.41954228860692,-0.357862886888075,86.6322725718709,-1.70653457259479,8.36772742812909,"UGC"
"352",115,"a197",79,0.810776323921346,-1.27494228913285,-2.58133691287397,-2.93961441122604,-0.891281152249545,83.0055807794748,-2.0894587536217,-4.00558077947478,"NSC"
"353",123,"a197",108,0.585080429400238,-1.27494228913285,0.749873805073923,0.527533072901418,0.442264511154131,99.7469551558256,-0.321821071872772,8.25304484417441,"UGC"
"354",224,"a197",79,0.724480835756601,-1.27494228913285,-0.0829288744130491,-1.20604066916231,-2.22482681565322,86.899464753588,-1.67832309138337,-7.89946475358798,"UPC"
"355",263,"a197",103,-1.13893274068307,-1.27494228913285,0.472272911911599,-1.03268329495594,-0.891281152249545,91.1539880069489,-1.22910933799277,11.8460119930512,"UGC"
"356",4042,"a40",96,-0.676723196720932,-1.27494228913285,-0.360529767575373,-1.55275541757506,-1.95811768297249,86.4609144744124,-1.72462741391899,9.53908552558756,"UGC"
"357",4132,"a40",95,-1.36945786173767,-1.27494228913285,0.194672018749275,-0.165896423924073,0.975682776515601,98.6964551809206,-0.432738090904463,-3.69645518092059,"NSC"
"358",1120,"a182",100,0.854220412966066,-1.27494228913285,0.749873805073923,-0.165896423924073,-0.357862886888075,95.260771340701,-0.795494701086179,4.73922865929904,"NSC"
"359",22,"a197",74,-0.754870400315764,-1.43946440746263,-2.02613512654932,-1.37939804336868,-3.29166334637616,82.8517864721308,-2.10569712251473,-8.85178647213083,"UPC"
"360",41,"a197",111,1.07155939548187,-1.43946440746263,0.472272911911599,0.180818324488672,-0.0911537542073399,96.2738985444464,-0.688523685356721,14.7261014555536,"UGC"
"361",75,"a197",93,-0.527277902192041,-1.43946440746263,0.472272911911599,-0.512611172336819,-0.0911537542073399,94.0334883824296,-0.925077347913153,-1.03348838242957,"EAC"
"362",80,"a197",77,0.224725640992983,-1.43946440746263,-3.41413959236094,-2.41954228860692,-1.42469941761102,82.8357733727365,-2.10738786529694,-5.83577337273647,"NSC"
"363",171,"a197",86,0.716894417882463,-1.43946440746263,-1.47093334022467,-2.07282754019417,-1.69140855029175,83.8362371030548,-2.00175392215833,2.16376289694523,"NSC"
"364",228,"a197",115,0.315762641627942,-1.43946440746263,0.194672018749275,0.00746095028229932,0.708973643834866,97.5877027706919,-0.549805692165371,17.4122972293081,"UGC"
"365",266,"a197",95,1.78278595081963,-1.43946440746263,-0.0829288744130491,-1.20604066916231,-0.0911537542073399,90.8683266225044,-1.25927088960814,4.13167337749558,"NSC"
"366",4055,"a40",86,-0.791024416448694,-1.43946440746263,-0.638130660737697,-1.03268329495594,-0.891281152249545,90.0474640261805,-1.34594165057327,-4.04746402618055,"NSC"
"367",1096,"a182",89,-0.531248917067416,-1.43946440746263,-0.0829288744130491,-1.37939804336868,-0.891281152249545,88.8359761792939,-1.47385657087771,0.164023820706107,"EAC"
"368",1104,"a182",96,-0.763315029848025,-1.43946440746263,-1.19333244706234,-1.55275541757506,-1.15799028493028,87.3696685820685,-1.62867662947168,8.63033141793149,"UGC"
"369",39,"a197",83,-0.654350381667725,-1.60398652579242,-5.07974495133488,-4.15311603067065,-1.15799028493028,76.0576189543823,-2.82305916523041,6.94238104561772,"NSC"
"370",42,"a197",85,0.412489453070748,-1.60398652579242,0.194672018749275,-0.685968546543192,0.442264511154131,93.5945769743285,-0.971419800239223,-8.59457697432851,"UPC"
"371",227,"a197",105,1.08104241695862,-1.60398652579242,-1.19333244706234,-0.165896423924073,0.708973643834866,95.691306053102,-0.750036702009594,9.30869394689804,"UGC"
"372",4045,"a40",98,-1.33828480181192,-1.60398652579242,-0.360529767575373,-1.20604066916231,-1.69140855029175,86.9317521322746,-1.6749140291446,11.0682478677254,"UGC"
"373",4130,"a40",88,-1.36945786173767,-1.60398652579242,-0.360529767575373,-0.859325920749564,-1.15799028493028,89.4643231690093,-1.40751256642109,-1.46432316900935,"EAC"
"374",1040,"a182",85,1.14170529894801,-1.60398652579242,-1.74853423338699,-0.859325920749564,-1.42469941761102,88.0161730156862,-1.56041547166049,-3.0161730156862,"NSC"
"375",15,"a197",87,-0.246580489340374,-1.7685086441222,0.749873805073923,-0.165896423924073,-1.15799028493028,91.2680401289455,-1.21706714695203,-4.26804012894547,"NSC"
"376",40,"a197",84,-1.21953841457629,-1.7685086441222,-1.19333244706234,-1.03268329495594,-1.69140855029175,86.5766098122899,-1.71241172396204,-2.57660981228986,"NSC"
"377",45,"a197",97,0.62490911890987,-1.7685086441222,-0.0829288744130491,-0.859325920749564,0.708973643834866,92.6831667341416,-1.06765103238716,4.31683326585836,"NSC"
"378",155,"a197",92,0.205759601503149,-1.7685086441222,-2.58133691287397,-2.07282754019417,-3.82508161173763,77.1506945654542,-2.70764679849779,14.8493054345458,"UGC"
"379",240,"a197",80,0.407747944064208,-1.7685086441222,-0.638130660737697,-0.339253798130446,-1.15799028493028,90.1790369020035,-1.332049531087,-10.1790369020035,"UPC"
"380",1058,"a182",105,-0.763315029848025,-1.7685086441222,0.194672018749275,-1.37939804336868,-0.357862886888075,88.6191987997533,-1.49674500620044,16.3808012002467,"UGC"
"381",25,"a197",90,-0.825993056195908,-1.93303076245199,-0.0829288744130491,-1.20604066916231,-2.22482681565322,84.0777445331025,-1.97625436494289,5.92225546689747,"NSC"
"382",84,"a197",95,0.377402276031331,-1.93303076245199,-2.58133691287397,-1.72611279178143,-2.22482681565322,81.3420849710809,-2.26509892558405,13.6579150289191,"UGC"
"383",210,"a197",77,1.48122589141184,-1.93303076245199,-5.35734584449721,-4.15311603067065,-4.09179074441837,67.155044955749,-3.76303726444622,9.84495504425102,"UGC"
"384",244,"a197",65,-0.168819717387402,-1.93303076245199,-3.13653869919861,-1.8994701659878,-2.22482681565322,80.6866110180857,-2.33430712992097,-15.6866110180857,"UPC"
"385",4011,"a40",105,-0.617840750194509,-1.93303076245199,-0.0829288744130491,-0.165896423924073,-0.891281152249545,90.9925121953454,-1.24615875836082,14.0074878046546,"UGC"
"386",4070,"a40",83,-0.877616249575787,-1.93303076245199,-1.19333244706234,-0.512611172336819,-0.0911537542073399,91.3750238783555,-1.20577126989076,-8.3750238783555,"UPC"
"387",20,"a197",90,0.0957565613783552,-2.09755288078178,-0.638130660737697,-0.685968546543192,-0.357862886888075,89.2534920783285,-1.4297731629524,0.746507921671446,"EAC"
"388",47,"a197",92,-0.117611406262074,-2.09755288078178,-0.0829288744130491,-0.685968546543192,-0.891281152249545,88.1799632375999,-1.5431216843257,3.82003676240011,"NSC"
"389",76,"a197",83,-0.571848100708212,-2.26207499911156,1.02747469823625,-1.03268329495594,-1.42469941761102,85.2126316008211,-1.85642733638885,-2.21263160082106,"NSC"
"390",86,"a197",88,0.638185347591855,-2.26207499911156,-0.0829288744130491,-0.685968546543192,0.175555378473395,89.7256914348398,-1.37991600325314,-1.7256914348398,"NSC"
"391",4121,"a40",104,-1.22398358208416,-2.26207499911156,0.472272911911599,0.180818324488672,0.708973643834866,94.6836013174922,-0.856435186548405,9.31639868250777,"UGC"
"392",1006,"a182",73,-2.17649374648218,-2.26207499911156,-3.41413959236094,-4.84654552749614,-1.15799028493028,71.0387184374248,-3.35297967684954,1.96128156257518,"NSC"
"393",1099,"a182",83,-0.791024416448694,-2.26207499911156,-0.360529767575373,-1.55275541757506,-0.891281152249545,84.2610748865844,-1.95689743320372,-1.26107488658444,"EAC"
"394",78,"a197",78,-0.0531268664547603,-2.42659711744135,-0.0829288744130491,-1.37939804336868,-1.42469941761102,82.7874786873832,-2.11248705869287,-4.78747868738325,"NSC"
"395",1059,"a182",80,-1.65694274771962,-2.59111923577113,-0.915731553900021,-1.55275541757506,-1.69140855029175,80.8796750423474,-2.3139224687454,-0.879675042347415,"EAC"
