"","SubjectID","Project","age.tested","towre.w.ipm","towre.nw.ipm","wj3.wid.raw","wj3.watt.raw","ppvt.raw","wasi.matr.raw","wj3.rcomp.raw","nd.rcomp.raw"
"1","1",1,21.28,148.57,77.73,74,29,216,25,42,85.65
"2","2",1,24.62,134.67,81.82,71,28,210.32,24,40,81.66
"3","3",1,24.37,112,81.33,75,32,220,24,39,85
"8","11",1,19.05,148.57,81.33,74,31,214,26,41,84.34
"9","12",1,20.01,147.14,80,69,28,200,20,43,78.78
"10","14",1,22.79,141.82,77.33,75,31,214,22,43,86.135
"11","15",1,19.57,106.67,74.67,68,31,180,17,33,63.14
"12","17",1,19.71,117.33,64,60,27,198,25,38,64
"13","18",1,22.19,122.67,65.33,67,30,186,27,36,75
"14","19",1,25.36,113.33,77.33,73,29,207,21,40,82.28
"15","20",1,20.4,107.4136333209,57.6084175197,65,26,181,20,34,64.73
"16","21",1,20.3,105.33,77.33,70,28,201,21,34,83
"17","22",1,18.16,101.33,44,61,21,177,9,29,57.38
"18","23",1,16.85,126.67,72,67,22,187,20,35,76
"19","24",1,24.85,141.82,96.32,75,32,195,20,36,80.64
"20","25",1,17.75,121.33,70.67,62,28,196,13,34,76
"22","27",1,23.71,148.57,96.92,76,32,222,25,45,88.44
"23","28",1,22.23,150,81.33,76,31,218,22,42,87.15
"25","30",1,18.44,122.67,77.33,69,29,198,23,34,76.45
"26","31",1,22.55,164.21,99.47,74,32,220,28,44,86.77
"27","32",1,20.23,122.67,60,62,27,165,15,33,59
"28","33",1,19.13,116,57.33,64,24,162,20,29,70
"29","34",1,19.33,113.33,68,65,30,179,20,30,63.17
"30","35",1,21.55,98.67,16,53,11,180,9,35,58.91
"31","36",1,17.19,126.67,85.12,71,30,193,17,34,67
"32","37",1,22.3,118.67,77.33,75,31,209,21,37,82.53
"34","40",1,16.63,122.67,60,63,24,178,15,32,68
"35","41",1,23.17,106.67,77.33,70,30,205,21,42,80.36
"36","42",1,21.09,121.3333333,70.67,65,29,183,23,32,65.45
"37","43",1,18.94,114.67,70.67,65,27,193,17,33,67.82
"39","45",1,21.73,117.33,41.33,64,28,180,24,37,72.34
"40","46",1,23.85,126.67,56,73,27,212.47,24,43,85.02
"41","47",1,19.58,117.33,58.67,65,28,178,18,35,71
"43","50",1,18.92,168.65,105.45,74,32,213,22,37,82.72
"44","51",1,23.03,128,61.33,68,29,202,17,38,77.36
"45","52",1,18.32,106.67,84.55,74,29,216,25,43,86.52
"47","54",1,23.66,143.72,83.72,73,32,209,21,40,83.41
"48","55",1,18.51,164.21,112.5,75,32,222,26,45,88.03
"49","56",1,18.67,173.33,88.5,76,29,220,24,45,87.02
"50","58",1,24.29,147.14,99.47,72.77,30.5,209,22,39.8,82.26
"53","61",1,22.6,137.33,81.33,74,31,213,24,41,84.83
"54","62",1,18.49,116,52,63,28,209,18,36,73.34
"55","63",1,18.46,130.67,77.33,74.85,30.43,218,24.4,43.02,87.5
"56","64",1,18.59,124,77.33,71.13,29.75,205,17,38.36,78.32
"57","65",1,22.06,126.67,76,74,32,204,12,40,83.03
"58","66",1,24.91,122.67,62.67,67,28,200,18,35,77.04
"59","68",1,22.82,141.82,90,72,31,208,23,38,80.75
"60","69",1,20.32,114.67,54.67,68,28,204,19,36,75.65
"61","70",1,24.9,125.33,81.33,70,30,193,19,33,72.09
"62","71",1,23.43,162.2,76,67,28,210,18,41,81.13
"63","73",1,22,116,77.33,72,31,207,18,38,79.34
"64","75",1,18.29,109.33,56,66,30,195,21,35,72.48
"65","76",1,18.16,116,79.43,63,32,154,16,32,57.02
"66","77",1,24.07,118.67,68,73,24,196,20,36,77.14
"67","78",1,19.8,88,48,61,28,151,16,30,55.71
"68","79",1,20.64,109.33,73.33,72,30,195,21,39,78.1
"69","80",1,20.66,106.67,53.33,55,16,166,16,29,49.79
"70","81",1,19.36,90.67,46.67,60,26,171,16,36,64.47
"71","83",1,23.83,138.67,89.6,75,30,218,25,43,88.16
"72","84",1,21.01,96,36,59,19,180,13,36,66.12
"73","85",1,21.73,126.67,73.33,74,30,209,21,38,80.97
"74","86",1,21.64,118.67,56,65,28,169,22,33,62.33
"75","87",1,22.56,124,53.33,69,25,213,27,43,83.9
"76","88",1,22.61,133.33,74.67,74,32,218,22,39,83.05
"77","89",1,17.37,110.67,61.33,60,27,180,14,36,66
"78","90",1,20.5,105.33,56,67,22,192,22,36,78
"79","91",1,21.92,117.33,61.33,69,27,188,21,35,73.49
"80","92",1,24.88,152.2,89.27,76,31,220,23,44,87.54
"81","93",1,16.17,119.0931666635,67.6708680361,66,27,200,21.16,37,76.44
"82","94",1,22.08,154.5,76.36,74,30,219,23,39,83.05
"83","95",1,23.31,155.77,90,72,30,206,23,36,79.35
"84","96",1,24.55,121.33,46.67,62.1,23.49,180,17.01,32.49,61.42
"85","97",1,20.24,125.33,74.67,73,29,210,25,37,80.34
"86","98",1,22.16,106.67,66.67,63,28,190,17,35,73.13
"87","99",1,23.9,117.33,69.33,64,30,158,14,30,59.95
"88","100",1,18.07,133.33,83.59,66,29,193,26,38,75.23
"89","101",1,24.35,108,29.33,48,0,184,19,27,54.33
"90","102",1,19.4,113.33,72,75,30,215,25,40,83.07
"91","103",1,20.91,118.67,52,73,29,212,25,42,84.54
"93","105",1,18.09,82.67,57.33,68,29,196,21,37,71.34
"94","106",1,22.65,121.33,69.33,69,31,200.63,16,35,78.86
"96","108",1,21.86,89.33,21.33,55,26,153,20,36,63.58
"98","110",1,17.96,129.33,76,71,30,204,18,43,78
"99","111",1,23.55,137.33,70.67,73,28,211,17,40,82.62
"100","112",1,23.62,117.33,65.33,70,31,204,25,42,80.89
"101","113",1,19.64,147.25,89.42,76,30,222,21,40,84.53
"102","114",1,19.38,133.33,68,65,28,198,22,39,70
"103","115",1,22.14,98.67,18.67,52,19,130,18,29,50.35
"105","117",1,22.02,181.24,78.04,74,28,223,23,42,85.35
"106","118",1,21.35,137.33,74.67,74,28,216,19,43,84.74
"107","119",1,19.96,110.67,30.67,68,26,190,20,36,71.96
"108","120",1,21.58,137.33,83.92,71,28,200,20,36,78.91
"109","121",1,19.65,122.67,62.67,74,29,212,23,42,84.19
"110","122",1,23.2,112,72,72,30,209,27,41,83.4
"111","123",1,21.53,108,56,72,31,210,23,41,82.96
"112","124",1,20.42,151.13,77.33,73,32,213,23,44,88
"113","125",1,22.21,130.67,78.67,76,31,223,24,43,88.99
"114","126",1,24.91,126.67,72,72,31,204,20,40,80.62
"115","127",1,20.56,148.11,91.29,76,30,205,27,43,84.86
"116","128",1,19.22,155.51,100.61,74,28,215,22,41,83.36
"117","129",1,22.36,128,74.67,73,30,213.54,25,44,86.39
"118","130",1,20.24,100,74.67,71,30,203,21,40,80.23
"119","131",1,20.81,138.67,76,76,30,216,26,43,87.33
"120","132",1,19.07,140.6,68,76,29,218,25,44,86.69
"121","133",1,22.58,137.33,77.33,76,31,216,26,42,86.1
"122","134",1,21.17,121.33,68,68,25,206,20,39,79.89
"124","136",1,23.14,167.2,100.22,75,31,222,25,45,87.97
"125","137",1,22.54,122.67,73.33,73,28,210,19,41,83.61
"126","138",1,20.36,125.33,70.67,70,27,204,25,37,79.86
"128","140",1,22.92,134.67,66.67,76,31,219,24.39,43,87.52
"129","141",1,17.1,118.67,60,67,30,188,20,37,73.53
"130","142",1,16.15,137.33,68,69,27,212,22,39,88
"131","143",1,23.17,132,72,75,28,212,12,40,83.51
"132","144",1,24.99,137.33,80,75,31,215,26,42,85.98
"133","145",1,23.18,101.33,77.33,75,31,217,22,46,86.815
"134","146",1,21.2,118.67,83.18,75,28,217,25,43,86.96
"135","147",1,24.48,118.67,74.67,75,30,228,18,41,86.02
"136","148",1,21.72,110.67,64,66,28,191,18,35,74.73
"138","150",1,21.7,156,82.33,73,31,209,23,40,83.64
"139","151",1,19.87,114.67,72,66,29,188,22,37,73
"140","152",1,16.18,112,81.61,76,30,220,24,42,86.31
"141","153",1,22.76,138.67,74.67,69,29,206,21,42,80.22
"142","154",1,16.69,117.33,66.67,63,27,194,16,31,68.9
"143","155",1,20.39,112,50.67,57,19,85,7,35,58.89
"144","156",1,21.85,94.1203666638,41.3470666661,55,23,156.09,13.03,28,49.97
"145","157",1,18.45,159.88,80,73,31,204,24,43,82.38
"146","158",1,20.7,129.33,66.67,69,27,212,23,39,82.93
"147","159",1,21.1,130.67,73.33,71,30,202,24,40,79.87
"148","160",1,23.38,141.82,77.33,75,28,208,24,43,85.41
"149","161",1,20.61,128,60,73,30,212,25,42,84.92
"150","162",1,22.74,128,114.38,76,31,216,22,43,85.38
"151","163",1,21.66,112,41.33,59,17,169,18,36,65.44
"152","164",1,17.08,121.33,70.67,73,28,208,23,38,80.3
"153","165",1,23.93,125.33,93.85,74,30,208,26,44,84.72
"154","166",1,24.15,116,34.67,56,15,160,20,34,56.2
"155","167",1,24.69,110.67,64,71,27,228,23,40,83.59
"156","168",1,24.16,118.67,73.33,74,30,197,15,40,81.7
"157","169",1,20.55,117.33,74.67,69,30,201,15,40,79.29
"158","170",1,16.03,113.33,70.67,69,29,174,18,32,55
"159","171",1,21.86,85.33333333,74.67,57,23,167,15,32,54.08
"160","172",1,24.08,134.67,58.67,73,31,218,25,42,85.66
"161","174",1,20.05,129.33,76,72,29,201,21,41,81.09
"162","175",1,19.24,124,76,70,29,202.71,20.14,37,78.29
"163","176",1,22.96,106.67,40,67,29,188,22,37,74
"164","177",1,24.19,133.33,68,73,31,208,18,36,80.44
"165","178",1,16.04,106.67,65.33,74,31,212,22,44,82.59
"166","180",1,18.97,117.33,66.67,60,26,167,19,33,60.09
"167","181",1,17.19,101.33,54.67,66,26,190,12,37,70.32
"168","182",1,17.53,130.67,81.73,75,31,218,25,43,89
"169","183",1,22.45,168.65,81.82,71,32,217,21,42,80
"170","184",1,21.6,148.57,91.58,76,29,222,26,44,88.56
"171","185",1,20.45,141.82,77.33,76,30,211,22,44,86.51
"172","186",1,18.69,140.45,97.06,74,32,210,23,43,86
"173","187",1,24.45,120,84.55,74,29,211,23,40,83.44
"174","188",1,19.34,132,66.67,75,31,222,24,43,87.53
"175","189",1,22.95,126.67,89.76,74,32,223,25,46,88
"176","190",1,21.63,122.67,87.06,69,30,209,23,41,82.42
"177","191",1,18.69,110.111738485,51.9232548071,68,22,196,15,33,66.3
"179","193",1,22.81,106.67,66.67,73,30,199,22,37,80.03
"180","194",1,20.7,110.67,86.51,75,30,210,22,38,81.11
"181","195",1,22.13,130.67,60,69,29,195,21,38,76.22
"183","201",1,22.88,106.67,62.67,66,25,191,16,38,73.63
"184","202",1,22.84,109.33,28,58,20,176,20,29,55.15
"185","203",1,20.92,129.33,66.67,68,29,215,20,45,82.95
"186","204",1,22.18,96,65.33,61,21,187,19,36,72.05
"187","205",1,17.07,88,32,58,19,152,8,32,52.27
"188","206",1,24.84,125.33,80,71,29,212.49,23.83,45,86.5
"189","207",1,23.35,147.52,93.02,76,30,220,29,43,88.52
"190","208",1,23.51,129.33,107.63,74,26,213,21,42,84.73
"191","209",1,22.44,113.33,64,67,27,197,22,37,76.59
"192","210",1,24.1,77.33,4,45,9,148,6,26,39.6
"193","212",1,19.04,129.33,101.67,76,32,224,23,44,88.14
"194","213",1,16.85,120,65.33,63,27,167,14,36,53
"195","214",1,20.63,121.33,66.67,75,29,213,24,43,85.7
"196","215",1,22.35,126.67,69.33,68,24,198,18,29,75.3
"197","216",1,16.95,109.33,77.33,69,31,204,20,35,76.66
"198","217",1,23.23,120,61.33,61,25,176,17,37,68.16
"199","218",1,22.4,138.67,77.73,73,32,217,22,42,84.87
"200","219",1,22.03,108,61.33,71,30,201,25,38,78.28
"201","220",1,18.92,129.33,72,71,30,216,25,41,84.96
"202","221",1,18.02,121.33,69.33,74,29,216,19,40,79.97
"203","223",1,19.03,121.33,93.85,73,32,203,25,40,80.86
"204","224",1,21.88,120,73.33,62,28,116,13,29,59.17
"205","225",1,18.46,113.33,76,76,30,215,25,45,85.83
"206","226",1,21.5,80,76,74,30,197,18,36,79.23
"207","227",1,22.94,114.67,64,68,24,202,24,40,81.97
"208","228",1,20.73,117.33,64,69,29,193,24,43,77.72
"209","229",1,18.94,156,90.73,75,32,225,26,43,88.85
"210","230",1,22.61,124,52,72,31,199,24,36,78.34
"211","231",1,16.85,124,58.67,68,28,194,20,37,71.38
"212","232",1,20.19,129.33,66.67,66,28,201,21,39,68
"213","233",1,21.52,116,98.31,74,30,208,20,40,82.43
"214","234",1,20.18,97.33,61.33,70,31,205,15,43,78.24
"215","235",1,20.93,121.33,58.67,74,28,208,20,39,79.2
"216","236",1,19.94,110.67,61.33,68,26,170,23,35,66.11
"217","237",1,17.96,134.67,98.33,76,31,214,25,40,84.39
"218","238",1,23.12,156,82.67,75,31,212,28,41,84.81
"219","239",1,20.18,141.82,80,75,31,219,21,41,87.24
"220","240",1,20.97,124,73.64,67,26,147,17,30,59.15
"221","241",1,23.32,141.82,85.5,67,29,206,19,41,78.83
"222","242",1,20.1,120,68,62,30,131,21,33,62.44
"223","243",1,18.66,125.33,70.67,68,28,196,24,40,76.24
"224","244",1,19.33,62.67,40,58,17,164,13,25,46.76
"225","245",1,24.03,114.67,83.18,76,31,218,19,44,86.27
"226","246",1,16.21,121.33,70.67,68,29,171,17,33,69
"227","247",1,18.11,138.67,82.33,75,31,209,21,40,82.29
"228","248",1,23.55,118.67,64,60,23,195,15,35,71.16
"229","249",1,19.52,98.67,37.33,55,18,206,22,38,72.97
"230","250",1,18.95,148.57,80,75,31,214,21,42,85.95
"231","251",1,16.27,112,61.33,68,28,212,24,44,81
"232","252",1,24.22,112,40,65,19,200,23,35,74.82
"233","253",1,23.15,113.33,74.67,75,30,219,25,44,87.545
"234","254",1,24.48,84,41.33,58,25,190,16,34,65.96
"235","255",1,24.75,125.33,62.67,74,24,215,24,39,81.24
"236","256",1,21.3,128,74.67,75,30,222,24,41,87.57
"237","258",1,22.31,130.67,80,74,31,218,21,42,86.74
"238","260",1,22.83,110.67,45.33,61,24,203,18,37,75.22
"239","261",1,24.88,109.33,53.33,69,29,206,20,35,77.33
"240","262",1,18.26,125.33,53.33,65,26,205,20,37,75.29
"241","263",1,16.51,108,45.33,63,30,178,18,38,75
"242","264",1,16.51,101.33,56,62,24,169,21,35,70
"243","265",1,18.85,120,88.5,73,30,201,25,29,78
"244","266",1,24.96,89.33,50.67,62,28,164,21,36,74
"245","267",1,17.41,126.67,58.67,65,24,206,22,35,78
"246","268",1,20.26,168.65,96.67,76,32,214,24,41,90
"247","269",1,19.26,102.67,61.33,63,24,194,18,37,65
"248","270",1,22.67,133.33,82.67,76,31,216,24,43,86
"249","271",1,24.56,124,77.33,75,29,221,24,43,90
"250","272",1,19.6,125.33,77.33,68,32,198,20,38,78
"251","273",1,23.02,134.67,81.82,75,29,214,23,44,88
"252","274",1,21.66,126.67,69.33,68,30,206,21,36,76
"253","275",1,21.71,130.67,74.67,68,28,200,20.26,36,80
"254","276",1,20.78,160,100.54,75,31,220,26,42,89
"255","277",1,18.94,145.71,105.88,69,31,207,17,35,83
"256","278",1,22.11,138.67,83.18,75,31,217,27,37,88
"258","280",1,22.8,134.67,98.92,74,31,215,26,41,81
"259","281",1,20.97,109.33,70.67,72,31,219,23,45,88
"260","282",1,19.58,117.33,70.67,71,31,212,25,42,85
"261","284",1,23.42,133.33,81.33,74,31,212,25,41,83
"262","285",1,20.93,150.73,82.33,73,31,218,24,38,80
"263","286",1,16.41,121.33,65.33,70,30,206,26,38,76
"264","287",1,17.13,126.67,73.33,74,30,196,23,40,83
"265","288",1,20.02,134.67,76,74,32,203,23,40,84
"267","290",1,23.15,129.33,50.67,73,31,205,26,40,86
"268","291",1,18.4,74.67,25.33,65,21,200.26,20,39,76
"269","292",1,24.8,112,66.67,73,28,218,26,45,88
"270","293",1,18.69,104,58.67,67,28,189,25,38,72
"271","294",1,23.06,118.67,70.67,76,30,221,27,44,91
"272","295",1,17.94,112,50.67,62,21,177,16,33,64
"273","296",1,17.26,141.82,83.18,75,31,210,26,41,83
"274","297",1,23.02,130.67,66.67,70,27,217,27,41,83
"275","298",1,24.41,145.12,98.33,74,31,222,23,44,85
"276","300",1,23.7,152.2,74.67,75,31,217,25,42.59,88
"277","301",1,24.39,109.33,56,64,30,202,24,35.95,74
"278","302",1,20.32,128,83.18,75,32,220.42,24.6541666666667,44.01,89
"279","303",1,19.18,114.67,58.67,68,29,204.49,22,38.99,81
"280","304",1,20.84,93.33,58.67,70,26,205,19,36.75,76
"281","305",1,18.29,128,68.18,68,26,211,21,39.34,83
"282","306",1,21.26,138.67,80,73,30,206,21,40.2,90
"283","307",1,21.9,133.33,74.67,75,29,219,27,43.24,86
"284","308",1,24.19,105.33,32,57,18,194,14,32.88,59
"285","309",1,18.08,129.33,73.33,73,29,199,23,39.93,83
"286","310",1,21.71,137.33,81.82,73,30,207,23,40.04,83
"287","311",1,23.35,122.67,73.33,76,29,218.21,21,42.82,89
"288","312",1,20.94,156,75.71,73,28,214,25,40.03,81
"290","314",1,20.1,133.33,97.3,73,32,197,15,39.06,81
"291","315",1,21.41,116,62.67,72,28,203,25,39.87,83
"293","318",1,23.01,143.72,74.67,75,30,216,25,42.96,86
"294","319",1,21.74,120,68,70,27,199,23,39.52,86
"295","320",1,23.37,141.82,68,73,29,205,25,39.34,81
"296","321",1,22.36,141.82,87,71,30,215,21,40.36,81
"297","322",1,17.25,124,61.33,64,29,206,22,38,64
"298","323",1,19.07,156,93.16,73,29,201,19,38.75,81
"299","324",1,21.26,164.21,78.67,74,30,218,21,42.37,88
"300","325",1,18.53,137.33,94.74,76,31,212,25,42.55,86
"301","326",1,20.96,120,77.33,74,29,200,21,37.54,78
"302","327",1,21.82,141.82,83.08,75,31,211,23,41.27,85
"303","328",1,18.85,137.33,88.5,75,32,211,21,40.34,84
"304","329",1,19.16,145.12,75.71,69,28,198,16,37.7,83
"305","331",1,22.05,138.67,80,74,31,213,19,41,86
"306","332",1,21.83,118.67,48,67,22,204,23,38,83
"307","333",1,20.35,138.67,66.67,74,30,213,22,42.51,86
"308","334",1,22.31,154.5,90,71,30,208.63,22,38.22,80
"309","335",1,16.66,154.5,93.33,72,31,218,25,42,89
"310","336",1,17.4,168.65,109.09,76,31,217,22,41.15,85
"311","337",1,21.29,126.67,79.09,71,30,202,19,38.7,80
"312","338",1,21.87,109.33,41.33,66,21,197,23,36.41,78
"313","339",1,21.69,142.33,68,66,24,200,19,37.37,85
"314","340",1,22.98,132,57.33,73,29,205,27,39.79,83
"315","341",1,20.36,128,54.67,73,29,212,24,42.02,88
"316","342",1,21.21,138.67,76.36,69,29,204,22,40.17,83
"317","343",1,20.91,129.33,69.33,71,32,201,21,39.2,81
"318","344",1,21.02,120,61.33,69,27,207,22,37.24,76
"319","345",1,19.94,126.67,78.67,75,31,202,27,40.28,84
"320","346",1,21.74,129.33,72,70,31,210,26,40.05,83
"321","347",1,20.82,124,69.33,66,22,191,22,36.94,80
"322","348",1,24.5,104,74.67,73,32,213,23,43,81
"323","349",1,20.58,122.67,60,70,26,200,22,37.23,75
"324","350",1,22,168.65,110.91,73,31,211,21,40.05,84
"325","351",1,20.59,114.67,77.33,72,30,214,23.77,41.28,84
"326","352",1,20.76,136,80.45,73,31,212,22,40.71,83
"327","353",1,21.03,145.12,89.27,74,31,207,24,41.44,86
"328","355",1,20.79,121.33,46.67,63,23,180,19,32.83,62
"329","356",1,19.85,125.33,80,70,30,206.3,23.75,39.77,83
"330","357",1,21.06,141.82,78.67,73,31,206,23,38.85,78
"331","358",1,21.44,132,81.95,65,25,194,21,36.63,76
"332","359",1,21.65,136,73.64,70,31,203,24,39.79,81
"333","360",1,21.84,125.33,69.33,67,28,192,24,37.3,78
"335","362",1,19.2,122.67,76,74,32,213,23,40.76,83
"336","363",1,17.07,150.73,87.69,70,29,209,21,39,81
"337","364",1,21.66,121.33,66.67,72,31,202,24,37.4,78
"338","365",1,21.16,136,102.35,73,31,204,26,40.05,84
"339","366",1,20.51,132,88.57,74,32,212,26,40.89,84
"340","367",1,20.35,110.67,70.67,63,27,201,20.35,36.67,78
"341","368",1,22.23,128,72,73,32,212,18,40.25,83
"342","369",1,19.91,145.12,80.45,73,32,210,24,39,76
"344","371",1,24.06,117.283207986,67.2989120804,72,28,199,20,36.78,78
"345","373",1,18.02,125.33,78.67,72.65,30.57,209,22.59,39.84,82
"346","374",1,20.25,120,78.67,71,27,213,22,41.9733333333333,91
"347","375",1,19.96,143.72,87.14,74,27,209,20,40.26,89
"349","1000",2,16.08,125.3333333,68,66,25,199.17,20.72,37,76
"350","1001",2,15,112.9656818714,70.9201635071,69,28,207.28,22.46,37,90
"351","1002",2,18.92,137.3333333,77.33333333,75,30,223,28,44,90
"352","1004",2,17.25,85.33333333,42.66666667,65,27,180,24,35,78
"353","1005",2,17.83,133.3333333,66.66666667,60,28,202,25,35,78
"354","1006",2,13.5,69.33333333,24,41,16,155,17,26,28
"355","1007",2,22.92,109.3333333,61.33333333,70,31,191,22,39,70
"357","1010",2,23.5,117.3333333,82.66666667,72,31,214,24,44,88
"358","1011",2,25.08,116,78.66666667,75,30,219,21,41,88
"359","1012",2,25,136,76,75,30,224,25,44,90
"360","1013",2,21.67,133.3333333,76,73,29,192,25,40,85
"361","1014",2,21.17,122.6666667,78.66666667,71,31,216,25,43,91
"363","1016",2,21.33,138.6666667,78.66666667,74,31,214,27,42,83
"365","1018",2,23.83,138.6666667,78.66666667,75,28,212,22,43,90
"366","1019",2,23.83,122.6666667,83.88625592,72.98,30.06,211,22.18,39.67,81
"367","1020",2,18.08,121.3333333,48,61,22,191,20,34,74
"369","1022",2,21.33,136,66.66666667,68,31,200,22,36,84
"371","1024",2,24.25,124,72,73,29,201,21,44,86
"372","1027",2,22.17,138.6666667,80,71,31,200,24,41,64
"373","1028",2,22.33,138.6666667,82.66666667,75,31,219,23,43,89
"374","1029",2,21.92,125.3333333,78.66666667,70,30,212,26,42,90
"376","1031",2,19.58,134.6666667,81.33333333,76,29,223,25,45,89
"377","1035",2,17.42,116,62.66666667,64,28,183,24,39,65
"378","1036",2,21.75,138.6666667,81.33333333,76,30,221,27,47,89
"379","1037",2,20.25,136,72,71.49,30.16,208,21,39.27,79.11
"380","1038",2,20.58,129.3333333,72,73,28,197,23,42,81
"381","1040",2,23.08,136,64,64,22,174,16,31,53
"382","1044",2,16.67,109.3333333,76,72,31,213,21,42,81
"383","1046",2,24.58,118.6666667,74.66666667,71,31,214,23,44,83
"385","1048",2,21.58,112,77.33333333,75,30,217,23,39,81
"386","1050",2,19.67,138.6666667,80,75,31,216,27,43,88
"387","1054",2,18.42,78.66666667,40,64,25,203,20,34,76
"388","1055",2,16,113.3333333,70.66666667,64.03,27.31,194,18,33.5033333333333,69.85
"390","1058",2,17.58,110.6666667,69.33333333,61,29,198,20,39,61
"391","1059",2,15,97.33333333,38.66666667,60,25,167,15,30,46
"392","1061",2,22.92,138.6666667,72,75,29,215,26,44,86
"393","1064",2,21.5,121.3333333,62.66666667,67.37,27.12,199.49,21,37.64,78.52
"395","1066",2,13.5,92,56,64.24,27.32,191.19,22,34.5833333333333,68.07
"397","1068",2,17.75,105.3333333,50.66666667,59,24,152,20,31.95,52
"398","1070",2,23.75,70.66666667,30.66666667,61.86,23.18,194.53,25,36.13,73.5
"400","1073",2,23.17,133.3333333,80,76,32,216,26,44,90
"401","1074",2,24.08,155.2238806,94.90616622,76,30,218,24.04,47,86
"402","1082",2,14.67,102.6666667,72,69,30,195,19,38,80
"403","1083",2,17.25,122.6666667,69.33333333,73,26,212,24,40,78
"404","1085",2,18.75,110.6666667,57.33333333,66,28,199,22,40,80
"405","1087",2,16.5,88,36,63,24,159,16,34,52
"406","1091",2,22.92,118.6666667,49.33333333,68,25,205.16,18,40,86
"407","1092",2,17.92,120,61.33333333,66,22,199,21,40,67
"408","1093",2,19.17,128,80,76,31,223,24,44,90
"409","1094",2,19.75,137.3333333,82.66666667,72,31,204,21,39,80
"410","1095",2,18.5,93.33333333,61.33333333,64,26,190,20,33,64
"411","1096",2,18.25,122.6666667,73.33333333,61,28,159,18,34,65
"412","1097",2,18.83,124,73.33333333,70,31,202,25,39,78
"413","1098",2,18.92,128,74.66666667,73,32,209,24,40,80
"414","1099",2,17.5,109.3333333,60,60,27,145,18,32,67
"415","1102",2,23.75,145.1162791,77.33333333,76,30,213.59,23,41,84
"416","1103",2,14.17,108,64,64,31,197,24,39,75
"417","1104",2,17.58,103.6536333312,53.8683390848,60,24,173,17,36,64.43
"418","1106",2,18.58,112,65.33333333,61,26,184,19,34,72
"419","1108",2,16.25,100,77.33333333,68,30,214,25,44,89
"421","1115",2,18.17,114.6666667,70.66666667,65.37,28.16,193.73,18,35.34,71.86
"422","1118",2,21.83,134.6666667,76,75,32,219,26,47,89
"423","1119",2,19.08,106.6666667,58.66666667,63,24,217,24,38,68
"424","1120",2,22.25,125.3333333,60,68,31,187,20,38,76
"425","1125",2,16.75,94.66666667,46.66666667,60,22,183.92,22,35,68
"426","1126",2,23.5,138.6666667,84,75,32,220,22,47,90
"427","1127",2,19,108,72,71,32,216,23,42,84
"428","1128",2,18.42,122.6666667,62.66666667,70,28,211,26,40,83
"429","1129",2,22.67,62.66666667,52,76,31,215,24,44,85
"430","1130",2,14.75,98.66666667,81.81818182,64.79,28.6,195.71,20,34.31,69.16
"431","1133",2,22,120,60,70,19,205,18,36,85
"432","1134",2,15,116,56,65.9,26.65,187,20,35.99,78
"433","1136",2,22.67,116,69.33333333,65.78,28.21,194.71,18,35.31,74.48
"434","1140",2,20.33,129.3333333,78.66666667,68,31,203,23,42,83
"435","1142",2,22.17,124,64,61,26,195,24,37,78
"438","1146",2,22,129.3333333,78.66666667,73,32,211,25,40,88
"439","1147",2,21.92,138.6666667,82.66666667,75,31,219,26,45,89
"440","1150",2,20.67,98.66666667,69.33333333,68,27,210,21,37,89
"441","1152",2,22,138.6666667,78.66666667,75,30,213,22,43,86
"442","1153",2,20,96,54.66666667,62,28,166,21,29,61.37
"443","1154",2,20.67,86.66666667,18.66666667,55,18,197,18,33,65
"444","1157",2,21.5,138.6666667,82.66666667,75,32,220,24,44,88
"445","1160",2,20.42,62.66666667,42.66666667,62,22,201,26,36,76
"446","1161",2,21.58,126.6666667,68,63,31,199,23,38,78
"447","1163",2,22,118.6666667,64,67,26,193,21,41,84
"448","1165",2,15.67,121.3333333,62.66666667,71,29,204.21,23,37,75
"449","1167",2,21.92,125.3333333,84,74,31,215,24,41,89
"450","1168",2,20.25,112,49.33333333,62,26,180,20,32,51
"451","1174",2,19.08,125.3333333,69.33333333,67,29,200,22,37,76
"452","1175",2,20.83,124,78.66666667,74,30,204.79,16,39,81
"453","1176",2,21.75,118.6666667,62.66666667,66,28,201,21,37,81
"454","1178",2,22.67,109.3333333,66.66666667,63,28,189,15,35,75
"455","1179",2,20.75,101.3333333,82.66666667,73,32,202,23,39,81
"456","1180",2,18.5,122.6666667,76,70,25,202,20,35,81
"457","1182",2,22.67,138.6666667,72,69,31,210,20,41,82.05
"458","1183",2,16.67,138.6666667,78.66666667,67,30,205,24,42,70
"459","1185",2,23.67,137.3333333,74.66666667,73,32,214,21,41,86
"460","1186",2,18.33,136,69.33333333,75,29,218,16,42,88
"461","1187",2,22.17,114.6666667,62.66666667,70,32,202.08,24,37,78
"462","1188",2,15.42,114.6666667,56,62,23,202,26,36,70
"463","1189",2,21.5,133.3333333,80,68,31,195,18,38,78
"464","1190",2,18.17,105.3333333,58.66666667,72,29,209,25,38,81
"465","1191",2,15.83,97.33333333,53.33333333,57,26,174,19,29,47
"466","1193",2,19.33,138.6666667,84,76,30,225,29,46,91
"467","1195",2,16,104,53.33333333,62.43,24.47,190.44,20,33.91,69.75
"468","1197",2,15.75,117.3333333,53.33333333,66,22,200,23,36,76
"469","1198",2,21.75,108,46.66666667,68,25,204,25,40,86
"470","1199",2,15.92,112,40,63,24,196,22,33,72
"471","1201",2,25.25,118.6666667,68,73,29,214,24,45,86.06
"472","1203",2,15.08,90.66666667,13.33333333,66,31,195,24,37,72
"473","1204",2,17.42,94.66666667,70.66666667,72,30,211,24,41,88
"474","1205",2,19.5,122.6666667,77.33333333,74,30,227,28,43,89
"475","1206",2,15.42,94.66666667,56,64,29,188,20,36,63
"476","1209",2,14.83,126.6666667,72,70,29,201,26,39,80
"477","1210",2,16,97.33333333,57.33333333,60,22,169,18,33,60
"478","4001",3,14.34,100,73.33333333,73,29,212,24,39,88
"479","4002",3,18.67,165.7370518,104.8252912,76,32,222,25,43,89
"480","4003",3,18.75,130.6666667,73.33333333,71,30,210,21,36,69
"481","4004",3,14.17,110.6666667,70.66666667,66,26,212,18,40,81
"482","4006",3,15.25,117.3333333,65.33333333,64.84,27.61,193,14,36.1,75
"483","4007",3,16.67,104,69.33333333,71,28,209,21,41,86
"484","4009",3,16.34,128,83.18181818,71,31,205,25,40,67
"485","4011",3,18,121.3333333,72,68,28,201,18,39,80
"486","4012",3,14.09,109.3333333,46.66666667,49,18,177,18,35,57
"487","4013",3,14.92,129.3333333,80.27681661,71,30,217,24,41,89
"488","4014",3,18.09,146.9272428,80.45454545,75,32,222,26,45,90
"489","4015",3,14.25,85.33333333,54.66666667,63.48,25.94,198,18,35.01,69
"490","4016",3,15.92,110.6666667,57.33333333,65,31,191,19,37,78
"491","4017",3,17.84,134.6666667,90,71.05,30.24,203.94,19,39.3,78.95
"492","4020",3,18.84,153.2040265,121.2328767,72,30,201.24,17,35.97,71
"493","4021",3,18.17,134.6666667,118.0645161,75,30,208,14,42,80
"494","4022",3,15.34,108,82.32789212,68,30,184,15,37,72
"495","4023",3,13.92,109.3333333,52,64,24,183,13,35,60
"496","4024",3,18.25,155.6459817,95.21247983,73,31,209.69,23,37,89
"497","4025",3,16.25,109.3333333,53.33333333,62,25,177,19,32.15,57
"498","4026",3,17,94.66666667,61.33333333,61,24,184,18,30,73
"499","4028",3,18,130.6666667,76,72,31,212,17,37.83,76
"500","4029",3,18.5,122.6666667,101.1428571,66,28,194,16,37,80
"501","4030",3,16.92,147.1428571,77.33333333,69,30,201,19,38,80
"502","4031",3,16.92,125.3333333,65.33333333,63,22,192,26,35.14,66
"503","4034",3,18.25,113.3333333,85.90909091,76,32,214,25,46,86
"504","4035",3,18,77.33333333,32,60,21,181.61,19,34.29,64
"505","4036",3,17.34,112,77.33333333,61,27,178,18,31,63
"506","4037",3,13.34,90.66666667,76,66,29,193,20,33,67
"507","4038",3,18.75,190.4180653,115.4204158,75,32,219,25,44,86
"508","4039",3,18.67,132,93.84615385,75,30,215,25,41,88
"509","4040",3,15.67,141.5286913,78.66666667,71,32,209,26,36,83
"510","4043",3,14.67,117.3333333,62.66666667,60,23,167.01,15,33,49
"511","4044",3,18.42,122.6666667,70.66666667,69,26,199,23,41,80
"512","4047",3,16.84,122.6666667,68,61,27,201,21,37,76
"513","4048",3,18.25,140.4545455,73.05080777,66,30,196,23,33,64
"514","4049",3,14.5,124,74.66666667,66,24,191.3,19,33.7133333333333,67
"515","4051",3,14.34,110.6666667,73.33333333,68,32,181,18.825,35,45
"516","4053",3,15.5,113.3333333,68,63,28,176.25,12,28,63
"517","4054",3,16.92,121.3333333,68,65,30,195.99,19,36.29,76
"518","4055",3,17.5,134.6666667,86.60785886,63,26,179,18,33,44
"519","4056",3,18.67,105.3333333,49.33333333,70,30,179,23,36,67
"520","4057",3,18.17,114.6666667,60,68,30,206,20,36,69
"521","4058",3,17.59,98.66666667,52,64,31,156.64,9,23,39
"522","4059",3,18.75,94.66666667,76,69,29,209,25,37,83
"523","4060",3,18.67,116,78.66666667,71,32,210,26,41,85
"524","4061",3,17.84,109.3333333,41.33333333,61,22,167.98,15,31.4,53
"525","4062",3,15.09,147.3885047,106.2394604,75,31,213,23,42,85
"526","4063",3,18.25,124,62.66666667,63,23,188,22,33,71
"527","4064",3,15.42,113.3333333,69.33333333,68,27,208,24,38,80
"528","4065",3,15.25,117.3333333,90.73170732,73,32,213,23,40,85
"529","4066",3,14.34,112,64,70,32,199.21,20,37.25,75
"530","4067",3,15.84,136,78.66666667,72,31,206.4,24,38.86,81
"531","4068",3,15.17,112,78.66666667,72,28,210,25,39,85
"532","4069",3,15.09,108,70.66666667,66.52,28.84,197.12,22,37.71,75
"533","4070",3,17.25,120,65.33333333,66,24,175,21,32,55
"534","4071",3,16.92,124,73.33333333,71,30,198,24,38,81
"535","4072",3,14.59,110.8091949604,68.1836968876,71,32,199.71,20,36.94,71
"536","4074",3,14.5,114.6666667,62.66666667,59,17,184.54,12,32.3,64
"537","4075",3,14.67,114.6666667,45.33333333,67,26,194,20,33,59
"538","4078",3,13.75,94.66666667,50.66666667,66,28,181,14,32,55
"539","4080",3,17.25,88,74.66666667,76,31,205,21,39,83
"540","4081",3,18.34,138.6666667,85.67208272,74,31,216,26,42,88
"541","4083",3,15.34,110.6666667,69.33333333,68,27,202,25,45,71
"542","4084",3,18.34,125.3333333,77.86976952,71,32,208,25,40,65
"543","4085",3,18.09,82.66666667,52,64,27,184,18,36,65
"544","4086",3,15.92,109.3333333,66.66666667,67.35,28.14,201.83,25,36.94,78
"545","4089",3,14,113.3333333,66.66666667,65,27,195.55,19,35,72
"546","4090",3,18.67,114.6666667,57.33333333,68,32,194,21,35,69
"547","4091",3,16.17,122.6666667,72,67,30,175,22,34,63
"548","4092",3,17.67,125.3333333,76,71,31,206,10,38,78
"549","4093",3,14.5,125.3333333,97.15242881,71,28,206,26,39,83
"550","4095",3,15.75,106.6666667,70.66666667,68,32,199.95,22.19,42,75
"551","4096",3,16.42,97.33333333,50.66666667,64,25,186.65,18.88,33,67
"552","4097",3,15.5,86.66666667,57.33333333,56,20,157,15,31,49
"553","4100",3,18.92,144.5783133,81.38658628,70,28,203.14,20.35,37.1,78
"554","4103",3,19.42,151.236064,89.93255059,74,30,211.29,21.56,39.73,81
"555","4104",3,14.75,134.6666667,90.46009878,72,30,199,25,38,90
"556","4105",3,14.34,112.4774581103,67.6732331141,70,28,196.4,20.53,35,71
"557","4106",3,16.25,108,76,73,31,208.68,23.22,39.38,83
"558","4107",3,15.59,109.3333333,77.33333333,70,29,206,21,29,80
"559","4108",3,15,117.3333333,78.66666667,72,32,205,23,38,75
"560","4109",3,16.59,134.6666667,68.18181818,69,26,213,24,40,85
"561","4110",3,16.67,110.6666667,73.33333333,74,31,215,23,40,78
"562","4111",3,17.84,122.6666667,85.14664144,73,31,205.76,19.73,37.41,78
"563","4112",3,18,120.0531619041,65.0274157929,67,24,197.9,20.25,33,80
"565","4114",3,17.67,117.3333333,54.66666667,65,27,195,18,38,64
"566","4115",3,16.17,107.2798999921,53.4321293798,62,24,177.08,17.76,32,62
"567","4117",3,18,138.6666667,89.08685969,73,30,217.22,25.016,45,89
"568","4119",3,17.84,122.6666667,72,69,30,200,26,40,75
"569","4120",3,18.34,125.3333333,80.13082584,71,29,203.01,20.88,33,78
"570","4121",3,16.67,113.3333333,53.33333333,70,30,212,24,38,78
"571","4122",3,15.34,124,64,73,28,220,23,42,81
"572","4123",3,16.25,108,65.33333333,66,26,196,24,32,64
"573","4124",3,14.25,110.6666667,77.33333333,65,28,206,23,35,69
"574","4125",3,18.59,117.3333333,62.66666667,66,29,175,19,30,62
"575","4126",3,18.25,136.576657,94.83488569,67,31,211,17,32,73
"577","4128",3,17.34,146.513266,63.87410322,72,29,205,19,39,59
"578","4131",3,18.25,124,83.72093023,68,29,201.69,25,39,80
"579","4132",3,15.84,116,58.66666667,68,29,167,25,35,63
"580","4133",3,18.59,113.3333333,57.33333333,62,25,181.47,17,33,65
"581","4134",3,16.09,98.66666667,68,68,30,204,24,35,76
"582","4135",3,15.75,122.6666667,58.66666667,65,23,204.8175,22.19,37.33,86
"583","4136",3,18.5,97.33333333,53.33333333,66,25,167.9,17.14,31.23,53
"584","4138",3,14.84,108,72,65,27,202,21,34,65
"585","4140",3,17.67,117.3333333,70.66666667,69,31,197.99,16,30,81
"586","4141",3,17.84,96,42.66666667,64,23,187.79,20.06,34.78,70
"587","4142",3,16.34,112,77.33333333,73,30,216,19,34,67
"588","4143",3,16.42,113.3333333,76,72,31,209,23,37,78
"589","4144",3,13.75,100,62.66666667,72,30,207,25,41,83
"591","4146",3,18.59,114.346633327,63.1733666666,69,29,193.305,22,36.45,70
"592","4148",3,17.42,108,74.66666667,74,30,207,24,37,81
"593","4150",3,16.84,118.6666667,77.33333333,48,11,151.71,13.06,28.93,38
"594","4151",3,15.34,105.3333333,64,63,28,172,13,32,62
"595","4152",3,13.42,110.6666667,62.66666667,63,25,199.83,23,37.17,76
"598","4155",3,15.25,126.6666667,76,67,29,190,20,39,75
"599","4156",3,17.5,105.3333333,74.66666667,70,29,203,23,39,80
"600","4157",3,14.5,112.146833328,66.1145419061,62,27,176,23,32,42
"601","4158",3,15.67,128,85.54572271,70,32,201,19,37,80
"602","4159",3,17.17,122.6666667,84,65,30,172,18,33,59
"603","4160",3,16.42,101.4935666691,50.7276999996,57,24,161.93,12,31.6,53
"604","4161",3,18.92,114.6666667,72,71,29,201,20,40,75
"605","4162",3,18.84,122.6666667,76,71,29,213,24,38,73
"606","4163",3,16.75,126.6666667,84.6031385,72,27,205,25,37,83
"607","4164",3,14.75,96,48,62,25,196.45,21.41,36.13,76
"608","4165",3,16.34,118.6666667,90.66922523,67,30,177,20,34,61
"610","4167",3,18,124,68,68,31,196,19,38,56
"613","4172",3,13.84,116,72,66,27,172,17,33,44
"614","4173",3,15,136,81.33333333,69,31,208,23,38,76
"615","4174",3,15.25,105.3333333,66.66666667,72,30,211,22,39,78
"617","4176",3,15.59,106.6313917042,44.0931999998,65,20,192.65,18.57,33,70
"618","4177",3,14.5,126.6666667,73.33333333,74,30,188,18,36,81
"619","4178",3,13.75,72,70.66666667,68,30,202,24,37,78
"620","4179",3,16.34,121.3333333,77.33333333,69,29,207,21,43,78
"621","4180",3,13.75,112,69.33333333,68,29,192,25,38,70
"622","4181",3,15.42,137.3333333,80,71,30,213,24,42,88
"623","4182",3,15.42,128,78.66666667,67,31,203,24,36,74
"624","4183",3,17.25,104,66.66666667,67,29,197,24,37,71
"625","4185",3,16.84,130.6666667,77.33333333,71,30,196,25,39,80
"626","4186",3,15.09,90.66666667,70.66666667,66,28,198,22,35,65
"628","4189",3,16.09,114.6666667,69.15254237,66,28,200,20,34,73
"629","4190",3,18.42,164.2969984,97.93952368,74,28,216,24,43,76
"630","4191",3,15.34,122.6666667,66.66666667,67,28,172,23,30,72
"631","4192",3,17.17,129.3333333,81.33333333,66,27,180,21,33,62
"632","4193",3,14,104.8113383331,50.2238871127,63,22,181.27,18,32.67,62
"633","4194",3,16.75,140.8259986,94.91701245,75,31,216,23,41,85
"634","4195",3,17.17,118.6666667,70.66666667,66,28,167,22,34,51
"635","4196",3,14.92,112.0668000069,63.7979982098,64,26,199.95,19,39,76
"636","4197",3,15.84,121.3333333,72,60,26,194,20,32,72
"637","4198",3,17.09,86.66666667,60,69,27,203,23,40,83
"638","4199",3,15.17,105.3333333,64,68,26,210,19,33,66
"639","4200",3,16.34,112.6400333264,51.7278904245,64,24,200.49,22,35.97,76
"640","4201",3,15.84,112.0980952307,72.5800459819,69,30,202.02,21,37.07,77.79
"641","4202",3,18.09,148.5714286,85.5,70,28,207,19,40,80
"642","4204",3,14.5,94.66666667,38.66666667,45,17,161.02,15,30.69,52
"643","4205",3,16.84,126.6666667,68,71,31,209,23,43,70
"644","4206",3,14.84,116,72,65,26,191,17,33,65.04
"645","4207",3,15.09,110.6666667,62.66666667,65,28,204,18,39,74
"646","4208",3,18.67,128,72,65,28,200,20,37,76
"647","4209",3,13.34,98.9466999942,51.1467333332,60,26,170.17,17,31.65,49
"648","4210",3,15.17,91.1071333301,38.759933333,52,25,156.86,13,28.26,46
"649","4211",3,16.75,118.6666667,78.66666667,74,29,214,21,41,83
"650","4213",3,17.42,120,77.33333333,76,29,211,28,37,83
"651","4214",3,18.17,104,68,68,29,197,21,39,76
"652","4215",3,17.09,122.6666667,72,68,30,216,23,40,84
"653","4217",3,17.75,126.3890245367,80.6647166012,75,30,209.77,25,41,82
"654","4218",3,14,124,74.66666667,71,28,210,16,39,78
"655","4219",3,15.25,109.3333333,62.66666667,66,31,186,19,35,76
"656","4220",3,21.84,108,72,57,28,174,20,32,57
"657","4221",3,17.09,120,70.66666667,66,27,201,25,38,75.3
"659","4223",3,14.92,111.3732999861,63.9361128179,63,27,193.49,19,34.69,72
"660","4224",3,17.5,114.3865999994,66.666733333,61,27,181.56,16,33.89,65
"661","a1950019",4,24.08,112,52,63,27,162,9,37,64.64
"662","a1950021",4,19.67,110.6666667,62.66666667,65,29,200,17,39,73.51
"663","a1950022",4,22.75,94.66666667,48,61,19,165,8,32,55.67
"664","a1950023",4,18.42,130.6666667,87.37864078,72,32,197,20,42,78
"665","a1950024",4,19.67,121.3333333,70.66666667,70,29,192,22,35,73.54
"666","a1950025",4,19.67,108,53.33333333,67,27,213,22,37,78.85
"667","a1950026",4,20.83,104,53.33333333,51,20,142,10,30,50.35
"668","a1950028",4,23.5,93.33333333,20,58,20,192,16,38,67.74
"669","a1950029",4,19.5,122.6666667,90.8607864,68,31,185,13,38,73.4
"670","a1950030",4,19.42,116,70.66666667,66,25,189,19,32,69.13
"671","a1950031",4,19.75,82.66666667,22.66666667,58,22,178,9,33,56.42
"672","a1950032",4,24.25,108,52,63,23,180,20,34,63.17
"673","a1950033",4,19.33,134.6666667,71.15821347,68,29,163,18,38,68.14
"674","a1950034",4,24.92,97.33333333,34.66666667,61,21,163,19,30,57.09
"675","a1950035",4,18.17,104,32,64,23,187,21,33,69.08
"676","a1950036",4,22,117.3333333,65.33333333,66,27,167,24,30,61.28
"677","a1950037",4,20.17,122.6666667,64,74,28,210,20,43,81.94
"678","a1950038",4,23.58,121.3333333,53.33333333,64,20,171,5,28,57.56
"679","a1950039",4,18,145.0023463,71.18412047,66,29,187,15,38,72.71
"680","a1950040",4,21.75,112,37.33333333,53,20,145,12,32,53.59
"681","a1950041",4,20.92,117.3333333,54.66666667,61,31,185,19,33,67.03
"682","a1950043",4,20.33,105.3333333,41.33333333,66,24,187,19,36,73.42
"683","a1950044",4,19.42,113.3333333,62.66666667,70,29,188,18,35,71.79
"684","a1950045",4,21.83,110.6666667,60,63,27,181,15,35,67.56
"685","a1950047",4,18.17,85.33333333,48,64,24,158,16,33,56.31
"686","a1950048",4,24,65.33333333,16,59,18,202,20,27,64.73
"687","a1950049",4,18.75,85.33333333,33.33333333,64,26,191,17,37,60
"688","a1950051",4,21.83,117.3333333,68,66,28,173,21,36,69.88
"689","a1950052",4,19.75,132,80,74,29,214,25,44,87.23
"690","a1950053",4,23.75,94.66666667,34.66666667,62,21,196,21,39,73.15
"691","a1950054",4,19.58,89.33333333,70.66666667,69,30,201,20,35,76.64
"692","a1950055",4,22.42,97.33333333,60,64,27,168,26,36,68.62
"693","a1950056",4,21.42,117.3333333,57.33333333,70,25,206,23,42,82.66
"694","a1950057",4,20.08,113.3333333,50.66666667,68,27,207,24,39,80.09
"695","a1950058",4,20.58,109.3333333,45.33333333,60,25,187,19,30,65.94
"696","a1950059",4,17.83,121.3333333,81.33333333,67,30,189,12,40,74.54
"697","a1950060",4,17.83,112,50.66666667,61,22,194,24,36,71.6
"698","a1950061",4,23.17,78.66666667,18.66666667,50,12,152,15,28,43.56
"699","a1950062",4,21.5,85.33333333,54.66666667,65,26,183,20,35,69.37
"700","a1950063",4,24.08,98.66666667,37.33333333,61,20,175,13,32,57.01
"701","a1950064",4,20.33,143.5803037,96.42301711,70,31,203,20,39,80.17
"702","a1950065",4,24.5,98.66666667,44,60,20,195,20,37,71.99
"703","a1950068",4,20.67,152.866242,80.87091757,68,28,209,19,39,79.82
"704","a1950069",4,16.42,97.33333333,49.33333333,61,23,175,21,32,57.69
"705","a1950071",4,19.42,84,45.33333333,63,31,184,19,31,65.76
"706","a1950072",4,24.58,76,24,57,19,182,15,32,58.09
"707","a1950073",4,17.08,122.6666667,66.66666667,63,25,166,17,28,57.99
"708","a1950074",4,20.25,132,77.33333333,68,26,196,21,38,77.95
"709","a1950075",4,20.92,113.3333333,60,65,30,175,19,33,62.22
"710","a1950076",4,21.33,100,36,62,21,185,21,29,66.84
"711","a1950077",4,21.08,98.66666667,38.66666667,57,14,179,16,34,57.12
"712","a1950078",4,16.5,118.6666667,73.33333333,67,28,190,19,35,72.02
"713","a1950079",4,24.67,129.3333333,57.92903693,71,25,209,24,30,75.77
"714","a1950080",4,22.42,122.6666667,70.66666667,64,30,173,19,37,68.52
"715","a1950081",4,18.25,80,18.66666667,47,14,136,18,28,43.78
"716","a1950083",4,21.08,109.3333333,54.66666667,65,26,170,19,32,59.58
"717","a1950084",4,24.67,112,52,59,19,181,13,32,58.27
"718","a1950085",4,19.33,106.6666667,60,61,25,189,17,35,69.08
"719","a1950086",4,18.5,94.66666667,38.66666667,62,24,176,18,37,66.3
"720","a1950088",4,18.33,109.3333333,56,64,28,172,20,35,65.21
"721","a1950089",4,18.5,96,44,60,23,162,12,29,54.43
"722","a1950090",4,21.58,57.33333333,1.333333333,35,3,118,12,20,38.59
"723","a1950091",4,20.33,77.33333333,41.33333333,66,28,188,18,34,69.44
"724","a1950092",4,22.17,126.6666667,68,68,31,184,24,35,72.17
"725","a1950093",4,22.42,116,83.66816355,76,31,216,22,44,86.25
"726","a1950094",4,23.42,106.6666667,64,64,25,172,18,29,59.39
"727","a1950095",4,24.25,98.66666667,61.33333333,59,25,137,10,24,48.32
"728","a1950096",4,18.25,121.3333333,49.33333333,65,22,172,12,30,59.3
"729","a1950097",4,24.42,117.3333333,56,66,26,203,21,35,76.5
"730","a1950098",4,18.75,120,68,66,31,187,17,36,71.86
"731","a1950099",4,19.75,113.3333333,26.66666667,59,15,197,18,36,66.64
"732","a1950101",4,18.5,104,64,62,26,161,20,30,60.46
"733","a1950102",4,24.17,113.3333333,42.66666667,60,19,181,19,29,58.62
"734","a1950103",4,16.58,109.3333333,58.66666667,65,27,179,16,30,62.28
"735","a1950104",4,21.25,117.3333333,62.66666667,62,27,144,17,31,59.23
"736","a1950105",4,20.92,106.6666667,69.33333333,57,24,159,13,30,55.01
"737","a1950106",4,24.42,109.3333333,61.33333333,64,26,176,14,36,66.02
"738","a1950107",4,21.25,109.3333333,61.33333333,65,26,182,16,34,66.35
"739","a1950110",4,21.58,124,58.66666667,65,24,184,17,38,73.13
"740","a1950111",4,21.83,93.33333333,50.66666667,63,24,177,19,39,70.07
"741","a1950112",4,19.75,141.5286913,94.08926417,76,28,210,22,41,85.49
"742","a1950113",4,19.92,100,36,65,20,197,19,37,71.76
"743","a1950114",4,16.25,126.6666667,83.88408744,67,30,194,17,32,69.83
"744","a1950115",4,17.5,96,53.33333333,59,21,173,17,33,57.53
"745","a1950116",4,16.33,122.6666667,76,69,28,211,23,42,83.12
"746","a1950117",4,20,94.66666667,69.33333333,75,29,217,21,43,85.8
"747","a1950118",4,18,129.3333333,72,67,27,194,21,37,75.04
"748","a1950119",4,17.83,133.3333333,54.66666667,64,25,213,21,39,73.71
"749","a1950120",4,16.25,106.6666667,33.33333333,60,19,186,17,32,64.81
"750","a1950121",4,17.75,98.66666667,53.33333333,62,28,193,23,36,70.63
"751","a1950122",4,20.25,104,65.33333333,69,27,201,19,37,76.3
"752","a1950123",4,22.58,122.6666667,70.49254406,76,29,211,26,39,82.73
"753","a1950124",4,16.75,117.3333333,62.66666667,63,28,178,18,37,67.64
"754","a1950125",4,19.17,114.6666667,50.66666667,56,22,174,12,31,54.98
"755","a1950126",4,16.67,114.6666667,73.33333333,62,31,184,15,34,68.38
"756","a1950127",4,17.83,98.66666667,46.66666667,57,17,176,10,32,55.24
"757","a1950128",4,17.83,101.3333333,30.66666667,56,16,184,15,31,59.13
"758","a1950129",4,18.58,114.6666667,61.33333333,61,24,150,17,32,61.18
"759","a195013",4,20.67,113.3333333,60,67,28,211,15,39,77.91
"760","a1950130",4,21.08,133.3333333,88.87773035,71,30,218,22,41,84.84
"761","a1950131",4,24.08,121.3333333,60,64,28,181,19,34,66.32
"762","a1950132",4,20.75,113.3333333,70.66666667,59,26,175,19,34,59.79
"763","a1950133",4,18.58,101.3333333,66.66666667,65,32,187,23,33,67.96
"764","a1950134",4,16.83,113.3333333,52,62,14,191,18,32,65.42
"765","a1950135",4,23.75,88,58.66666667,64,29,186,21,33,68.69
"766","a1950136",4,19.25,156.1789234,124.916051,75,30,216,21,41,85.11
"767","a1950137",4,17.75,97.33333333,32,55,23,181,17,34,60.77
"768","a1950138",4,24.08,104,69.4980695,65,29,200,17,38,76.58
"769","a1950139",4,23.83,113.3333333,70.66666667,72,29,204,21,35,77.41
"770","a1950141",4,18.5,101.3333333,48,63,25,192,22,38,71.43
"771","a1950142",4,22.25,117.3333333,77.33333333,73,30,219,22,36,80.21
"772","a1950143",4,19.83,109.3333333,26.66666667,57,11,197,17,36,65.93
"773","a1950144",4,19.5,121.3333333,76,63,28,167,18,29,61.54
"774","a1950146",4,23,97.33333333,60,68,29,201,20,35,76.39
"775","a1950147",4,17.25,121.3333333,72,60,28,178,22,38,67.26
"776","a1950148",4,16.58,102.6666667,69.33333333,63,30,205,14,34,70.51
"777","a1950149",4,18.33,93.33333333,13.33333333,50,10,160,7,30,46.83
"778","a1950151",4,24.08,109.3333333,48,62,28,176,16,35,66.86
"779","a1950152",4,23.67,93.33333333,62.66666667,61,24,185,13,30,65.86
"780","a1950153",4,23.67,120,72,70,31,203,19,36,79.04
"781","a1950154",4,19.58,141.5607985,76,71,29,205,20,39,78.36
"782","a1950155",4,18.33,101.3333333,46.66666667,58,19,175,19,31,55.01
"783","a1950156",4,18.58,108,61.33333333,65,31,176,25,36,67.68
"784","a1950157",4,18.75,69.33333333,21.33333333,53,15,171,14,29,47.99
"785","a1950158",4,17.25,104,66.66666667,60,30,184,25,36,69.49
"786","a1950159",4,16.25,145.9612659,97.77294948,72,26,213,17,34,73.25
"787","a1950161",4,21.25,117.3333333,37.33333333,63,20,185,11,29,64.42
"788","a1950162",4,23.25,122.6666667,69.33333333,65,31,205,22,39,77.76
"789","a1950163",4,17.17,102.6666667,48,53,18,172,20,32,54.08
"790","a1950165",4,21.67,121.3333333,61.33333333,63,25,173,11,30,60.79
"791","a1950166",4,24.42,124,86.99855002,71,30,206,24,43,80.15
"792","a1950167",4,23.5,113.3333333,61.33333333,71,27,215,20,38,79.13
"793","a1950168",4,23.92,113.3333333,69.33333333,62,26,200,14,34,73.54
"794","a1950169",4,16.42,105.3333333,48,62,28,201,22,31,71.21
"795","a1950171",4,21.33,117.3333333,56,61,25,183,16,32,63.45
"796","a1950172",4,17.5,113.3333333,73.33333333,70,30,190,22,40,76.38
"797","a1950174",4,19.58,104,73.33333333,64,26,186,17,35,68.78
"798","a1950175",4,21.33,116,74.66666667,71,31,197,22,38,77.17
"799","a1950176",4,21.75,108,70.66666667,68,29,191,21,35,74.39
"800","a1950177",4,17.58,104,74.66666667,63,27,200,22,42,74.78
"801","a1950178",4,19.5,98.66666667,56,60,28,161,11,32,59.94
"802","a1950179",4,24.08,106.6666667,68,66,29,192,22,39,74.31
"803","a195017RE",4,19.75,106.6666667,34.66666667,65,28,200,22,31,71.49
"804","a1950180",4,19.33,106.6666667,53.33333333,60,23,178,17,31,58.31
"805","a1950181",4,23.42,93.33333333,28,55,16,163,4,28,47.81
"806","a1950182",4,18.75,117.3333333,61.33333333,68,29,186,20,30,69.01
"807","a1950183",4,24.83,144.5275959,101.0965499,75,31,213,19,29,78.48
"808","a1950184",4,16.92,128,87.07786771,67,31,199,19,33,72
"809","a1950185",4,20.25,106.6666667,50.66666667,60,21,178,16,34,62.79
"810","a1950186",4,18.25,113.3333333,73.33333333,72,29,207,17,32,75.4
"811","a1950187",4,20.5,102.6666667,40,58,20,200,9,29,66.22
"812","a1950188",4,20.5,85.33333333,13.33333333,45,9,169,19,30,47.89
"813","a1950189",4,19.25,116,70.66666667,63,26,187,15,38,70.22
"814","a195018EF",4,20.25,105.3333333,51.21293801,65,22,182,20,34,65.63
"815","a1950190",4,23.5,124,86.66666667,68,31,200,19,41,77.39
"816","a1950191",4,19.33,116,50.66666667,61,19,183,13,36,65.44
"817","a1950192",4,20.5,109.3333333,53.33333333,63,26,200,17,34,72.41
"818","a1950193",4,22.25,93.33333333,25.33333333,57,12,192,21,37,71.23
"819","a1950194",4,19.75,109.3333333,73.33333333,72,30,205,14,39,78.57
"820","a1950195",4,18.92,106.6666667,57.33333333,64,29,188,18,40,71.15
"821","a1950196",4,21.08,116,53.33333333,65,26,209,14,36,75.54
"822","a1950197",4,20.42,106.6666667,62.66666667,65,25,166,17,31,59.02
"823","a1950198",4,17.58,117.3333333,68,68,27,194,15,34,67
"824","a1950199",4,22.17,108,65.33333333,66,31,196,19,33,69.24
"825","a1950200",4,16.75,100,61.33333333,72,29,203,20,40,76.56
"826","a1950201",4,16.67,98.66666667,56,65,22,169,19,36,67.13
"827","a1950203",4,19.33,126.6666667,48.18724185,61,25,186,17,38,68.56
"828","a1950204",4,16.92,108,50.66666667,62,24,184,18,31,67.12
"829","a1950205",4,18.58,104,60,60,27,176,18,35,65.09
"830","a1950206",4,20.33,72,62.66666667,71,28,180,22,38,71
"831","a1950207",4,16.5,70.66666667,76,72,30,204,19,37,78.84
"832","a1950208",4,22.25,98.66666667,66.66666667,66,29,205,22,35,76.48
"833","a1950209",4,18.33,106.6666667,73.33333333,63,29,176,21,32,59.79
"834","a195020LC",4,24.25,101.3333333,38.66666667,64,21,190,17,33,65.79
"835","a1950210",4,23.67,124,68,71,31,212,21,40,81.62
"836","a1950211",4,24.08,118.6666667,44,63,23,170,15,30,57.41
"837","a1950212",4,21.5,124,104.7957371,75,30,216,27,43,87.21
"838","a1950213",4,21.92,125.3333333,59.15267786,63,24,183,15,29,65.31
"839","a1950214",4,19.58,96,61.33333333,66,28,162,20,31,60.73
"840","a1950215",4,19.83,101.3333333,45.33333333,63,24,199,21,37,73.66
"841","a1950216",4,16.58,130.6666667,64.28571429,71,28,203,23,33,76.04
"842","a1950217",4,16.08,108,24,62,22,205,24,38,75.26
"843","a1950218",4,24.75,101.3333333,32,61,24,154,12.33,19,49.57
"844","a1950219",4,22.25,94.66666667,44,56,24,166,20,36,66.08
"845","a1950220",4,20.42,105.3333333,34.66666667,61,21,200,15,33,68.45
"846","a1950221",4,22.17,89.33333333,25.33333333,53,21,145,19,26,46.98
"847","a1950222",4,17.75,102.6666667,29.33333333,57,22,178,17,36,65.19
"848","a1950223",4,23.08,108,44,63,26,175,17,29,56.98
"849","a1950224",4,20.42,96,33.33333333,61,18,169,17,28,53.51
"850","a1950225",4,20.08,94.66666667,56,60,20,184,18,34,67.03
"851","a1950226",4,18.08,130.6666667,62.66666667,69,31,200,13,42,74.23
"852","a1950227",4,18.33,110.6666667,52,64,27,186,22,33,69.41
"853","a1950229",4,21,128,62.79069767,67,29,175,22,27,61.01
"854","a1950230",4,24.42,89.33333333,34.66666667,62,23,203,14,35,72.48
"855","a1950231",4,16,124,60,66,28,202,16,38,72.46
"856","a1950232",4,16.08,108,57.33333333,59,26,190,20,34,68.39
"857","a1950233",4,16.33,93.33333333,25.33333333,53,15,153,7,29,44.8
"858","a1950234",4,17.83,86.66666667,17.33333333,61,23,199,20,36,70.31
"859","a1950235",4,16.08,80,14.66666667,53,16,196,15,36,65.27
"860","a1950236",4,17.42,114.6666667,73.33333333,65,30,180,17,31,61.74
"861","a1950238",4,23.67,121.3333333,69.33333333,74,29,221,25,39,83.46
"862","a1950239",4,24.25,125.3333333,66.66666667,68,29,195,21,35,74.41
"863","a1950241",4,22.08,114.6666667,54.66666667,66,26,195,18,32,68.15
"864","a1950242",4,24.25,114.6666667,68,71,29,207,24,34,77.28
"865","a1950244",4,20.42,105.3333333,58.66666667,63,29,175,9,33,61.12
"866","a1950245",4,23.75,114.6666667,68,68,29,199,16,37,78.52
"867","a1950246",4,16.75,122.6666667,61.33333333,61,26,187,19,33,69.73
"868","a1950247",4,16.25,150.2528293,75.22224755,71,29,207,11,37,77.35
"869","a1950249",4,18,141.7322835,86.03213844,65,28,198,22,38,75.04
"870","a1950250",4,16.92,125.3333333,72,69,31,208,22,39,78.43
"871","a1950251",4,16.58,130.6666667,70.3854441,60,20,178,21,34,61.07
"872","a1950252",4,23.17,128,78.50739036,66,30,198,19.92,33,72.78
"873","a1950253",4,18,120,52,62,24,201,21,36,73.82
"874","a1950254",4,19.25,102.6666667,60,64,27,179,19,35,67.03
"875","a1950255",4,18.25,117.3333333,58.31983337,64,28,200,25,34,73.06
"876","a1950257",4,18.42,130.6666667,66.66666667,71,26,210,14,37,76.83
"877","a1950258",4,23,121.3333333,74.14315691,71,29,205,21,41,79.95
"878","a1950259",4,17.83,106.6666667,66.66666667,67,24,199,13,38,72.89
"879","a1950260",4,23.25,129.1638341,55.77504067,64,20,188,18,31,67.95
"880","a1950261",4,24.25,106.6666667,72,75,28,214,18,41,84.35
"881","a1950262",4,23.08,96,29.33333333,61,14,185,20,36,69.27
"882","a1950264",4,22.25,153.5403727,107.4795726,74,30,223,25,44,87.19
"883","a1950265",4,16.08,118.6666667,53.33333333,62,25,188,18,33,68.61
"884","a1950266",4,23.92,134.6666667,72,73,32,216,23,41,84.59
"885","a1950267",4,17.08,154.5,74.66666667,66,28,198,22,39,74.58
"886","a1950268",4,17.83,132,70.84337349,71,28.73,205,19,35,76.28
"887","a1950269",4,24.83,147.6224273,76,73,29,214,24,42,84.62
"888","a1950270",4,16.75,94.66666667,66.66666667,64,30,200,20,39,72.19
"889","a1950271",4,17.83,128,64,67,31,214,24,39,76.81
"890","a1950272",4,23.75,144.5783133,78.14956209,70,28,217,23,40,82.5
"891","a195CS004",4,17.25,97.33333333,29.33333333,63,18,183,21,36,67.68
"892","a195EK012",4,24.5,94.66666667,52,62,25,180,15,32,57.01
"893","a195GF009",4,23.5,112,44,63,21,194,16,31,67.26
"894","a195GG015",4,24.92,98.66666667,34.66666667,60,13,154,14,32,51.12
"895","a195MM005",4,17,118.6666667,62.66666667,65,25,194,12,32,68.14
"896","a195OV001",4,24.08,85.33333333,37.33333333,59,22,168,16,32,54.96
"897","a195PF002",4,18.17,114.6666667,54.66666667,60,23,196,20,34,69.44
"898","a195PN010",4,23.5,82.66666667,24,57,22,149,14,31,51.68
"899","a195RG003",4,22.25,97.33333333,56,67,30,184,22,38,73.24
"900","a195RW007",4,19.58,113.3333333,56,64,29,188,20,33,68
"901","a195SJ008",4,20.08,104,36,60,17,198,19,33,66.61
"902","a195TM016",4,23.33,120,69.33333333,70,29,200,20,40,79.49
