,SubjectID,cohort,age,gender,sspan.raw,ppvt.raw,wasi.vocab.raw,wasi.matr.raw,wasi.iq,wj3.watt.raw,wj3.wid.raw,wj3.rcomp.raw,wj3.oralcomp.raw,celf.rs.raw,celf.fs.raw,towre.w.ipm,towre.nw.ipm,wj3.rf.ipm,composite1,wasi.matr.tf,ppvt.tf,wj3.rcomp.tf,age.c,Pred,stdPred,resid,CI_group
1,1,a197,21.28,Female,48,216,47,25,125,29,74,42,31,90,56,148.57,77.73,36.52,0.804159927,1.084522427,0.99823297,0.934593585,1.424942966,0.890159128,1.087947745,0.044434457,EAC
2,3,a197,24.38,Male,38,220,43,24,112,32,75,39,31,86,56,112,81.33,29.33,0.875071596,0.726444066,1.392534331,0.128943857,4.524942966,1.163024104,1.429293336,-1.034080247,UPC
3,11,a197,19.05,Female,57,214,45,26,129,31,74,41,29,93,56,148.57,81.33,27.67,1.187517365,1.466461809,0.814466416,0.656819093,-0.805057034,0.828535749,1.010858816,-0.171716656,NSC
4,12,a197,20.01,Female,47,200,41,20,97,28,69,43,29,94,52,147.14,80,21,0.336288419,-0.479893109,-0.251504124,1.221716636,0.154942966,-0.159027113,-0.224551584,1.380743749,UGC
5,15,a197,19.57,Male,19,180,28,17,81,31,68,33,14,65,46,106.67,74.67,14,-0.047650819,-1.165620368,-1.244365245,-1.240230528,-0.285057034,-0.901419821,-1.153261753,-0.338810707,EPC
6,17,a197,19.71,Male,10,198,33,25,105,27,60,38,22,70,48,117.33,64,17.67,-0.954319557,1.084522427,-0.375794034,-0.121346107,-0.145057034,-0.195682205,-0.270405963,0.074336098,EAC
7,19,a197,25.36,Male,39,207,41,21,103,29,73,40,30,NA,NA,113.33,77.33,22.67,0.133218467,-0.210920598,0.236033425,0.388300498,5.504942966,0.278472094,0.322746305,0.109828405,EAC
8,21,a197,20.3,Male,34,201,34,21,95,28,70,34,27,88,54,105.33,77.33,21,-0.327696826,-0.210920598,-0.186958519,-1.033794334,0.444942966,-0.165533548,-0.232690932,-0.868260785,UPC
9,22,a197,18.16,Male,21,177,30,9,72,21,61,29,25,80,48,101.33,44,14.33,-1.831427318,-2.229631064,-1.351999042,-1.982409255,-1.695057034,-1.391147493,-1.765895827,-0.591261762,EPC
10,23,a197,16.85,Female,38,187,35,20,91,22,67,35,28,86,52,126.67,72,28.33,-0.682345568,-0.479893109,-0.95530382,-0.818789783,-3.005057034,-0.793200233,-1.017882416,-0.025589551,EPC
11,24,a197,24.85,Male,44,195,39,20,100,32,75,36,23,87,54,141.82,96.32,22.67,1.670782996,-0.479893109,-0.550705229,-0.595114078,4.994942966,-0.027130191,-0.059552641,-0.567983886,UPC
12,25,a197,17.75,Male,22,196,27,13,69,28,62,34,23,68,55,121.33,70.67,29,-0.602022427,-1.822962398,-0.493896176,-1.033794334,-2.105057034,-0.67515993,-0.870217673,-0.358634403,NSC
13,27,a197,23.71,Male,53,222,52,25,128,32,76,45,34,95,53,148.57,96.92,39.73,1.897290956,1.084522427,1.603751013,1.824372936,3.854942966,1.457421564,1.797575395,0.366951372,NSC
14,30,a197,18.44,Female,43,198,41,23,110,29,69,34,27,89,50,122.67,77.33,22.33,-0.003117403,0.391601268,-0.375794034,-1.033794334,-1.415057034,-0.197516332,-0.272700399,-0.836278002,UPC
15,31,a197,22.55,Male,49,220,51,28,148,32,74,44,31,93,56,164.21,99.47,44.55,2.047289544,2.304387242,1.392534331,1.518279674,2.694942966,1.493379358,1.842557476,0.024900316,EAC
16,32,a197,20.23,Male,32,165,33,15,84,27,62,33,20,74,52,122.67,60,22.67,-0.87674548,-1.528632788,-1.69996795,-1.240230528,0.374942966,-1.314257778,-1.669709186,0.074027249,EPC
17,33,a197,19.13,Female,26,162,35,20,96,24,64,29,15,85,49,116,57.33,13,-1.167742403,-0.479893109,-1.769054728,-1.982409255,-0.725057034,-1.276651018,-1.622664301,-0.705758237,EPC
18,35,a197,21.55,Female,17,180,32,9,74,11,53,35,23,79,48,98.67,16,16.67,-2.508633674,-2.229631064,-1.244365245,-0.818789783,1.694942966,-1.330008815,-1.689413243,0.511219032,EPC
19,36,a197,17.19,Female,34,193,39,17,90,30,71,34,26,84,51,126.67,85.12,33.49,0.491594575,-1.165620368,-0.659991859,-1.033794334,-2.665057034,-0.548074744,-0.711238061,-0.485719589,NSC
20,37,a197,22.3,Female,33,209,38,21,100,31,75,37,24,73,52,118.67,77.33,32,0.7019997,-0.210920598,0.391475369,-0.362666052,2.444942966,0.36592739,0.432150159,-0.728593443,UPC
21,39,a197,18.18,Female,30,168,29,17,83,10,45,32,23,71,52,84,8,19,-2.864145649,-1.165620368,-1.624237048,-1.438202875,-1.675057034,-1.541347034,-1.953790777,0.103144159,EPC
22,40,a197,16.63,Female,24,178,28,15,75,24,63,32,20,63,55,122.67,60,18.67,-1.056490952,-1.528632788,-1.317132734,-1.438202875,-3.225057034,-1.208490719,-1.537397888,-0.229712156,EPC
23,41,a197,23.17,Male,34,205,30,21,85,30,70,42,24,76,55,106.67,77.33,25.33,-0.04282281,-0.210920598,0.088003439,0.934593585,3.314942966,0.110053329,0.112059673,0.824540256,UGC
24,42,a197,21.09,Female,27,183,29,23,92,29,65,32,23,89,52,78.67,70.67,23.67,-0.973646787,0.391601268,-1.127274515,-1.438202875,1.234942966,-0.700121548,-0.90144388,-0.738081327,UPC
25,43,a197,18.94,Female,25,193,33,17,88,27,65,33,24,73,48,114.67,70.67,24,-0.689575187,-1.165620368,-0.659991859,-1.240230528,-0.915057034,-0.661396003,-0.852999428,-0.578834526,UPC
26,45,a197,21.73,Female,18,180,28,24,83,28,64,37,26,71,51,117.33,41.33,21.33,-1.083327063,0.726444066,-1.244365245,-0.362666052,1.874942966,-0.720084782,-0.926417264,0.35741873,NSC
27,47,a197,19.58,Female,26,178,26,18,81,28,65,35,21,64,46,117.33,58.67,19.67,-0.762575755,-0.956566383,-1.317132734,-0.818789783,-0.275057034,-1.01120611,-1.290600983,0.192416327,EPC
28,50,a197,18.92,Female,42,213,43,22,112,32,74,37,28,89,53,168.65,105.45,33.26,2.263129045,0.07936044,0.725784687,-0.362666052,-0.935057034,0.72450023,0.88071362,-1.087166283,UPC
29,51,a197,23.03,Male,13,202,40,17,95,29,68,38,27,74,50,128,61.33,24,-0.274021542,-1.165620368,-0.120768691,-0.121346107,3.174942966,-0.180795251,-0.251782847,0.059449144,EAC
30,52,a197,18.32,Male,42,216,47,25,131,29,74,43,32,94,55,106.67,84.55,31,0.261522967,1.084522427,0.99823297,1.221716636,-1.535057034,0.738924926,0.898758466,0.48279171,NSC
31,54,a197,23.66,Male,36,209,37,21,94,32,73,40,27,83,55,143.72,83.72,22,1.264114462,-0.210920598,0.391475369,0.388300498,3.804942966,0.477633489,0.571891012,-0.089332991,EAC
32,55,a197,18.08,Female,53,222,44,26,124,32,75,45,31,81,56,146.9272428,80.45454545,46.49006623,1.428127778,1.466461809,1.603751013,1.824372936,-1.775057034,1.299090377,1.599508008,0.52528256,UGC
33,56,a197,18.67,Male,51,220,49,24,133,29,76,45,32,94,55,173.33,88.5,38.43,1.660431308,0.726444066,1.392534331,1.824372936,-1.185057034,1.11858118,1.373696622,0.705791756,UGC
34,61,a197,22.6,Female,30,213,43,24,114,31,74,41,25,85,53,137.33,81.33,28,0.994454762,0.726444066,0.725784687,0.656819093,2.744942966,0.740581235,0.900830456,-0.083762141,EAC
35,62,a197,18.49,Male,37,209,35,18,87,28,63,36,30,81,55,116,52,18.33,-0.97773426,-0.956566383,0.391475369,-0.595114078,-1.365057034,-0.065309532,-0.107313807,-0.529804546,UPC
36,65,a197,22.06,Female,45,204,40,12,87,32,74,40,27,92,55,126.67,76,35.42,0.909793033,-1.946218157,0.016678043,0.388300498,2.204942966,-0.074833196,-0.119227615,0.463133695,NSC
37,68,a197,22.82,Female,38,208,36,23,95,31,72,38,27,79,53,141.82,90,33.41,1.086428707,0.391601268,0.312809657,-0.121346107,2.964942966,0.469446798,0.561649715,-0.590792905,UPC
38,70,a197,24.9,Male,32,193,36,19,89,30,70,33,28,91,55,125.33,81.33,26.33,0.325275828,-0.728217989,-0.659991859,-1.240230528,5.044942966,-0.306298561,-0.408783581,-0.933931967,UPC
39,71,a197,23.43,Female,45,210,39,18,91,28,67,41,30,82,54,162.2,76,32,0.41393548,-0.956566383,0.472067731,0.656819093,3.574942966,0.300034928,0.34972074,0.356784165,NSC
40,72,a197,21.34,Male,32,197,31,20,84,26,64,36,22,81,53,96,70.67,25.33,-1.093566049,-0.479893109,-0.435602776,-0.595114078,1.484942966,-0.425123149,-0.557429442,-0.169990929,NSC
41,73,a197,22,Female,46,207,37,18,89,31,72,38,26,85,53,116,77.33,26.67,0.407789243,-0.956566383,0.236033425,-0.121346107,2.144942966,0.122877893,0.128102804,-0.244224001,NSC
42,76,a197,18.16,Male,16,154,25,16,72,32,63,32,22,74,49,116,79.43,18.33,0.150456178,-1.35607372,-1.924344744,-1.438202875,-1.695057034,-1.337854978,-1.699228549,-0.100347898,EPC
43,77,a197,24.07,Female,21,196,38,20,93,24,73,36,27,73,54,118.67,68,26,-0.402107021,-0.479893109,-0.493896176,-0.595114078,4.214942966,-0.29410376,-0.393528265,-0.301010317,NSC
44,78,a197,19.8,Female,13,151,24,16,75,28,61,30,21,49,44,88,48,16.33,-1.518048367,-1.35607372,-1.972949899,-1.809183084,-0.055057034,-1.548404756,-1.962619768,-0.260778328,EPC
45,79,a197,20.64,Female,37,195,41,21,104,30,72,39,28,80,54,109.33,73.33,22,0.060173975,-0.210920598,-0.550705229,0.128943857,0.784942966,-0.317890874,-0.423285204,0.44683473,NSC
46,80,a197,20.66,Male,49,166,30,16,82,16,55,29,24,56,51,106.67,53.33,19.67,-1.837506849,-1.35607372,-1.675486859,-1.982409255,0.804942966,-1.394131328,-1.769628512,-0.588277927,EPC
47,81,a197,19.36,Male,23,171,34,16,88,26,60,36,25,64,52,90.67,46.67,19.33,-1.721654898,-1.35607372,-1.541358231,-0.595114078,-0.495057034,-1.333957861,-1.694353378,0.738843784,EPC
48,82,a197,19.28,Female,39,191,38,20,100,30,67,37,26,74,51,108,70.67,22,-0.326637719,-0.479893109,-0.763701079,-0.362666052,-0.575057034,-0.568611878,-0.736929376,0.205945826,NSC
49,83,a197,23.83,Female,43,218,44,25,119,30,75,43,30,95,55,138.67,89.6,40.55,1.108697145,1.084522427,1.190810228,1.221716636,3.974942966,1.111574858,1.364931931,0.110141778,EAC
50,84,a197,21.01,Female,24,180,27,13,74,19,59,36,22,80,53,96,36,18.33,-2.127761907,-1.822962398,-1.244365245,-0.595114078,1.154942966,-1.23603916,-1.57186013,0.640925083,EPC
51,85,a197,21.73,Female,36,209,45,21,111,30,74,38,26,88,55,126.67,73.33,34.13,0.493254333,-0.210920598,0.391475369,-0.121346107,1.874942966,0.322733098,0.378115444,-0.444079205,NSC
52,86,a197,21.64,Female,36,169,25,22,86,28,65,33,25,89,49,118.67,56,19.67,-0.787275539,0.07936044,-1.597430673,-1.240230528,1.784942966,-0.980252291,-1.251878719,-0.259978238,EPC
53,87,a197,22.56,Male,49,213,39,27,120,25,69,43,31,86,54,124,53.33,28.33,-0.797962145,1.87287995,0.725784687,1.221716636,2.704942966,0.657685184,0.797130077,0.564031452,UGC
54,88,a197,22.61,Male,NA,218,41,22,101,32,74,39,31,93,53,133.33,74.67,31.67,0.993128706,0.07936044,1.190810228,0.128943857,2.754942966,0.923466213,1.129613871,-0.794522356,UPC
55,89,a197,17.37,Female,46,180,31,14,75,27,60,36,22,79,54,110.67,61.33,19.33,-1.104026544,-1.684017479,-1.244365245,-0.595114078,-2.485057034,-1.174363242,-1.494705477,0.579249164,EPC
56,91,a197,21.92,Female,35,188,34,21,95,27,69,35,26,72,54,117.33,61.33,26,-0.609389425,-0.210920598,-0.909310483,-0.818789783,2.064942966,-0.58518992,-0.75766799,-0.233599863,NSC
57,94,a197,22.08,Female,42,219,47,23,119,30,74,39,32,91,54,154.5,76.36,36.3,1.025674758,0.391601268,1.290507542,0.128943857,2.224942966,1.016060586,1.24544655,-0.887116729,UPC
58,95,a197,23.31,Male,35,206,35,23,100,30,72,36,25,82,56,155.77,90,38.4,1.162494545,0.391601268,0.161110048,-0.595114078,3.454942966,0.403514329,0.479170249,-0.998628407,UPC
59,98,a197,22.16,Male,27,190,35,17,89,28,63,35,22,55,52,106.67,66.67,25.67,-0.864736964,-1.165620368,-0.81353662,-0.818789783,2.304942966,-0.690391616,-0.889272038,-0.128398167,EAC
60,99,a197,23.9,Male,17,158,31,14,79,30,64,30,21,79,50,117.33,69.33,28,-0.348870759,-1.684017479,-1.851654918,-1.809183084,4.044942966,-1.257110228,-1.59821938,-0.552072856,EPC
61,100,a197,18.07,Female,45,193,41,26,122,29,66,38,25,95,55,133.33,83.59,29.33,0.132349538,1.466461809,-0.659991859,-0.121346107,-1.785057034,-0.205823869,-0.283092869,0.084477761,EAC
62,102,a197,19.4,Male,45,215,39,25,113,30,75,40,30,93,55,113.33,72,37.45,0.348134948,1.084522427,0.905268994,0.388300498,-0.455057034,0.724463433,0.880667588,-0.336162935,NSC
63,103,a197,20.91,Male,53,212,43,25,117,29,73,42,31,90,55,118.67,52,27.33,-0.240819713,1.084522427,0.639183836,0.934593585,1.054942966,0.528452248,0.635463697,0.406141337,NSC
64,105,a197,18.09,Female,45,196,40,21,105,29,68,37,27,82,55,82.67,57.33,35.71,-1.0108422,-0.210920598,-0.493896176,-0.362666052,-1.765057034,-0.496270959,-0.646433137,0.133604906,EAC
65,108,a197,21.86,Female,23,153,31,20,89,26,55,36,21,70,54,89.33,21.33,19.67,-2.198373134,-0.479893109,-1.941085045,-0.595114078,2.004942966,-1.444884464,-1.833119105,0.849770387,EPC
66,110,a197,17.96,Female,28,204,37,18,94,30,71,43,30,75,56,129.33,76,23.33,0.352609313,-0.956566383,0.016678043,1.221716636,-1.895057034,-0.119869014,-0.175566021,1.34158565,UGC
67,111,a197,23.55,Male,39,211,47,17,109,28,73,40,28,87,56,137.33,70.67,28.33,0.269594001,-1.165620368,0.554624462,0.388300498,3.694942966,0.30301568,0.353449568,0.085284818,EAC
68,112,a197,23.62,Male,39,204,42,25,116,31,70,42,28,84,54,117.33,65.33,26.33,0.061028441,1.084522427,0.016678043,0.934593585,3.764942966,0.274930847,0.318316316,0.659662738,UGC
69,117,a197,22.02,Female,41,223,50,23,129,28,74,42,30,92,54,181.24,78.04,50.26,1.291134072,0.391601268,1.713029781,0.934593585,2.164942966,1.29850537,1.598776183,-0.363911785,NSC
70,118,a197,21.35,Male,43,216,39,19,98,28,74,43,31,90,56,137.33,74.67,37.45,0.429917137,-0.728217989,0.99823297,1.221716636,1.494942966,0.588351222,0.710395449,0.633365414,UGC
71,119,a197,19.96,Female,24,190,35,20,96,26,68,36,27,63,53,110.67,30.67,25.67,-1.327218865,-0.479893109,-0.81353662,-0.595114078,0.104942966,-0.715024456,-0.920086954,0.119910379,EAC
72,120,a197,21.58,Female,41,200,37,20,97,28,71,36,31,94,55,137.33,83.92,36,0.377991246,-0.479893109,-0.251504124,-0.595114078,1.724942966,-0.112031484,-0.165761515,-0.483082593,NSC
73,121,a197,19.65,Male,38,212,43,23,114,29,74,42,30,85,56,122.67,62.67,28,0.088661855,0.391601268,0.639183836,0.934593585,-0.205057034,0.442963678,0.528520157,0.491629907,NSC
74,122,a197,23.2,Female,45,209,44,27,128,30,72,41,31,96,54,112,72,38.43,0.075197568,1.87287995,0.391475369,0.656819093,3.344942966,0.596027013,0.719997625,0.06079208,EAC
75,123,a197,21.53,Female,43,210,31,23,94,31,72,41,29,95,55,108,56,28.33,-0.104080547,0.391601268,0.472067731,0.656819093,1.674942966,0.368316491,0.43513885,0.288502602,NSC
76,124,a197,20.42,Male,43,213,39,23,105,32,73,44,27,95,55,151.13,77.33,32,1.265709251,0.391601268,0.725784687,1.518279674,0.564942966,0.672996447,0.816283991,0.845283227,UGC
77,125,a197,22.21,Female,40,223,48,24,125,31,76,43,31,95,55,130.67,78.67,35.21,1.017504272,0.726444066,1.713029781,1.221716636,2.354942966,1.313336582,1.617329567,-0.091619946,EAC
78,126,a197,24.91,Female,39,204,42,20,104,31,72,40,27,91,54,126.67,72,32.67,0.473828108,-0.479893109,0.016678043,0.388300498,5.054942966,0.14617739,0.157249749,0.242123108,NSC
79,127,a197,20.56,Male,48,205,46,27,131,30,76,43,29,92,56,148.11,91.29,32.67,1.403337558,1.87287995,0.088003439,1.221716636,0.704942966,0.527472769,0.634238399,0.694243867,UGC
80,128,a197,19.22,Male,47,215,45,22,117,28,74,41,27,92,55,155.51,100.61,32.67,1.284380952,0.07936044,0.905268994,0.656819093,-0.635057034,0.705727607,0.857229653,-0.048908514,EAC
81,130,a197,20.24,Female,38,203,46,21,113,30,71,40,27,86,55,100,74.67,24.33,-0.124197056,-0.210920598,-0.052901166,0.388300498,0.384942966,-0.060899721,-0.10179727,0.449200219,NSC
82,131,a197,20.81,Male,54,216,43,26,122,30,76,43,31,90,55,138.67,76,38.8,0.930147149,1.466461809,0.99823297,1.221716636,0.954942966,0.948116335,1.160450407,0.273600301,NSC
83,132,a197,19.07,Female,37,218,47,25,131,29,76,44,31,96,54,140.6,68,44.89,0.667677226,1.084522427,1.190810228,1.518279674,-0.785057034,0.926629809,1.133571432,0.591649865,UGC
84,133,a197,22.58,Female,45,216,48,26,133,31,76,42,28,94,54,137.33,77.33,40.55,1.101888825,1.466461809,0.99823297,0.934593585,2.724942966,1.017933851,1.247789946,-0.083340266,EAC
85,134,a197,21.17,Female,47,206,41,20,102,25,68,39,25,92,52,121.33,68,32.67,-0.641834474,-0.479893109,0.161110048,0.128943857,1.314942966,-0.018112505,-0.048271796,0.147056362,EAC
86,136,a197,23.14,Male,44,222,50,25,135,31,75,45,30,91,56,1.67,100.22,46.67,-0.062389919,1.084522427,1.603751013,1.824372936,3.284942966,1.177891401,1.447891862,0.646481535,UGC
87,138,a197,20.36,Female,29,204,38,25,109,27,70,37,28,90,54,125.33,70.67,31.33,-0.249551711,1.084522427,0.016678043,-0.362666052,0.504942966,0.14711449,0.158422032,-0.509780543,UPC
88,141,a197,17.1,Male,11,188,36,20,97,30,67,37,23,93,52,118.67,60,26.67,-0.356948667,-0.479893109,-0.909310483,-0.362666052,-2.755057034,-0.715675051,-0.920900828,0.353008999,NSC
89,142,a197,16.15,Female,43,212,40,22,110,27,69,39,30,90,56,137.33,68,31.33,-0.164767981,0.07936044,0.639183836,0.128943857,-3.705057034,0.272935193,0.315819814,-0.143991336,EAC
90,143,a197,23.17,Male,46,212,43,12,92,28,75,40,30,93,54,132,72,31.67,0.380144568,-1.946218157,0.639183836,0.388300498,3.314942966,0.248590633,0.285365528,0.139709865,EAC
91,144,a197,24.99,Female,39,215,45,26,122,31,75,42,30,90,55,137.33,80,35.71,1.058045413,1.466461809,0.905268994,0.934593585,5.134942966,1.020907029,1.251509299,-0.086313444,EAC
92,145,a197,23.18,Female,44,217,40,22,104,31,75,46,31,96,55,101.33,77.33,36.3,0.440697402,0.07936044,1.093399475,2.14008551,3.324942966,0.806698944,0.983541653,1.333386566,UGC
93,146,a197,21.2,Male,57,217,48,25,129,28,75,43,30,93,55,118.67,83.18,46.67,0.385266203,1.084522427,1.093399475,1.221716636,1.344942966,0.887412272,1.084511514,0.334304364,NSC
94,147,a197,24.48,Female,22,228,44,18,104,30,75,41,27,69,56,118.67,74.67,35.93,0.481873659,-0.956566383,2.297961632,0.656819093,4.624942966,1.409423353,1.737531127,-0.75260426,UPC
95,148,a197,21.72,Female,34,191,39,18,96,28,66,35,26,66,55,110.67,64,24,-0.724431816,-0.956566383,-0.763701079,-0.818789783,1.864942966,-0.62457975,-0.806943441,-0.194210033,NSC
96,152,a197,16.18,Female,45,220,43,24,121,30,76,42,31,96,56,112,81.61,32.91,0.612289458,0.726444066,1.392534331,0.934593585,-3.675057034,0.911499153,1.114643452,0.023094432,EAC
97,153,a197,22.76,Male,48,206,43,21,108,29,69,42,26,91,54,138.67,74.67,33.49,0.207888309,-0.210920598,0.161110048,0.934593585,2.904942966,0.176034499,0.194600062,0.758559086,UGC
98,155,a197,20.39,Female,20,85,28,7,62,19,57,35,14,70,52,112,50.67,18,-1.72272858,-2.354771918,-2.346006718,-0.818789783,0.534942966,-1.91908672,-2.426331366,1.100296937,EPC
99,157,a197,18.45,Male,55,204,41,24,113,31,73,43,30,93,55,159.88,80,27.67,1.278591805,0.726444066,0.016678043,1.221716636,-1.405057034,0.25305002,0.290944082,0.968666616,UGC
100,158,a197,20.7,Male,42,212,37,23,102,27,69,39,27,83,56,129.33,66.67,31,-0.321954599,0.391601268,0.639183836,0.128943857,0.844942966,0.41520557,0.493795628,-0.286261714,NSC
101,159,a197,21.1,Male,37,202,40,24,109,30,71,40,26,90,55,130.67,73.33,27,0.323045276,0.726444066,-0.120768691,0.388300498,1.244942966,0.113158175,0.115943739,0.275142323,NSC
102,160,a197,23.38,Female,39,208,44,24,116,28,75,43,29,91,54,141.82,77.33,43.88,0.648058291,0.726444066,0.312809657,1.221716636,3.524942966,0.471790672,0.564581829,0.749925964,UGC
103,161,a197,20.61,Female,46,212,39,25,111,30,73,42,29,90,55,128,60,27,0.186705788,1.084522427,0.639183836,0.934593585,0.754942966,0.578253853,0.697763955,0.356339731,NSC
104,162,a197,22.74,Male,36,216,44,22,111,31,76,43,29,90,56,128,114.38,32.33,1.748609391,0.07936044,0.99823297,1.221716636,2.884942966,0.915741665,1.119950703,0.305974971,NSC
105,163,a197,21.66,Female,21,169,37,18,94,17,59,36,24,84,54,112,41.33,22.33,-1.844847693,-0.956566383,-1.597430673,-0.595114078,1.804942966,-1.267134015,-1.610758826,0.672019937,EPC
106,164,a197,17.08,Female,41,208,43,23,114,28,73,38,28,90,54,121.33,70.67,31,0.008192035,0.391601268,0.312809657,-0.121346107,-2.775057034,0.17267094,0.190392355,-0.294017047,NSC
107,165,a197,23.93,Male,48,208,37,26,113,30,74,44,26,92,55,125.33,93.85,32.36,0.888502103,1.466461809,0.312809657,1.518279674,4.074942966,0.622075523,0.7525835,0.896204151,UGC
108,167,a197,24.69,Female,26,228,32,23,96,27,71,40,28,91,54,110.67,64,28.67,-0.53323057,0.391601268,2.297961632,0.388300498,4.834942966,1.466204235,1.808562243,-1.077903737,UPC
109,168,a197,24.16,Female,29,197,40,15,75,30,74,40,26,88,53,118.67,73.33,31,0.365940529,-1.528632788,-0.435602776,0.388300498,4.304942966,-0.300271568,-0.401244,0.688572066,UGC
110,170,a197,16.03,Female,33,174,32,18,89,29,69,32,25,81,54,113.33,70.67,23.33,-0.27686787,-0.956566383,-1.450799391,-1.438202875,-3.825057034,-1.117700402,-1.423822028,-0.320502473,EPC
111,171,a197,21.86,Male,31,167,30,15,80,23,57,32,15,38,50,33.33,74.67,21,-2.132681603,-1.528632788,-1.650249443,-1.438202875,2.004942966,-1.411627289,-1.791515413,-0.026575587,EPC
112,172,a197,24.08,Male,48,218,47,25,125,31,73,42,28,91,56,134.67,58.67,36.52,0.441828461,1.084522427,1.190810228,0.934593585,4.224942966,1.028150037,1.260570077,-0.093556452,EAC
113,173,a197,24.14,Male,49,216,50,26,140,32,76,44,31,95,55,133.33,80,34.19,1.28444621,1.466461809,0.99823297,1.518279674,4.284942966,1.083678111,1.33003397,0.434601563,NSC
114,177,a197,24.19,Female,38,208,41,18,99,31,73,36,25,81,53,133.33,68,29.67,0.586377796,-0.956566383,0.312809657,-0.595114078,4.334942966,0.249785143,0.286859823,-0.844899221,UPC
115,178,a197,16.04,Male,37,212,36,22,103,31,74,44,29,88,52,106.67,65.33,31.33,0.202139742,0.07936044,0.639183836,1.518279674,-3.815057034,0.31956096,0.374147198,1.198718714,UGC
116,181,a197,17.19,Female,41,190,32,12,79,26,66,37,25,89,53,101.33,54.67,22,-1.212788374,-1.946218157,-0.81353662,-0.362666052,-2.665057034,-0.977326911,-1.248219159,0.614660858,EPC
117,182,a197,17.53,Female,51,218,47,25,94,31,75,43,32,85,54,130.67,81.73,24.67,0.981911047,1.084522427,1.190810228,1.221716636,-2.325057034,0.928467857,1.135870772,0.293248779,NSC
118,184,a197,21.6,Male,54,222,40,26,117,29,76,44,29,95,54,148.57,91.58,40.55,1.274067946,1.466461809,1.603751013,1.518279674,1.744942966,1.371041601,1.68951675,0.147238073,EAC
119,185,a197,20.45,Female,42,211,43,22,109,30,76,44,29,93,54,141.82,77.33,37.69,1.009719236,0.07936044,0.554624462,1.518279674,0.594942966,0.495089987,0.593728547,1.023189688,UGC
120,186,a197,18.69,Male,40,210,42,23,112,32,74,43,29,91,55,140.45,97.06,29.67,1.573304438,0.391601268,0.472067731,1.221716636,-1.165057034,0.519895786,0.62475983,0.70182085,UGC
121,187,a197,24.45,Female,44,211,44,23,113,29,74,40,29,88,55,120,84.55,36.52,0.465432134,0.391601268,0.554624462,0.388300498,4.594942966,0.570619213,0.688213258,-0.182318715,NSC
122,188,a197,19.34,Male,54,222,43,24,117,31,75,43,30,95,54,132,66.67,43.88,0.714188637,0.726444066,1.603751013,1.221716636,-0.515057034,1.132584871,1.391214803,0.089131765,EAC
123,189,a197,22.95,Female,50,223,47,25,125,32,74,46,33,96,56,126.67,89.76,41.74,1.18831852,1.084522427,1.713029781,2.14008551,3.094942966,1.405893706,1.733115649,0.734191804,UGC
124,190,a197,21.63,Female,42,209,34,23,99,30,69,41,26,85,52,122.67,87.06,31.33,0.336570622,0.391601268,0.391475369,0.656819093,1.774942966,0.383088096,0.453617668,0.273730997,NSC
125,194,a197,20.7,Female,48,210,41,22,106,30,75,38,29,94,54,110.67,86.51,32.85,0.595364242,0.07936044,0.472067731,-0.121346107,0.844942966,0.397253837,0.471338569,-0.518599945,UPC
126,195,a197,22.13,Female,34,195,41,21,104,29,69,38,28,87,55,130.67,60,24.33,-0.195251236,-0.210920598,-0.550705229,-0.121346107,2.274942966,-0.313108528,-0.417302638,0.191762421,NSC
127,201,a197,22.88,Female,20,191,35,16,88,25,66,38,25,89,54,106.67,62.67,21.67,-1.067801823,-1.35607372,-0.763701079,-0.121346107,3.024942966,-0.696151598,-0.896477596,0.574805491,UGC
128,202,a197,22.84,Female,37,176,36,20,95,20,58,29,23,73,52,109.33,28,11,-2.04427279,-0.479893109,-1.385884116,-1.982409255,2.984942966,-1.072131311,-1.366816513,-0.910277944,EPC
129,203,a197,20.92,Male,54,215,43,20,106,29,68,45,28,84,56,129.33,66.67,28.67,-0.156382281,-0.479893109,0.905268994,1.824372936,1.064942966,0.477953464,0.57229129,1.346419472,UGC
130,205,a197,17.07,Male,14,152,NA,8,NA,19,58,32,18,49,53,88,32,15.67,-2.317813974,-2.29801674,-1.957282011,-1.438202875,-2.785057034,-1.850618385,-2.340679611,0.41241551,EPC
131,207,a197,23.35,Female,46,220,47,29,140,30,76,43,31,88,56,147.52,93.02,44.89,1.429820168,2.761587075,1.392534331,1.221716636,3.494942966,1.494958994,1.844533552,-0.273242358,NSC
132,208,a197,23.51,Male,59,213,46,21,113,26,74,42,32,96,56,129.33,107.63,47.8,0.805352971,-0.210920598,0.725784687,0.934593585,3.654942966,0.608136482,0.735146194,0.326457103,NSC
133,209,a197,22.44,Female,32,197,40,22,104,27,67,37,27,89,54,113.33,64,27.67,-0.736252653,0.07936044,-0.435602776,-0.362666052,2.584942966,-0.269814696,-0.363143402,-0.092851356,EAC
134,212,a197,19.04,Female,51,224,50,23,130,32,76,44,29,93,56,129.33,101.67,39.73,1.67606404,0.391601268,1.824815785,1.518279674,-0.815057034,1.337608808,1.647693367,0.180670866,NSC
135,214,a197,20.63,Female,53,213,43,24,114,29,75,43,30,95,55,121.33,66.67,26.67,0.229808636,0.726444066,0.725784687,1.221716636,0.774942966,0.585465661,0.706785702,0.636250975,UGC
136,215,a197,22.35,Male,28,198,39,18,96,24,68,29,24,75,53,126.67,69.33,26.33,-0.590688752,-0.956566383,-0.375794034,-1.982409255,2.494942966,-0.362066738,-0.478547835,-1.620342517,UPC
137,216,a197,16.95,Female,30,204,40,20,104,31,69,35,29,85,52,109.33,77.33,28.33,0.102285897,-0.479893109,0.016678043,-0.818789783,-2.905057034,-0.113704086,-0.167853888,-0.705085697,UPC
138,217,a197,23.23,Male,27,176,35,17,89,25,61,37,17,79,54,120,61.33,18.67,-1.086425352,-1.165620368,-1.385884116,-0.362666052,3.374942966,-1.028325844,-1.312017237,0.665659791,EPC
139,218,a197,22.4,Female,51,217,45,22,113,32,73,42,29,92,55,138.67,77.73,34.24,1.058094648,0.07936044,1.093399475,0.934593585,2.544942966,0.869481705,1.062080932,0.06511188,EAC
140,219,a197,22.03,Male,55,201,38,25,109,30,71,38,29,90,55,108,61.33,23,-0.253377061,1.084522427,-0.186958519,-0.121346107,2.174942966,0.070981049,0.063181467,-0.192327156,NSC
141,220,a197,18.92,Male,42,216,40,25,115,30,71,41,30,87,54,129.33,72,40,0.275750352,1.084522427,0.99823297,0.656819093,-0.935057034,0.756654228,0.920937271,-0.099835135,EAC
142,221,a197,18.02,Male,48,216,48,19,121,29,74,40,30,88,54,121.33,69.33,32,0.188781689,-0.728217989,0.99823297,0.388300498,-1.835057034,0.468063921,0.55991978,-0.079763422,EAC
143,223,a197,19.03,Female,52,203,38,25,111,32,73,40,27,95,56,121.33,93.85,31,1.105590333,1.084522427,-0.052901166,0.388300498,-0.825057034,0.254112554,0.29227328,0.134187944,EAC
144,224,a197,21.88,Female,32,116,31,13,78,28,62,29,22,67,53,120,73.33,19.33,-0.572545824,-1.822962398,-2.279651934,-1.982409255,2.024942966,-1.61133817,-2.04134751,-0.371071085,EPC
145,227,a197,22.94,Female,44,202,29,24,94,24,68,40,24,73,52,114.67,64,28.67,-0.877689431,0.726444066,-0.120768691,0.388300498,3.084942966,-0.000432559,-0.026154734,0.388733058,NSC
146,228,a197,20.73,Female,34,193,30,24,96,29,69,43,28,76,56,117.33,64,32.33,-0.337834292,0.726444066,-0.659991859,1.221716636,0.874942966,-0.302540523,-0.404082393,1.524257159,UGC
147,229,a197,18.94,Female,58,225,48,26,140,32,75,43,30,96,56,156,90.73,41.41,1.799675048,1.466461809,1.93915502,1.221716636,-0.915057034,1.568920622,1.937057246,-0.347203986,NSC
148,230,a197,22.61,Male,43,199,39,24,108,31,72,36,24,80,54,124,52,20.33,0.077027523,0.726444066,-0.314438474,-0.595114078,2.754942966,0.005973244,-0.018141273,-0.601087322,UPC
149,231,a197,16.85,Female,47,194,38,20,101,28,68,37,25,80,54,124,58.67,28,-0.506524169,-0.479893109,-0.606060444,-0.362666052,-3.005057034,-0.564318516,-0.731558513,0.201652464,NSC
150,232,a197,20.19,Male,47,201,33,21,94,28,66,39,26,76,53,129.33,66.67,33.84,-0.38233102,-0.210920598,-0.186958519,0.128943857,0.334942966,-0.175806208,-0.245541709,0.304750064,NSC
151,233,a197,21.52,Female,37,208,37,20,97,30,74,40,30,79,54,116,98.31,36.84,0.837927103,-0.479893109,0.312809657,0.388300498,1.664942966,0.279953253,0.324599189,0.108347246,EAC
152,236,a197,19.94,Female,29,170,33,23,99,26,68,35,21,78,53,110.67,61.33,22.33,-0.855844973,0.391601268,-1.569810968,-0.818789783,0.084942966,-0.974472876,-1.244648851,0.155683093,EPC
153,237,a197,17.96,Female,47,214,42,25,118,31,76,40,29,89,55,134.67,98.33,33.79,1.49381208,1.084522427,0.814466416,0.388300498,-1.895057034,0.787823395,0.959928929,-0.399522897,NSC
154,239,a197,20.18,Male,48,219,47,21,116,31,75,41,33,92,54,141.82,80,29.67,1.134257006,-0.210920598,1.290507542,0.656819093,0.324942966,0.896516554,1.095900687,-0.239697461,NSC
155,240,a197,20.97,Female,35,147,28,17,81,26,67,30,21,77,49,124,73.64,16,-0.475943776,-1.165620368,-2.030605912,-1.809183084,1.114942966,-1.384189481,-1.75719157,-0.424993603,EPC
156,241,a197,23.32,Male,46,206,36,19,94,29,67,41,27,69,55,141.82,85.5,31.67,0.36462202,-0.728217989,0.161110048,0.656819093,3.464942966,0.13970751,0.14915613,0.517111583,UGC
157,242,a197,20.1,Female,42,131,33,21,94,30,62,33,26,89,53,120,68,24,-0.407757391,-0.210920598,-2.19476501,-1.240230528,0.244942966,-1.361019935,-1.728207189,0.120789406,EPC
158,243,a197,18.66,Male,44,196,37,24,107,28,68,40,28,88,54,125.33,70.67,28.67,-0.268563566,0.726444066,-0.493896176,0.388300498,-1.195057034,-0.250164733,-0.33856191,0.638465232,UGC
159,244,a197,19.33,Male,16,164,27,13,74,17,58,25,22,53,49,62.67,40,17.67,-2.550900679,-1.822962398,-1.723711029,-2.596199089,-0.525057034,-1.618991794,-2.050921955,-0.977207295,EPC
160,245,a197,24.03,Male,43,218,45,19,108,31,76,44,31,95,55,114.67,83.18,31.67,0.853221355,-0.728217989,1.190810228,1.518279674,4.174942966,0.829223024,1.011718576,0.68905665,UGC
161,247,a197,18.11,Female,44,209,43,21,110,31,75,40,26,84,54,138.67,82.33,40.99,1.127384283,-0.210920598,0.391475369,0.388300498,-1.745057034,0.312945434,0.365871381,0.075355064,EAC
162,248,a197,23.55,Male,37,195,36,15,87,23,60,35,28,77,53,118.67,64,18.33,-1.197954153,-1.528632788,-0.550705229,-0.818789783,3.694942966,-0.595046268,-0.769997975,-0.223743515,NSC
163,249,a197,19.52,Female,38,206,38,22,103,18,55,38,29,86,50,98.67,37.33,18.67,-2.178050269,0.07936044,0.161110048,-0.121346107,-0.335057034,-0.190844392,-0.26435401,0.069498285,EAC
164,250,a197,18.95,Female,40,214,47,21,122,31,75,42,31,95,55,148.57,80,36.3,1.251108015,-0.210920598,0.814466416,0.934593585,-0.905057034,0.600247972,0.725277913,0.334345613,NSC
165,252,a197,24.22,Male,39,200,36,23,101,19,65,35,24,64,50,112,40,28.33,-1.625179417,0.391601268,-0.251504124,-0.818789783,4.364942966,-0.191155093,-0.264742687,-0.62763469,UPC
166,253,a197,23.15,Female,52,219,47,25,125,30,75,44,30,91,55,113.33,74.67,32,0.399225951,1.084522427,1.290507542,1.518279674,3.294942966,1.056459272,1.295984049,0.461820402,NSC
167,254,a197,24.48,Male,36,190,33,16,85,25,58,34,24,74,51,84,41.33,21.67,-2.017686484,-1.35607372,-0.81353662,-1.033794334,4.624942966,-0.811480956,-1.040751032,-0.222313378,EPC
168,255,a197,24.75,Female,48,215,40,24,109,24,74,39,29,86,54,125.33,62.67,33.07,-0.308999457,0.726444066,0.905268994,0.128943857,4.894942966,0.726724993,0.883496729,-0.597781137,UPC
169,256,a197,21.3,Male,NA,222,43,24,114,30,75,41,28,88,55,128,74.67,27,0.630752002,0.726444066,1.603751013,0.656819093,1.444942966,1.172965368,1.441729549,-0.516146275,UPC
170,258,a197,22.31,Male,48,218,44,21,109,31,74,42,30,93,53,130.67,80,23.67,0.857094564,-0.210920598,1.190810228,0.934593585,2.454942966,0.8566643,1.046046758,0.077929285,EAC
171,260,a197,22.83,Male,NA,203,39,18,96,24,61,37,27,91,48,110.67,45.33,20.33,-1.55357971,-0.956566383,-0.052901166,-0.362666052,2.974942966,-0.289716369,-0.388039775,-0.072949684,EAC
172,261,a197,24.88,Female,24,206,35,20,94,29,69,35,28,79,55,109.33,53.33,28.67,-0.644390268,-0.479893109,0.161110048,-0.818789783,5.024942966,0.079294429,0.073581246,-0.898084212,UPC
173,262,a197,18.26,Male,52,205,39,20,102,26,65,37,28,84,55,125.33,53.33,25.33,-0.91446231,-0.479893109,0.088003439,-0.362666052,-1.595057034,-0.174528027,-0.243942744,-0.188138026,NSC
174,263,a197,16.51,Male,31,178,31,18,89,30,63,38,23,62,55,108,45.33,16.33,-0.940037036,-0.956566383,-1.317132734,-0.121346107,-3.345057034,-1.116048331,-1.421755338,0.994702224,EPC
175,264,a197,16.51,Male,32,169,34,21,98,24,62,35,24,68,55,101.33,56,18.67,-1.486076946,-0.210920598,-1.597430673,-0.818789783,-3.345057034,-1.250276709,-1.58967086,0.431486926,EPC
176,265,a197,18.85,Male,40,201,43,25,120,30,73,29,23,86,55,120,88.5,30,0.606372449,1.084522427,-0.186958519,-1.982409255,-1.005057034,0.103240035,0.103536454,-2.08564929,UPC
177,266,a197,24.96,Male,29,164,30,21,90,28,62,36,25,67,50,89.33,50.67,19,-1.423926871,-0.210920598,-1.723711029,-0.595114078,5.104942966,-1.093424045,-1.393453061,0.498309968,EPC
178,267,a197,17.41,Male,40,206,42,22,110,24,65,35,30,79,53,126.67,58.67,25.33,-0.932985661,0.07936044,0.161110048,-0.818789783,-2.445057034,-0.078384165,-0.123669766,-0.740405618,UPC
179,268,a197,20.26,Female,46,214,48,24,125,32,76,41,29,89,56,168.65,96.67,37.22,2.255097019,0.726444066,0.814466416,0.656819093,0.404942966,0.90117674,1.101730435,-0.244357647,NSC
180,271,a197,24.56,Male,41,221,42,24,112,29,75,43,29,93,55,124,77.33,35.49,0.474518642,0.726444066,1.496934111,1.221716636,4.704942966,1.175027107,1.444308719,0.046689529,EAC
181,273,a197,23.02,Female,49,214,46,23,117,29,75,44,31,94,55,134.67,81.82,36.98,0.738074699,0.391601268,0.814466416,1.518279674,3.164942966,0.72237609,0.878056388,0.795903584,UGC
182,274,a197,21.66,Female,34,206,40,21,102,30,68,36,28,70,54,126.67,69.33,31,-0.007002554,-0.210920598,0.161110048,-0.595114078,1.804942966,0.118046148,0.122058441,-0.713160226,UPC
183,276,a197,20.78,Male,57,220,47,26,129,31,75,42,30,92,52,160,100.54,25.33,1.887459253,1.466461809,1.392534331,0.934593585,0.924942966,1.308158427,1.610851856,-0.373564842,NSC
184,277,a197,18.94,Male,44,207,44,17,104,31,69,35,25,91,53,145.71,105.88,38.8,1.296916443,-1.165620368,0.236033425,-0.818789783,-0.915057034,0.133070862,0.14085389,-0.951860645,UPC
185,278,a197,22.11,Male,54,217,47,27,134,31,75,37,29,96,56,138.67,83.18,39.2,1.144582506,1.87287995,1.093399475,-0.362666052,2.254942966,1.123968647,1.380436175,-1.486634699,UPC
186,280,a197,22.8,Female,48,215,42,26,120,31,74,41,28,83,56,134.67,98.92,34.59,1.319958092,1.466461809,0.905268994,0.656819093,2.944942966,0.998556585,1.22354959,-0.341737492,NSC
187,281,a197,20.97,Female,42,219,48,23,123,31,72,45,29,95,55,109.33,70.67,39.73,0.178084967,0.391601268,1.290507542,1.824372936,1.114942966,0.872409004,1.065742893,0.951963932,UGC
188,284,a197,23.42,Male,49,212,45,25,121,31,74,41,26,87,53,133.33,81.33,30,0.927598751,1.084522427,0.639183836,0.656819093,3.564942966,0.752295805,0.91548502,-0.095476712,EAC
189,288,a197,20.02,Female,40,203,43,23,111,32,74,40,26,82,56,134.67,76,26,1.041183489,0.391601268,-0.052901166,0.388300498,0.164942966,0.174741644,0.192982741,0.213558855,NSC
190,294,a197,23.06,Female,46,221,50,27,144,30,76,44,30,NA,NA,118.67,70.67,32.67,0.502270719,1.87287995,1.496934111,1.518279674,3.204942966,1.299343442,1.599824585,0.218936232,NSC
191,295,a197,17.94,Female,22,177,33,16,86,21,62,33,22,61,47,112,50.67,25,-1.535175621,-1.35607372,-1.351999042,-1.240230528,-1.915057034,-1.234970006,-1.570522652,-0.005260522,EPC
192,1003,a182,20.17,Male,34,210,38,21,104,30,68,40,31,84,54,168.65,81.82,34.39,0.967539703,-0.210920598,0.472067731,0.388300498,0.314942966,0.392988397,0.466002637,-0.004687899,EAC
193,1005,a182,17.83,Male,33,202,41,25,108,28,60,35,27,79,49,132,78.67,30.33,-0.339500701,1.084522427,-0.120768691,-0.818789783,-2.025057034,-0.012425466,-0.041157487,-0.806364317,UPC
194,1034,a182,18.25,Male,34,198,37,20,95,28,65,39,22,84,50,133.33,68,27.67,-0.338404938,-0.479893109,-0.375794034,0.128943857,-1.605057034,-0.369477446,-0.4878184,0.498421303,UGC
195,1154,a182,20.67,Male,31,197,33,18,81,18,55,33,27,69,56,86.66666667,18.66666667,?,-2.573120925,-0.956566383,-0.435602776,-1.240230528,0.814942966,-0.709046725,-0.912608997,-0.531183804,UPC
196,1168,a182,20.25,Female,23,180,35,20,90,26,62,32,20,63,46,112,49.33333333,?,-1.306857249,-0.479893109,-1.244365245,-1.438202875,0.394942966,-0.957709197,-1.22367801,-0.480493679,EPC
197,1184,a182,23.08,Male,37,188,39,22,98,29,67,37,29,77,55,106.67,40,23,-1.003827805,0.07936044,-0.909310483,-0.362666052,3.224942966,-0.567330079,-0.735325886,0.204664027,NSC
198,4001,a40-4,14.33,Female,49,212,42,24,122,29,73,39,31,88,54,100,73.33333333,32,-0.142046785,0.726444066,0.639183836,0.128943857,-5.525057034,0.318409546,0.372706815,-0.189465689,NSC
199,4002,a40-4,18.67,Female,54,222,51,25,140,32,76,43,32,70,55,165.7370518,104.8252912,74.21052632,2.381699765,1.084522427,1.603751013,1.221716636,-1.185057034,1.390010526,1.713246285,-0.16829389,NSC
200,4003,a40-4,18.67,Female,38,210,40,21,94,30,71,36,29,80,51,130.6666667,73.33333333,21.66666667,0.323054313,-0.210920598,0.472067731,-0.595114078,-1.185057034,0.266475414,0.307738833,-0.861589492,UPC
201,4004,a40-4,14.17,Male,32,212,34,18,98,26,66,40,27,78,51,110.6666667,70.66666667,20.66666667,-0.790107249,-0.956566383,0.639183836,0.388300498,-5.685057034,-0.008301517,-0.035998555,0.396602015,NSC
202,4007,a40-4,16.67,Male,43,209,40,21,102,28,71,41,31,92,54,104,69.33333333,25.33333333,-0.432429298,-0.210920598,0.391475369,0.656819093,-3.185057034,0.06446517,0.055030305,0.592353923,UGC
203,4011,a40-4,18,Male,32,201,27,18,91,28,68,39,28,87,49,121.3333333,72,22,-0.307212757,-0.956566383,-0.186958519,0.128943857,-1.855057034,-0.327494472,-0.435299006,0.456438328,NSC
204,4012,a40-4,14.08,Male,30,177,37,18,103,18,49,35,28,80,50,109.3333333,46.66666667,19.33333333,-1.96938109,-0.956566383,-1.351999042,-0.818789783,-5.775057034,-1.339493098,-1.701277786,0.520703315,EPC
205,4013,a40-4,14.92,Female,39,217,39,24,114,30,71,41,28,91,56,129.3333333,80.27681661,41.88679245,0.436931338,0.726444066,1.093399475,0.656819093,-4.935057034,0.678915573,0.823688633,-0.02209648,EAC
206,4021,a40-4,18.17,Female,44,208,46,14,108,30,75,42,31,NA,NA,134.6666667,118.0645161,39.75460123,1.680619726,-1.684017479,0.312809657,0.934593585,-1.685057034,0.13728213,0.146122055,0.797311455,UGC
207,4022,a40-4,15.33,Female,36,184,35,15,91,30,68,37,24,82,49,108,82.32789212,31.90751445,-0.045031116,-1.528632788,-1.086030285,-0.362666052,-4.525057034,-0.97046724,-1.239637925,0.607801188,EPC
208,4023,a40-4,13.92,Female,30,183,35,13,88,24,64,35,21,64,51,109.3333333,52,23,-1.358516768,-1.822962398,-1.127274515,-0.818789783,-5.935057034,-1.250237181,-1.589621412,0.431447398,EPC
209,4036,a40-4,17.33,Male,27,178,33,18,93,27,61,31,22,77,50,112,77.33333333,19.33333333,-0.754790319,-0.956566383,-1.317132734,-1.62781767,-2.525057034,-1.069438758,-1.363448213,-0.558378912,EPC
210,4037,a40-4,13.25,Male,37,193,40,20,112,29,66,33,24,NA,NA,90.66666667,76,26.66666667,-0.666541489,-0.479893109,-0.659991859,-1.240230528,-6.605057034,-0.712450744,-0.91686732,-0.527779784,UPC
211,4038,a40-4,18.75,Male,53,219,46,25,126,32,75,44,31,96,56,190.4180653,115.4204158,64.6875,3.002786058,1.084522427,1.290507542,1.518279674,-1.105057034,1.291947598,1.590572615,0.226332076,NSC
212,4039,a40-4,18.67,Female,56,215,52,25,138,30,75,41,33,95,56,132,93.84615385,39.75460123,1.087310457,1.084522427,0.905268994,0.656819093,-1.185057034,0.805000859,0.981417401,-0.148181766,EAC
213,4044,a40-4,17.42,Male,42,199,40,23,116,26,69,41,28,80,56,122.6666667,70.66666667,28.33333333,-0.44103802,0.391601268,-0.314438474,0.656819093,-2.435057034,-0.247459676,-0.335177967,0.904278769,UGC
214,4047,a40-4,16.83,Male,NA,201,41,21,105,27,61,37,27,79,53,122.6666667,68,27.66666667,-0.766584016,-0.210920598,-0.186958519,-0.362666052,-3.025057034,-0.31620152,-0.421171875,-0.046464532,EAC
215,4050,a40-4,17.58,Female,41,193,41,20,102,31,68,37,27,91,55,124,69.33333333,32.66666667,0.118490227,-0.479893109,-0.659991859,-0.362666052,-2.275057034,-0.49240178,-0.641592916,0.129735728,EAC
216,4052,a40-4,19.67,Female,38,188,37,22,94,29,66,37,26,76,52,113.3333333,72,24,-0.414518158,0.07936044,-0.909310483,-0.362666052,-0.185057034,-0.577634323,-0.748216173,0.21496827,NSC
217,4055,a40-4,17.5,Female,35,179,30,18,84,26,63,33,26,64,49,134.6666667,86.60785886,25.66666667,-0.222227038,-0.956566383,-1.281262497,-1.240230528,-2.355057034,-0.972005191,-1.241561853,-0.268225338,EPC
218,4056,a40-4,18.67,Male,34,179,36,23,97,30,70,36,26,86,51,105.3333333,49.33333333,24,-0.562334411,0.391601268,-1.281262497,-0.595114078,-1.185057034,-0.798821022,-1.024913849,0.203706944,EPC
219,4057,a40-4,18.17,Female,42,206,39,20,95,30,68,36,24,79,52,114.6666667,60,30,-0.364895994,-0.479893109,0.161110048,-0.595114078,-1.685057034,-0.059776873,-0.100392624,-0.535337204,UPC
220,4059,a40-4,18.75,Female,49,209,39,25,105,29,69,37,29,95,56,94.66666667,76,29.66666667,-0.448354041,1.084522427,0.391475369,-0.362666052,-1.105057034,0.29802072,0.347201028,-0.660686772,UPC
221,4060,a40-4,18.67,Female,48,210,38,26,120,32,71,41,31,90,55,116,78.66666667,44.12903226,0.557808361,1.466461809,0.472067731,0.656819093,-1.185057034,0.532398015,0.640399729,0.124421078,EAC
222,4062,a40-4,15.08,Female,52,213,43,23,126,31,75,42,31,96,55,147.3885047,106.2394604,29,1.790678769,0.391601268,0.725784687,0.934593585,-4.775057034,0.603155702,0.728915392,0.331437883,NSC
223,4064,a40-4,15.42,Female,48,208,39,24,124,27,68,38,29,NA,NA,113.3333333,69.33333333,28.33333333,-0.584348659,0.726444066,0.312809657,-0.121346107,-4.435057034,0.09571233,0.09411953,-0.217058438,NSC
224,4065,a40-4,15.25,Male,54,213,35,23,112,32,73,40,30,91,56,117.3333333,90.73170732,25.33333333,0.976498991,0.391601268,0.725784687,0.388300498,-4.605057034,0.497739426,0.597042913,-0.109438928,EAC
225,4068,a40-4,15.17,Female,53,210,41,25,118,28,72,39,28,93,56,112,78.66666667,28,-0.06069613,1.084522427,0.472067731,0.128943857,-4.685057034,0.303359902,0.353880179,-0.174416046,NSC
226,4070,a40-4,17.25,Male,36,175,27,21,92,24,66,32,23,73,47,120,65.33333333,20,-0.875014275,-0.210920598,-1.418810259,-1.438202875,-2.605057034,-1.043375826,-1.330844297,-0.394827049,EPC
227,4071,a40-4,16.83,Male,NA,198,41,24,115,30,71,38,28,81,56,124,73.33333333,23,0.214965005,0.726444066,-0.375794034,-0.121346107,-3.025057034,-0.163742126,-0.230449918,0.042396018,EAC
228,4078,a40-4,13.75,Female,35,181,36,14,96,28,66,32,26,81,49,94.66666667,50.66666667,20.33333333,-1.185126991,-1.684017479,-1.206417492,-1.438202875,-6.105057034,-1.258399517,-1.59983224,-0.179803358,EPC
229,4083,a40-4,15.33,Female,NA,202,43,25,125,27,68,45,31,NA,NA,110.6666667,69.33333333,30.33333333,-0.624906043,1.084522427,-0.120768691,1.824372936,-4.525057034,-0.116819156,-0.171750743,1.941192092,UGC
230,4084,a40-4,18.33,Female,39,208,36,25,111,32,71,40,28,78,53,125.3333333,77.86976952,27.33333333,0.689409922,1.084522427,0.312809657,0.388300498,-1.525057034,0.39431712,0.467664828,-0.006016622,EAC
231,4090,a40-4,18.67,Male,NA,194,36,21,102,32,68,35,24,NA,NA,114.6666667,57.33333333,4.666666667,-0.04591711,-0.210920598,-0.606060444,-0.818789783,-1.185057034,-0.41663306,-0.546808605,-0.402156723,NSC
232,4092,a40-4,17.67,Male,51,206,39,10,90,31,71,38,27,91,55,125.3333333,76,20.66666667,0.456190212,-2.148754202,0.161110048,-0.121346107,-2.185057034,-0.195169578,-0.269764682,0.07382347,EAC
233,4104,a40-4,14.42,Male,50,199,43,25,126,30,72,38,30,88,56,134.6666667,90.46009878,32,0.806900057,1.084522427,-0.314438474,-0.121346107,-5.435057034,-0.061299301,-0.102297133,-0.060046807,EAC
234,4107,a40-4,15.33,Male,34,206,40,21,108,29,70,29,26,68,52,109.3333333,77.33333333,16,-0.146440923,-0.210920598,0.161110048,-1.982409255,-4.525057034,-0.067559065,-0.110127903,-1.914850191,UPC
235,4108,a40-4,15,Female,43,205,43,23,112,32,72,38,27,79,53,117.3333333,78.66666667,21.66666667,0.651441667,0.391601268,0.088003439,-0.121346107,-4.855057034,0.072636527,0.065252419,-0.193982635,NSC
236,4109,a40-4,16.58,Female,44,213,45,24,112,26,69,40,28,82,54,134.6666667,68.18181818,36.62337662,-0.291837323,0.726444066,0.725784687,0.388300498,-3.275057034,0.408345197,0.485213514,-0.020044698,EAC
237,4110,a40-4,16.67,Female,59,215,43,23,112,31,74,40,30,77,56,110.6666667,73.33333333,29,0.4112314,0.391601268,0.905268994,0.388300498,-3.185057034,0.564287134,0.680292024,-0.175986636,NSC
238,4114,a40-4,17.67,Female,41,195,32,18,93,27,65,38,22,92,52,117.3333333,54.66666667,18.66666667,-0.933004892,-0.956566383,-0.550705229,-0.121346107,-2.185057034,-0.634326201,-0.819135948,0.512980094,UGC
239,4119,a40-4,17.83,Male,48,200,40,26,115,30,69,40,31,96,55,122.6666667,72,28.33333333,0.037456809,1.466461809,-0.251504124,0.388300498,-2.025057034,0.014994988,-0.006855353,0.373305511,NSC
240,4122,a40-4,15.33,Male,32,220,38,23,116,28,73,42,32,93,56,124,64,28.66666667,-0.072013109,0.391601268,1.392534331,0.934593585,-4.525057034,0.74997936,0.912587219,0.184614225,NSC
241,4123,a40-4,16.25,Male,36,196,37,24,106,26,66,32,25,67,50,108,65.33333333,22.33333333,-0.928737906,0.726444066,-0.493896176,-1.438202875,-3.605057034,-0.402772246,-0.529469158,-1.03543063,UPC
242,4124,a40-4,14.08,Female,34,206,38,23,112,28,65,35,30,77,53,110.6666667,77.33333333,27.33333333,-0.520160985,0.391601268,0.161110048,-0.818789783,-5.775057034,-0.066799419,-0.10917761,-0.751990364,UPC
243,4125,a40-4,18.33,Male,21,175,33,19,89,29,66,30,24,79,54,117.3333333,62.66666667,19.66666667,-0.524458371,-0.728217989,-1.418810259,-1.809183084,-1.525057034,-1.039840217,-1.32642136,-0.769342866,EPC
244,4128,a40-4,17.33,Female,40,205,39,19,95,29,72,39,26,88,56,146.513266,63.87410322,26.33333333,0.34502839,-0.728217989,0.088003439,0.128943857,-2.525057034,-0.063706762,-0.105308792,0.192650619,NSC
245,4132,a40-4,15.83,Male,37,167,31,25,94,29,68,35,25,73,56,116,58.66666667,20.66666667,-0.510923747,1.084522427,-1.650249443,-0.818789783,-4.025057034,-0.986696013,-1.259939615,0.16790623,EPC
246,4134,a40-4,16.08,Male,36,204,34,24,104,30,68,35,27,82,56,98.66666667,68,21,-0.458591634,0.726444066,0.016678043,-0.818789783,-3.775057034,-0.043874927,-0.080499784,-0.774914856,UPC
247,4142,a40-4,16.33,Male,39,216,37,19,97,30,73,34,28,83,53,112,77.33333333,19.33333333,0.256459109,-0.728217989,0.99823297,-1.033794334,-3.525057034,0.432670313,0.515643478,-1.466464647,UPC
248,4143,a40-4,16.42,Female,43,209,42,23,116,31,72,37,31,96,54,113.3333333,76,21.33333333,0.340776554,0.391601268,0.391475369,-0.362666052,-3.435057034,0.246381558,0.282602044,-0.609047611,UPC
249,4144,a40-4,13.75,Female,51,207,NA,25,NA,30,72,41,30,94,54,100,62.66666667,23.66666667,-0.274021926,1.084522427,0.236033425,0.656819093,-6.105057034,0.098501892,0.097609185,0.558317201,UGC
250,4148,a40-4,17.42,Male,43,207,37,24,107,30,74,37,30,80,55,108,74.66666667,26.33333333,0.228397211,0.726444066,0.236033425,-0.362666052,-2.435057034,0.213011395,0.240857009,-0.575677448,UPC
251,4151,a40-4,15.25,Female,28,172,33,13,92,28,63,32,23,72,47,105.3333333,64,24.33333333,-0.932958688,-1.822962398,-1.5120524,-1.438202875,-4.605057034,-1.383776826,-1.756675352,-0.054426049,EPC
252,4156,a40-4,17.42,Male,40,203,33,23,103,29,70,39,29,83,52,105.3333333,74.66666667,22,-0.257874687,0.391601268,-0.052901166,0.128943857,-2.435057034,-0.069106599,-0.11206382,0.198050455,NSC
253,4158,a40-4,15.67,Female,46,201,38,19,109,32,70,37,28,87,52,128,85.54572271,32.69662921,0.819095323,-0.728217989,-0.186958519,-0.362666052,-4.185057034,-0.204972782,-0.282028186,-0.15769327,NSC
254,4159,a40-4,17.17,Female,29,172,32,18,87,30,65,33,23,78,49,122.6666667,84,26.33333333,0.064420554,-0.956566383,-1.5120524,-1.240230528,-2.685057034,-1.077578146,-1.373630334,-0.162652382,EPC
255,4162,a40-4,18.83,Female,46,213,40,24,112,29,71,38,28,84,52,122.6666667,76,31.66666667,0.101677474,0.726444066,0.725784687,-0.121346107,-1.025057034,0.520744111,0.625821058,-0.642090219,UPC
256,4163,a40-4,16.75,Male,41,205,40,25,116,27,72,37,28,88,55,126.6666667,84.6031385,22.66666667,0.186400716,1.084522427,0.088003439,-0.362666052,-3.105057034,0.15273834,0.165457293,-0.515404392,UPC
257,4165,a40-4,16.25,Female,32,177,32,20,90,30,67,34,25,74,51,118.6666667,90.66922523,29,0.236194789,-0.479893109,-1.351999042,-1.033794334,-3.605057034,-0.918051113,-1.174066982,-0.11574322,EPC
258,4173,a40-4,15,Female,50,208,39,23,125,31,69,38,29,82,54,136,81.33333333,30.66666667,0.605955312,0.391601268,0.312809657,-0.121346107,-4.855057034,0.198550878,0.222767352,-0.319896985,NSC
259,4174,a40-4,15.25,Female,46,211,39,22,109,30,72,39,28,77,53,105.3333333,66.66666667,24.66666667,-0.124121156,0.07936044,0.554624462,0.128943857,-4.605057034,0.205036951,0.230881227,-0.076093094,EAC
260,4179,a40-4,16.33,Female,48,207,39,21,105,29,69,43,30,88,56,121.3333333,77.33333333,32.54237288,-0.024267078,-0.210920598,0.236033425,1.221716636,-3.525057034,0.019290727,-0.001481517,1.202425909,UGC
261,4181,a40-4,15.33,Female,43,213,41,24,120,30,71,42,31,90,56,137.3333333,80,34.13793103,0.564133096,0.726444066,0.725784687,0.934593585,-4.525057034,0.490946163,0.588544752,0.443647422,NSC
262,4182,a40-4,15.33,Female,38,203,37,24,116,31,67,36,27,84,56,128,78.66666667,25,0.308128419,0.726444066,-0.052901166,-0.595114078,-4.525057034,-0.001018278,-0.02688745,-0.5940958,UPC
263,4183,a40-4,17.25,Male,43,197,36,24,103,29,67,37,29,75,53,104,66.66666667,26.33333333,-0.603606181,0.726444066,-0.435602776,-0.362666052,-2.605057034,-0.29829648,-0.398773227,-0.064369572,EAC