"","SubjectID","age","gender","sspan.raw","ppvt.raw","wasi.vocab.raw","wasi.matr.raw","wasi.iq","wj3.watt.raw","wj3.wid.raw","wj3.rcomp.raw","wj3.oralcomp.raw","celf.rs.raw","celf.fs.raw","towre.w.ipm","towre.nw.ipm","wj3.rf.ipm","decoding.comp","handedness","vocab.comp"
"1",1,21.28,"Female",48,216,47,25,125,29,74,42,31,90,56,148.57,77.73,"36.52",0.889828886761122,"right",1.25541548783126
"2",3,24.38,"Male",38,220,43,24,112,32,75,39,31,86,56,112,81.33,"29.33",0.92548867996899,"right",1.11468548828889
"3",11,19.05,"Female",57,214,45,26,129,31,74,41,29,93,56,148.57,81.33,"27.67",1.26734673038739,"right",0.989112504504882
"4",12,20.01,"Female",47,200,41,20,97,28,69,43,29,94,52,147.14,80,"21",0.448311358963612,"right",0.0890407218311193
"5",14,22.79,"Male",40,214,50,22,128,31,75,43,31,93,55,141.82,77.33,"31.67",1.14249936648463,"left",1.41793609450009
"6",15,19.57,"Male",19,180,28,17,81,31,68,33,NA,65,46,106.67,74.67,"14",0.034606877764969,"right",-1.56058243377503
"7",17,19.71,"Male",10,198,33,25,105,27,60,38,22,70,48,117.33,64,"17.67",-0.87900140143266,"right",-0.662994567844971
"8",18,22.19,"Male",39,186,34,27,97,30,67,36,24,81,53,122.67,65.33,"19.33",-0.120326452534933,"left",-0.912463224871289
"9",19,25.36,"Male",39,207,41,21,103,29,73,40,30,NA,NA,113.33,77.33,"22.67",0.2110940102158,"right",0.345489048314839
"10",21,20.3,"Male",34,201,34,21,95,28,70,34,27,88,54,105.33,77.33,"21",-0.23163247651523,"right",-0.477172814676645
"11",22,18.16,"Male",21,177,30,9,72,21,61,29,25,80,48,101.33,44,"14.33",-1.74977900022723,"right",-1.44842333080054
"12",23,16.85,"Female",38,187,35,20,91,22,67,35,28,86,52,126.67,72,"28.33",-0.5818569709747,"right",-0.802392645319845
"13",24,24.85,"Male",44,195,39,20,100,32,75,36,23,87,54,141.82,96.32,"22.67",1.75269467658634,"right",-0.241594319665762
"14",25,17.75,"Male",22,196,27,13,69,28,62,34,23,68,55,121.33,70.67,"29",-0.518313252210534,"right",-1.24044786811545
"15",27,23.71,"Male",53,222,52,25,128,32,76,45,34,95,53,148.57,96.92,"39.73",1.97609358233346,"right",1.99441922437281
"16",28,22.23,"Female",45,218,52,22,128,31,76,42,31,92,55,150,81.33,"33.03",1.46247264494495,NA,1.7832245050275
"17",30,18.44,"Female",43,198,41,23,110,29,69,34,27,89,50,122.67,77.33,"22.33",0.0895167449108901,"right",0.0231231761473621
"18",31,22.55,"Male",49,220,51,28,148,32,74,44,31,93,56,164.21,99.47,"44.55",2.16783299421302,"right",1.80080323228123
"19",32,20.23,"Male",32,165,33,15,84,27,62,33,20,74,52,122.67,60,"22.67",-0.797829917406833,"right",-1.38594853598843
"20",33,19.13,"Female",26,162,35,20,96,24,64,29,NA,85,49,116,57.33,"13",-1.08194637074404,"right",-1.25375454096559
"21",34,19.33,"Male",18,179,38,20,100,30,65,30,21,64,51,113.33,68,"21.67",-0.313034721904055,NA,-0.723247244890545
"22",35,21.55,"Female",17,180,32,9,74,11,53,35,23,79,48,98.67,16,"16.67",-2.43855317121913,"right",-1.21752356177886
"23",36,17.19,"Female",34,193,39,17,90,30,71,34,26,84,51,126.67,85.12,"33.49",0.585394085692438,"right",-0.300090475093413
"24",37,22.3,"Female",33,209,38,21,100,31,75,37,24,73,52,118.67,77.33,"32",0.754285879035616,"right",0.169326019839741
"25",39,18.18,"Female",30,168,29,17,83,10,45,32,23,71,52,84,8,"19",-2.80048949633813,"right",-1.68617122069371
"26",40,16.63,"Female",24,178,28,15,75,24,63,32,20,63,55,122.67,60,"18.67",-0.971112764830277,"right",-1.60068094528004
"27",41,23.17,"Male",34,205,30,21,85,30,70,42,24,76,55,106.67,77.33,"25.33",0.0448311058063786,"right",-0.675455799498028
"28",42,21.09,"Female",27,183,29,23,92,29,65,32,23,89,52,78.67,70.67,"23.67",-0.865177634465337,"right",-1.41061873231029
"29",43,18.94,"Female",25,193,33,17,88,27,65,33,24,73,48,114.67,70.67,"24",-0.597552093127322,"right",-0.814678783087663
"30",45,21.73,"Female",18,180,28,24,83,28,64,37,26,71,51,117.33,41.33,"21.33",-1.00628654041422,"right",-1.56058243377503
"31",47,19.58,"Female",26,178,26,18,81,28,65,35,21,64,46,117.33,58.67,"19.67",-0.681492256327049,"right",-1.77221038127812
"32",50,18.92,"Female",42,213,43,22,112,32,74,37,28,89,53,168.65,105.45,"33.26",2.40261534068528,"right",0.77173107170246
"33",51,23.03,"Male",13,202,40,17,95,29,68,38,27,74,50,128,61.33,"24",-0.192638549452478,"right",0.0723617262451214
"34",52,18.32,"Male",42,216,47,25,131,29,74,43,32,94,55,106.67,84.55,"31",0.343403737840606,"right",1.25541548783126
"35",54,23.66,"Male",36,209,37,21,94,32,73,40,27,83,55,143.72,83.72,"22",1.34239859096978,"right",0.0835613018406998
"36",55,18.08,"Female",53,222,44,26,124,32,75,45,31,81,56,146.9272428,80.45454545,"46.49006623",1.48980681798143,"right",1.30830148038047
"37",56,18.67,"Male",51,220,49,24,133,29,76,45,32,94,55,173.33,88.5,"38.43",1.77579543065501,"right",1.62927379628314
"38",61,22.6,"Female",30,213,43,24,114,31,74,41,25,85,53,137.33,81.33,"28",1.06559595862935,"right",0.77173107170246
"39",62,18.49,"Male",37,209,35,18,87,28,63,36,30,81,55,116,52,"18.33",-0.902286583947408,"right",-0.0879681341573834
"40",65,22.06,"Female",45,204,40,12,87,32,74,40,27,92,55,126.67,76,"35.42",0.962746689416106,"right",0.144734418180887
"41",66,24.91,"Male",27,200,32,18,88,28,67,35,24,79,52,122.67,62.67,"19.33",-0.42699693989219,"left",-0.682841740160255
"42",68,22.82,"Female",38,208,36,23,95,31,72,38,27,79,53,141.82,90,"33.41",1.18524496189767,"right",-0.0432268162365286
"43",69,20.32,"Female",23,204,35,19,93,28,68,36,27,80,55,114.67,54.67,"23",-0.640419048346251,NA,-0.284089171814321
"44",70,24.9,"Male",32,193,36,19,89,30,70,33,28,91,55,125.33,81.33,"26.33",0.41668974305181,"right",-0.557384629090538
"45",71,23.43,"Female",45,210,39,18,91,28,67,41,30,82,54,162.2,76,"32",0.540106855619179,"right",0.297046207608961
"46",72,21.34,"Male",32,197,31,20,84,26,64,36,22,81,53,96,70.67,"25.33",-0.994090663109567,"right",-0.866330965028236
"47",73,22,"Female",46,207,37,18,89,31,72,38,26,85,53,116,77.33,"26.67",0.480576389112402,"right",0.00243017631867247
"48",75,18.29,"Female",21,195,30,21,86,30,66,35,25,78,51,109.33,56,"20.33",-0.545036536921742,"left",-1.01347678165714
"49",76,18.16,"Male",16,154,25,16,72,32,63,32,22,74,49,116,79.43,"18.33",0.224730703593046,"right",-2.20089124351217
"50",77,24.07,"Female",21,196,38,20,93,24,73,36,27,73,54,118.67,68,"26",-0.323467459404282,"right",-0.297035970125996
"51",78,19.8,"Female",13,151,24,16,75,28,61,30,21,49,44,88,48,"16.33",-1.43496107512588,"right",-2.31503454264978
"52",79,20.64,"Female",37,195,41,21,104,30,72,39,28,80,54,109.33,73.33,"22",0.135496402064208,"right",-0.070064883667679
"53",80,20.66,"Male",49,166,30,16,82,16,55,29,24,56,51,106.67,53.33,"19.67",-1.77788995707417,"right",-1.62936459382017
"54",81,19.36,"Male",23,171,34,16,88,26,60,36,25,64,52,90.67,46.67,"19.33",-1.63933637211501,"right",-1.2107696765858
"55",82,19.28,"Female",39,191,38,20,100,30,67,37,26,74,51,108,70.67,"22",-0.242558868661272,"right",-0.441574340287485
"56",83,23.83,"Female",43,218,44,25,119,30,75,43,30,95,55,138.67,89.6,"40.55",1.19000977956848,"right",1.09710676103517
"57",84,21.01,"Female",24,180,27,13,74,19,59,36,22,80,53,96,36,"18.33",-2.04756305465566,"right",-1.64634715177407
"58",85,21.73,"Female",36,209,45,21,111,30,74,38,26,88,55,126.67,73.33,"34.13",0.556419631068727,"right",0.769679045833033
"59",86,21.64,"Female",36,169,25,22,86,28,65,33,25,89,49,118.67,56,"19.67",-0.707300845442805,"right",-2.01413210176425
"60",87,22.56,"Male",49,213,39,27,120,25,69,43,31,86,54,124,53.33,"28.33",-0.712807929881402,"right",0.428672199706293
"61",88,22.61,"Male",NA,218,41,22,101,32,74,39,31,93,53,133.33,74.67,"31.67",1.04711361635834,"right",0.839812607038043
"62",89,17.37,"Female",46,180,31,14,75,27,60,36,22,79,54,110.67,61.33,"19.33",-1.02953970807275,"right",-1.30328827977791
"63",90,20.57,"Female",33,192,33,22,95,22,67,36,NA,84,50,105.33,56,"24.67",-1.20868586419635,NA,-0.842878853890607
"64",91,21.92,"Female",35,188,34,21,95,27,69,35,26,72,54,117.33,61.33,"26",-0.524687502326545,"right",-0.863233824259265
"65",92,24.88,"Female",51,220,49,23,127,31,76,44,32,88,51,152.2,89.27,"38.68",1.6778336386708,"left",1.62927379628314
"66",94,22.08,"Female",42,219,47,23,119,30,74,39,32,91,54,154.5,76.36,"36.3",1.11149989000077,"right",1.40551860898031
"67",95,23.31,"Male",35,206,35,23,100,30,72,36,25,82,56,155.77,90,"38.4",1.28041932917695,"right",-0.208307493720558
"68",97,20.24,"Female",37,210,42,25,116,29,73,37,27,82,54,125.33,74.67,"32",0.345286889196289,"left",0.554340361606085
"69",98,22.16,"Male",27,190,35,17,89,28,63,35,22,55,52,106.67,66.67,"25.67",-0.780261477114471,"right",-0.725719602577586
"70",99,23.9,"Male",17,158,31,14,79,30,64,30,21,79,50,117.33,69.33,"28",-0.270166749079121,"right",-1.64421005628918
"71",100,18.07,"Female",45,193,41,26,122,29,66,38,25,95,55,133.33,83.59,"29.33",0.237370517184715,"right",-0.12856103909533
"72",102,19.4,"Male",45,215,39,25,113,30,75,40,30,93,55,113.33,72,"37.45",0.4009144124967,"right",0.521393476938481
"73",103,20.91,"Male",53,212,43,25,117,29,73,42,31,90,55,118.67,52,"27.33",-0.180545701525234,"right",0.726878878052746
"74",105,18.09,"Female",45,196,40,21,105,29,68,37,27,82,55,82.67,57.33,"35.71",-0.914603887103266,"right",-0.125506534127913
"75",108,21.86,"Female",23,153,31,20,89,26,55,36,21,70,54,89.33,21.33,"19.67",-2.12140289893886,"right",-1.6960543254061
"76",110,17.96,"Female",28,204,37,18,94,30,71,43,30,75,56,129.33,76,"23.33",0.435750714257567,"right",-0.112559735816238
"77",111,23.55,"Male",39,211,47,17,109,28,73,40,28,87,56,137.33,70.67,"28.33",0.349526567469013,"right",1.02606809969123
"78",112,23.62,"Male",39,204,42,25,116,31,70,42,28,84,54,117.33,65.33,"26.33",0.129924879578756,"right",0.31626385417897
"79",113,19.64,"Male",45,222,38,21,102,30,76,40,29,88,53,147.25,89.42,"36.15",1.42667865517557,"left",0.793713172386223
"80",115,22.14,"Male",26,NA,31,18,86,19,52,29,18,66,49,98.67,18.67,"22",-2.37568211994478,"left",-1.85212500514143
"81",117,22.02,"Female",41,223,50,23,129,28,74,42,30,92,54,181.24,78.04,"50.26",1.42874359457874,"right",1.87855369555424
"82",118,21.35,"Male",43,216,39,19,98,28,74,43,31,90,56,137.33,74.67,"37.45",0.506971992299807,"right",0.569297743838925
"83",119,19.96,"Female",24,190,35,20,96,26,68,36,27,63,53,110.67,30.67,"25.67",-1.23877324149531,"right",-0.725719602577586
"84",120,21.58,"Female",41,200,37,20,97,28,71,36,31,94,55,137.33,83.92,"36",0.482630974775192,"right",-0.254018150165047
"85",121,19.65,"Male",38,212,43,23,114,29,74,42,30,85,56,122.67,62.67,"28",0.146928011841181,"right",0.726878878052746
"86",122,23.2,"Female",45,209,44,27,128,30,72,41,31,96,54,112,72,"38.43",0.148639192442711,"right",0.683914327833991
"87",123,21.53,"Female",43,210,31,23,94,31,72,41,29,95,55,108,56,"28.33",-0.045963756589777,"right",-0.389071536383372
"88",124,20.42,"Male",43,213,39,23,105,32,73,44,27,95,55,151.13,77.33,"32",1.34273574500997,"right",0.428672199706293
"89",125,22.21,"Female",40,223,48,24,125,31,76,43,31,95,55,130.67,78.67,"35.21",1.06390428771256,"right",1.70702425955615
"90",126,24.91,"Female",39,204,42,20,104,31,72,40,27,91,54,126.67,72,"32.67",0.542135922214686,"right",0.31626385417897
"91",127,20.56,"Male",48,205,46,27,131,30,76,43,29,92,56,148.11,91.29,"32.67",1.48489939066738,"right",0.696779688486638
"92",128,19.22,"Male",47,215,45,22,117,28,74,41,27,92,55,155.51,100.61,"32.67",1.41668478249609,"right",1.03598178493273
"93",130,20.24,"Female",38,203,46,21,113,30,71,40,27,86,55,100,74.67,"24.33",-0.0396179394554835,"right",0.622717959175793
"94",131,20.81,"Male",54,216,43,26,122,30,76,43,31,90,55,138.67,76,"38.8",0.983354043825298,"right",0.912356615835092
"95",132,19.07,"Female",37,218,47,25,131,29,76,44,31,96,54,140.6,68,"44.89",0.719069657242567,"right",1.35440091503229
"96",133,22.58,"Female",45,216,48,26,133,31,76,42,28,94,54,137.33,77.33,"40.55",1.15000715559025,"right",1.3411802058303
"97",134,21.17,"Female",47,206,41,20,102,25,68,39,25,92,52,121.33,68,"32.67",-0.547999017783917,"right",0.306280814273692
"98",136,23.14,"Male",44,222,50,25,135,31,75,45,30,91,56,167.2,100.22,"46.67",0.187363891759691,"right",1.82288978837472
"99",137,22.54,"Male",40,210,44,19,106,28,73,41,28,94,53,122.67,73.33,"22.67",0.156980348081051,"left",0.725869797604169
"100",138,20.36,"Female",29,204,38,25,109,27,70,37,28,90,54,125.33,70.67,"31.33",-0.159278886321057,"right",-0.0267950178171964
"101",141,17.1,"Male",11,188,36,20,97,30,67,37,23,93,52,118.67,60,"26.67",-0.281902622600259,"right",-0.691704388261182
"102",142,16.15,"Female",43,212,40,22,110,27,69,39,30,90,56,137.33,68,"31.33",-0.069776168471936,"right",0.469584724055622
"103",143,23.17,"Male",46,212,43,12,92,28,75,40,30,93,54,132,72,"31.67",0.443535808572415,"right",0.726878878052746
"104",144,24.99,"Female",39,215,45,26,122,31,75,42,30,90,55,137.33,80,"35.71",1.11924353785454,"right",1.03598178493273
"105",145,23.18,"Female",44,217,40,22,104,31,75,46,31,96,55,101.33,77.33,"36.3",0.497120755176164,"right",0.704019642220141
"106",146,21.2,"Male",57,217,48,25,129,28,75,43,30,93,55,118.67,83.18,"46.67",0.458527065180191,"right",1.39013738621247
"107",147,24.48,"Female",22,228,44,18,104,30,75,41,27,69,56,118.67,74.67,"35.93",0.536998325342757,"right",1.6604566892817
"108",148,21.72,"Female",34,191,39,18,96,28,66,35,26,66,55,110.67,64,"24",-0.63862820322302,"right",-0.355809622288444
"109",150,21.7,"Female",44,209,48,23,123,31,73,40,28,93,56,156,82.33,"35",1.35110528608951,"left",1.02697319983016
"110",152,16.18,"Female",45,220,43,24,121,30,76,42,31,96,56,112,81.61,"32.91",0.666168633779032,"right",1.11468548828889
"111",153,22.76,"Male",48,206,43,21,108,29,69,42,26,91,54,138.67,74.67,"33.49",0.303847107913385,"right",0.477810250271775
"112",154,16.69,"Male",31,194,39,16,95,27,63,31,22,74,53,117.33,66.67,"21",-0.719926372521956,"left",-0.27119619882891
"113",155,20.39,"Female",20,NA,28,7,62,19,57,35,NA,70,52,112,50.67,"18",-1.65738525905059,"right",-2.20274197270217
"114",157,18.45,"Male",55,204,41,24,113,31,73,43,30,93,55,159.88,80,"27.67",1.37629729102568,"right",0.230499136179928
"115",158,20.7,"Male",42,212,37,23,102,27,69,39,27,83,56,129.33,66.67,"31",-0.231774380340836,"right",0.212290570058497
"116",159,21.1,"Male",37,202,40,24,109,30,71,40,26,90,55,130.67,73.33,"27",0.4038886870567,"right",0.0723617262451214
"117",160,23.38,"Female",39,208,44,24,116,28,75,43,29,91,54,141.82,77.33,"43.88",0.722751644208697,"right",0.642890927755804
"118",161,20.61,"Female",46,212,39,25,111,30,73,42,29,90,55,128,60,"27",0.246953699826685,"right",0.38382000605658
"119",162,22.74,"Male",36,216,44,22,111,31,76,43,29,90,56,128,114.38,"32.33",1.85930681637218,"right",0.998121333834133
"120",163,21.66,"Female",21,169,37,18,94,17,59,36,24,84,54,112,41.33,"22.33",-1.77301383578471,"right",-0.984955485775748
"121",164,17.08,"Female",41,208,43,23,114,28,73,38,28,90,54,121.33,70.67,"31",0.0825535784825164,"right",0.557126209756763
"122",165,23.93,"Male",48,208,37,26,113,30,74,44,26,92,55,125.33,93.85,"32.36",0.979379712414059,"right",0.0425379017625131
"123",166,NA,"Female",35,160,32,20,91,15,56,34,23,78,51,116,34.67,"25.33",-1.90242735861771,"right",-1.53544124588712
"124",167,24.69,"Female",26,228,32,23,96,27,71,40,28,91,54,110.67,64,"28.67",-0.451253695317229,"right",0.6312800732932
"125",168,24.16,"Female",29,197,40,15,75,30,74,40,26,88,53,118.67,73.33,"31",0.427961021503436,"right",-0.0944485030368614
"126",169,20.55,"Male",36,201,38,15,89,30,69,40,27,85,54,117.33,74.67,"32.33",0.0894523910801573,"left",-0.134113942680479
"127",170,16.03,"Female",33,174,32,18,89,29,69,32,25,81,54,113.33,70.67,"23.33",-0.191046617114171,"right",-1.33172645884136
"128",171,21.86,"Male",31,167,30,15,80,23,57,32,NA,38,50,33.33,74.67,"21",-1.95570045430969,"right",-1.61508883978991
"129",172,24.08,"Male",48,218,47,25,125,31,73,42,28,91,56,134.67,58.67,"36.52",0.498412006662527,"right",1.35440091503229
"130",173,24.14,"Male",49,216,50,26,140,32,76,44,31,95,55,133.33,80,"34.19",1.3263504739078,"right",1.51270964182838
"131",174,20.05,"Female",38,201,40,21,102,29,72,41,27,82,53,129.33,76,"26",0.365528887601333,"left",0.0374154933176047
"132",177,24.19,"Female",38,208,41,18,99,31,73,36,25,81,53,133.33,68,"29.67",0.64821957488316,"right",0.38559677375868
"133",178,16.04,"Male",37,212,36,22,103,31,74,44,29,88,52,106.67,65.33,"31.33",0.253506292096352,"right",0.126525852059455
"134",180,18.97,"Male",40,167,33,19,91,26,60,33,20,79,53,117.33,66.67,"21.67",-0.912585355467424,"left",-1.35779468579279
"135",181,17.19,"Female",41,190,32,12,79,26,66,37,25,89,53,101.33,54.67,"22",-1.12372320661719,"right",-0.983013756574711
"136",182,17.53,"Female",51,218,47,25,94,31,75,43,32,85,54,130.67,81.73,"24.67",1.04202409346668,"right",1.35440091503229
"137",184,21.6,"Male",54,222,40,26,117,29,76,44,29,95,54,148.57,91.58,"40.55",1.36102893327989,"right",0.965242608384306
"138",185,20.45,"Female",42,211,43,22,109,30,76,44,29,93,54,141.82,77.33,"37.69",1.06657920593266,"right",0.683009227695063
"139",186,18.69,"Male",40,210,42,23,112,32,74,43,29,91,55,140.45,97.06,"29.67",1.66385765503664,"right",0.554340361606085
"140",187,24.45,"Female",44,211,44,23,113,29,74,40,29,88,55,120,84.55,"36.52",0.545455858065078,"right",0.768773945694104
"141",188,19.34,"Male",54,222,43,24,117,31,75,43,30,95,54,132,66.67,"43.88",0.759357516614595,"right",1.22253676238143
"142",189,22.95,"Female",50,223,47,25,125,32,74,46,33,96,56,126.67,89.76,"41.74",1.25972887172965,"right",1.62125954155711
"143",190,21.63,"Female",42,209,34,23,99,30,69,41,26,85,52,122.67,87.06,"31.33",0.437530185484958,"right",-0.173732852156425
"144",193,22.81,"Female",45,199,39,22,105,30,73,37,27,90,55,106.67,66.67,"24",0.0389454942947554,"left",-0.115836208992408
"145",194,20.7,"Female",48,210,41,22,106,30,75,38,29,94,54,110.67,86.51,"32.85",0.666192712570218,"right",0.468575643607044
"146",195,22.13,"Female",34,195,41,21,104,29,69,38,28,87,55,130.67,60,"24.33",-0.114838355781937,"right",-0.070064883667679
"147",201,22.88,"Female",20,191,35,16,88,25,66,38,25,89,54,106.67,62.67,"21.67",-0.975909183905109,"right",-0.69886849428461
"148",202,22.84,"Female",37,176,36,20,95,20,58,29,23,73,52,109.33,28,"11",-1.96940788307317,"right",-0.95260275494944
"149",203,20.92,"Male",54,215,43,20,106,29,68,45,28,84,56,129.33,66.67,"28.67",-0.0710474665432414,"right",0.864452348934648
"150",204,22.18,"Female",28,187,35,19,93,21,61,36,25,71,52,96,65.33,"17.33",-1.46005341904975,"left",-0.802392645319845
"151",207,23.35,"Female",46,220,47,29,140,30,76,43,31,88,56,147.52,93.02,"44.89",1.51373004300496,"right",1.45774436028506
"152",208,23.51,"Male",59,213,46,21,113,26,74,42,32,96,56,129.33,107.63,"47.8",0.93703055254876,"right",1.02902522569958
"153",209,22.44,"Female",32,197,40,22,104,27,67,37,27,89,54,113.33,64,"27.67",-0.648028179140767,"right",-0.0944485030368614
"154",212,19.04,"Female",51,224,50,23,130,32,76,44,29,93,56,129.33,101.67,"39.73",1.75155465830737,"right",1.9354024325104
"155",214,20.63,"Female",53,213,43,24,114,29,75,43,30,95,55,121.33,66.67,"26.67",0.282377815906365,"right",0.77173107170246
"156",215,22.35,"Male",28,198,39,18,96,24,68,29,24,75,53,126.67,69.33,"26.33",-0.493869765364502,"right",-0.148406259850721
"157",216,16.95,"Female",30,204,40,20,104,31,69,35,29,85,52,109.33,77.33,"28.33",0.185473655416799,"right",0.144734418180887
"158",217,23.23,"Male",27,176,35,17,89,25,61,37,17,79,54,120,61.33,"18.67",-1.00650485713881,"right",-1.03836747294848
"159",218,22.4,"Female",51,217,45,22,113,32,73,42,29,92,55,138.67,77.73,"34.24",1.1251830445266,"right",1.13284323221535
"160",219,22.03,"Male",55,201,38,25,109,30,71,38,29,90,55,108,61.33,"23",-0.182854096901867,"right",-0.134113942680479
"161",220,18.92,"Male",42,216,40,25,115,30,71,41,30,87,54,129.33,72,"40",0.354805759279632,"right",0.655062461837967
"162",221,18.02,"Male",48,216,48,19,121,29,74,40,30,88,54,121.33,69.33,"32",0.251754210975095,"right",1.3411802058303
"163",223,19.03,"Female",52,203,38,25,111,32,73,40,27,95,56,121.33,93.85,"31",1.18958314622739,"right",-0.0633997848165395
"164",224,21.88,"Female",32,NA,31,13,78,28,62,29,22,67,53,120,73.33,"19.33",-0.48642079680614,"right",-1.90094728842234
"165",225,18.46,"Male",45,215,53,25,136,30,76,45,31,89,54,113.33,76,"26",0.568572401745303,"left",1.72209952892506
"166",226,21.5,"Female",44,197,37,18,94,30,74,36,26,80,56,80,76,"32.73",-0.0497282201523641,NA,-0.351742657033986
"167",227,22.94,"Female",44,202,29,24,94,24,68,40,24,73,52,114.67,64,"28.67",-0.785884629458343,"right",-0.871050171744336
"168",228,20.73,"Female",34,193,30,24,96,29,69,43,28,76,56,117.33,64,"32.33",-0.257533614584842,"right",-1.07197293708479
"169",229,18.94,"Female",58,225,48,26,140,32,75,43,30,96,56,156,90.73,"41.41",1.88559402388594,"right",1.82192634831863
"170",230,22.61,"Male",43,199,39,24,108,31,72,36,24,80,54,124,52,"20.33",0.133024764792681,"right",-0.115836208992408
"171",231,16.85,"Female",47,194,38,20,101,28,68,37,25,80,54,124,58.67,"28",-0.424042495979387,"right",-0.356960916827952
"172",232,20.19,"Male",47,201,33,21,94,28,66,39,26,76,53,129.33,66.67,"33.84",-0.293475065231613,"right",-0.562937532675687
"173",233,21.52,"Female",37,208,37,20,97,30,74,40,30,79,54,116,98.31,"36.84",0.936123964082269,"right",0.0425379017625131
"174",234,20.18,"Male",33,205,36,15,87,31,70,43,29,84,55,97.33,61.33,"24.33",-0.235489256365739,"left",-0.160867491503778
"175",235,20.93,"Female",41,208,41,20,102,28,74,39,28,89,55,121.33,58.67,"25.67",-0.0649302274138869,"left",0.38559677375868
"176",236,19.94,"Female",29,170,33,23,99,26,68,35,21,78,53,110.67,61.33,"22.33",-0.767268689242249,"right",-1.31249149519349
"177",237,17.96,"Female",47,214,42,25,118,31,76,40,29,89,55,134.67,98.33,"33.79",1.57233889095772,"right",0.731818350507757
"178",238,23.12,"Male",49,212,40,28,124,31,75,41,30,90,55,156,82.67,"19.67",1.5176796685953,"left",0.469584724055622
"179",239,20.18,"Male",48,219,47,21,116,31,75,41,33,92,54,141.82,80,"29.67",1.19844878301959,"right",1.40551860898031
"180",240,20.97,"Female",35,147,28,17,81,26,67,30,21,77,49,124,73.64,"16",-0.377562641431912,"right",-2.00592051881058
"181",241,23.32,"Male",46,206,36,19,94,29,67,41,27,69,55,141.82,85.5,"31.67",0.477761449359108,"right",-0.122542775721516
"182",242,20.1,"Female",42,NA,33,21,94,30,62,33,26,89,53,120,68,"24",-0.334363871845064,"right",-1.67603725523021
"183",243,18.66,"Male",44,196,37,24,107,28,68,40,28,88,54,125.33,70.67,"28.67",-0.177616175396489,"right",-0.382800688125038
"184",244,19.33,"Male",16,164,27,13,74,17,58,25,22,53,49,62.67,40,"17.67",-2.43871302407258,"right",-1.9140260634033
"185",245,24.03,"Male",43,218,45,19,108,31,76,44,31,95,55,114.67,83.18,"31.67",0.903058253071729,"right",1.18287147903421
"186",247,18.11,"Female",44,209,43,21,110,31,75,40,26,84,54,138.67,82.33,"40.99",1.19239195434891,"right",0.598149609834949
"187",248,23.55,"Male",37,195,36,15,87,23,60,35,28,77,53,118.67,64,"18.33",-1.11793952884506,"right",-0.498888473662887
"188",249,19.52,"Female",38,206,38,22,103,18,55,38,29,86,50,98.67,37.33,"18.67",-2.11410641543913,"right",0.0489866602765672
"189",250,18.95,"Female",40,214,47,21,122,31,75,42,31,95,55,148.57,80,"36.3",1.32099430961257,"right",1.16064194050297
"190",251,16.27,"Female",53,212,47,24,134,28,68,44,30,89,54,97.33,61.33,"29.67",-0.773440042635506,"left",1.06993775004891
"191",252,24.22,"Male",39,200,36,23,101,19,65,35,24,64,50,112,40,"28.33",-1.53826541616628,"right",-0.339782868164089
"192",253,23.15,"Female",52,219,47,25,125,30,75,44,30,91,55,113.33,74.67,"32",0.454668601049623,"right",1.40551860898031
"193",254,24.48,"Male",36,190,33,16,85,25,58,34,24,74,51,84,41.33,"21.67",-1.93422119954928,"right",-0.897249038575669
"194",255,24.75,"Female",48,215,40,24,109,24,74,39,29,86,54,125.33,62.67,"33.07",-0.240083647100467,"right",0.607158194937523
"195",256,21.3,"Male",NA,222,43,24,114,30,75,41,28,88,55,128,74.67,"27",0.687402005425676,"right",1.22253676238143
"196",258,22.31,"Male",48,218,44,21,109,31,74,42,30,93,53,130.67,80,"23.67",0.923276617630618,"right",1.09710676103517
"197",260,22.83,"Male",NA,203,39,18,96,24,61,37,27,91,48,110.67,45.33,"20.33",-1.47633228057822,"right",0.0223649331825021
"198",261,24.88,"Female",24,206,35,20,94,29,69,35,28,79,55,109.33,53.33,"28.67",-0.567924144862406,"right",-0.208307493720558
"199",262,18.26,"Male",52,205,39,20,102,26,65,37,28,84,55,125.33,53.33,"25.33",-0.830041811572178,"right",0.0964266624933469
"200",263,16.51,"Male",31,178,31,18,89,30,63,38,23,62,55,108,45.33,"16.33",-0.871747997301579,"right",-1.34338679128292
"201",264,16.51,"Male",32,169,34,21,98,24,62,35,24,68,55,101.33,56,"18.67",-1.40098073433537,"right",-1.24224963977287
"202",265,18.85,"Male",40,201,43,25,120,30,73,29,23,86,55,120,88.5,"30",0.69449508331287,"right",0.29470964731473
"203",266,24.96,"Male",29,164,30,21,90,28,62,36,25,67,50,89.33,50.67,"19",-1.33898004832287,"right",-1.65673190940617
"204",267,17.41,"Male",40,206,42,22,110,24,65,35,30,79,53,126.67,58.67,"25.33",-0.844038296847168,"right",0.392045532272734
"205",268,20.26,"Female",46,214,48,24,125,32,76,41,29,89,56,168.65,96.67,"37.22",2.35895545932967,"right",1.24640665850201
"206",269,19.26,"Male",32,194,30,18,86,24,63,37,25,78,51,102.67,61.33,"19.67",-1.24889406382158,"left",-1.04307866082028
"207",270,22.67,"Female",42,216,43,24,114,31,76,43,31,91,56,133.33,82.67,"21.33",1.19399036651419,"left",0.912356615835092
"208",271,24.56,"Male",41,221,42,24,112,29,75,43,29,93,55,124,77.33,"35.49",0.537585465020102,"right",1.08227342051754
"209",273,23.02,"Female",49,214,46,23,117,29,75,44,31,94,55,134.67,81.82,"36.98",0.810345242690885,"right",1.07487722250392
"210",274,21.66,"Female",34,206,40,21,102,30,68,36,28,70,54,126.67,69.33,"31",0.0751677711677605,"right",0.22051609627465
"211",276,20.78,"Male",57,220,47,26,129,31,75,42,30,92,52,160,100.54,"25.33",2.00326212016236,"right",1.45774436028506
"212",277,18.94,"Male",44,207,44,17,104,31,69,35,25,91,53,145.71,105.88,"38.8",1.43799898207394,"right",0.602783202311964
"213",278,22.11,"Male",54,217,47,27,134,31,75,37,29,96,56,138.67,83.18,"39.2",1.21072670524299,"right",1.30437266821343
"214",280,22.8,"Female",48,215,42,26,120,31,74,41,28,83,56,134.67,98.92,"34.59",1.41777483805547,"right",0.778687630935606
"215",281,20.97,"Female",42,219,48,23,123,31,72,45,29,95,55,109.33,70.67,"39.73",0.245134769904985,"right",1.49128332697935
"216",282,19.58,"Male",48,212,44,25,122,31,71,42,29,83,56,117.33,70.67,"24",0.297647325970249,"left",0.812643596051788
"217",284,23.42,"Male",49,212,45,25,121,31,74,41,26,87,53,133.33,81.33,"30",0.996604019277925,"right",0.89840831405083
"218",288,20.02,"Female",40,203,43,23,111,32,74,40,26,82,56,134.67,76,"26",1.097251186832,"right",0.365423805178669
"219",294,23.06,"Female",46,221,50,27,144,30,76,44,30,NA,NA,118.67,70.67,"32.67",0.543599276665863,"right",1.76839116450988
"220",295,17.94,"Female",22,177,33,16,86,21,62,33,22,61,47,112,50.67,"25",-1.45412509031743,"right",-1.19112917680342
"221",1002,18.92,"Male",54,223,50,28,149,30,75,44,30,NA,54,137.3333333,77.33333333,"",0.900788209788471,"right",1.87855369555424
"222",1003,20.17,"Male",34,210,38,21,104,30,68,40,31,84,54,129.3333333,70.66666667,"34.39",0.1454861319502,"right",0.211281489609919
"223",1004,17.25,"Male",31,180,32,24,95,27,65,35,21,81,51,85.33333333,42.66666667,"",-1.48899222534908,"right",-1.21752356177886
"224",1005,17.83,"Male",33,202,41,25,108,28,60,35,27,79,49,133.3333333,66.66666667,"30.33",-0.467877410194187,"right",0.158126444244163
"225",1006,13.5,"Male",NA,155,25,17,80,16,41,26,NA,46,32,69.33333333,24,"",-2.84230805369659,NA,-2.19083847832092
"226",1007,22.92,"Male",57,191,38,22,101,31,70,39,22,64,49,109.3333333,61.33333333,"",-0.0653052178621352,"right",-0.441574340287485
"227",1010,23.5,"Male",43,214,46,24,115,31,72,44,29,92,48,117.3333333,82.66666667,"",0.614122614065816,"right",1.07487722250392
"228",1011,25.08,"Male",53,219,47,21,104,30,75,41,27,76,56,116,78.66666667,"",0.578017365849743,"left",1.40551860898031
"229",1012,25,"Male",44,224,49,25,133,30,75,44,29,92,56,136,76,"",0.850092778850785,"right",1.84963771451136
"230",1013,21.67,"Female",41,192,37,25,105,29,73,40,29,88,46,133.3333333,76,"",0.506033318615946,"right",-0.499819981894441
"231",1014,21.17,"Male",44,216,43,25,128,31,71,43,31,91,47,122.6666667,78.66666667,"",0.544619950112518,"right",0.912356615835092
"232",1016,21.33,"Female",43,214,48,27,133,31,74,42,28,87,56,138.6666667,78.66666667,"",1.03263337890117,"right",1.24640665850201
"233",1018,23.83,"Female",39,212,45,22,132,28,75,43,30,95,52,138.6666667,78.66666667,"",0.694805704498858,"right",0.89840831405083
"234",1020,18.08,"Male",31,191,34,20,93,22,61,34,21,68,51,121.3333333,48,"",-1.35717526227329,"right",-0.784633212283652
"235",1022,21.33,"Female",43,200,40,22,115,31,68,36,28,88,55,136,66.66666667,"",0.343886038408941,"left",0.00327600383207767
"236",1024,24.25,"Male",30,201,43,21,102,29,73,44,30,88,53,124,72,"",0.269923527840105,"right",0.29470964731473
"237",1027,22.17,"Female",NA,200,43,24,119,31,71,41,25,87,50,138.6666667,80,"",0.841674938458815,"right",0.260570157829202
"238",1028,22.33,"Male",46,219,41,23,119,31,75,43,28,91,53,138.6666667,82.66666667,"",1.19958256647798,"right",0.890930300986058
"239",1029,21.92,"Female",45,212,43,26,123,30,70,42,32,94,54,125.3333333,78.66666667,"",0.360396378940561,"right",0.726878878052746
"240",1031,19.58,"Female",42,223,50,25,122,29,76,45,29,93,56,134.6666667,81.33333333,"",0.886589054639421,"right",1.87855369555424
"241",1034,18.25,"Male",34,198,37,20,95,28,65,39,22,84,50,133.3333333,68,"27.67",-0.247746348512001,"right",-0.319935695848804
"242",1035,17.42,"Female",31,183,38,24,93,28,64,39,25,83,46,116,62.66666667,"",-0.674191892874005,"left",-0.638736270318918
"243",1036,21.75,"Male",NA,221,39,27,120,30,76,47,31,93,53,138.6666667,81.33333333,"",1.09505219100882,"right",0.82497926652042
"244",1038,20.58,"Female",50,197,37,23,98,28,73,42,25,90,53,129.3333333,72,"",0.239447220491391,"right",-0.351742657033986
"245",1040,23.08,"Female",23,174,29,16,76,22,64,31,18,66,42,136,64,"",-0.720825074104981,"left",-1.58902061283849
"246",1043,24.5,"Male",38,220,43,24,111,32,75,39,31,86,56,112,81.33333333,"",0.925559872168499,"right",1.11468548828889
"247",1044,16.67,"Female",NA,213,47,21,116,31,72,42,32,NA,NA,109.3333333,76,"",0.352486845842291,NA,1.11478994369863
"248",1046,24.58,"Female",NA,214,44,23,114,31,71,44,30,81,55,118.6666667,74.66666667,"",0.398557715620047,"right",0.903347786505841
"249",1048,21.58,"Female",46,217,40,23,107,30,75,39,31,94,56,112,77.33333333,"",0.489316930905077,"right",0.704019642220141
"250",1050,19.67,"Female",59,216,44,27,133,31,75,43,33,94,56,138.6666667,80,"",1.14262869071285,"right",0.998121333834133
"251",1054,18.42,"Male",23,203,34,20,91,25,64,34,25,73,50,78.66666667,40,"",-1.80596635724076,"right",-0.406458656812706
"252",1057,19.75,"Male",27,164,33,10,77,27,62,33,20,NA,NA,81.33333333,56,"",-1.44796472680791,"right",-1.39943775540905
"253",1058,17.58,"Male",NA,198,28,20,92,29,61,39,26,69,45,110.6666667,69.33333333,"",-0.626977320929764,"right",-1.09181815784018
"254",1059,15,"Male",14,167,23,15,74,25,60,30,18,40,37,97.33333333,38.66666667,"",-1.73966147317406,"right",-2.2154418657832
"255",1061,22.92,"Male",40,215,42,26,119,29,75,44,30,94,55,138.6666667,72,"",0.676661971984927,"right",0.778687630935606
"256",1068,17.75,"Male",NA,152,24,20,78,24,59,NA,NA,NA,NA,105.3333333,50.66666667,"",-1.53523783928248,"right",-2.30586453166899
"257",1073,23.17,"Male",49,216,50,26,126,32,76,44,31,95,55,133.3333333,80,"",1.32640734752748,"right",1.51270964182838
"258",1077,21.67,"Female",48,216,47,25,115,29,74,42,31,90,56,138.6666667,76,"",0.67568687908924,NA,1.25541548783126
"259",1081,18.17,"Male",57,214,45,25,129,32,76,46,32,96,56,113.3333333,84,"42.53164557",1.08988381958407,NA,0.989112504504882
"260",1082,14.67,"Female",20,195,39,19,100,30,69,38,25,76,51,102.6666667,72,"",-0.181779893792981,NA,-0.241594319665762
"261",1083,17.25,"Male",NA,212,42,24,114,26,73,40,NA,86,56,122.6666667,69.33333333,"",-0.106054656532572,"right",0.641114160053705
"262",1084,19.42,"Female",26,162,35,20,93,24,64,29,NA,85,49,105.3333333,69.33333333,"",-1.0186413128493,NA,-1.25375454096559
"263",1085,18.75,"Male",37,199,44,22,105,28,66,40,31,85,54,110.6666667,57.33333333,"",-0.759143818890733,"right",0.3129873810028
"264",1087,16.5,"Male",42,159,34,16,81,24,63,34,22,75,45,88,36,"",-1.84783621061377,"right",-1.37558342275584
"265",1088,22.25,"Male",39,186,34,27,105,30,67,36,24,NA,NA,122.6666667,65.33333333,"",-0.120317144307369,"left",-0.912463224871289
"266",1092,17.92,"Male",40,199,38,21,98,22,66,40,27,NA,NA,120,61.33333333,"",-0.943215489584763,NA,-0.20160092699145
"267",1093,19.17,"Female",49,223,47,24,131,31,76,44,32,96,56,128,80,"",1.04735200992415,"left",1.62125954155711
"268",1094,19.75,"Female",35,204,38,21,102,31,72,39,27,89,55,137.3333333,82.66666667,"",0.944055505871968,NA,-0.0267950178171964
"269",1095,18.5,"Male",37,190,34,20,96,26,64,33,22,NA,48,93.33333333,61.33333333,"",-1.20654656083762,"right",-0.811484320576628
"270",1096,18.25,"Male",37,159,30,18,81,28,61,34,23,70,44,122.6666667,73.33333333,"",-0.480076818515377,"left",-1.71864229475201
"271",1097,18.83,"Male",44,202,39,25,111,31,70,39,28,74,55,124,73.33333333,"",0.391787372975013,"right",-0.0134029917539202
"272",1098,18.92,"Male",39,209,38,24,107,32,73,40,27,83,54,128,74.66666667,"",0.8800998488312,"left",0.169326019839741
"273",1099,17.5,"Male",36,145,25,18,77,27,60,32,21,66,47,109.3333333,60,"",-1.07340293434847,NA,-2.27863814943202
"274",1101,20.5,"Male",34,201,34,21,91,28,70,34,27,88,54,105.3333333,77.33333333,"",-0.231515393627188,"right",-0.477172814676645
"275",1103,14.17,"Female",NA,197,34,24,120,31,64,39,27,90,54,108,64,"",-0.349980960091998,NA,-0.609036811031111
"276",1104,17.58,"Female",NA,173,30,17,85,24,60,36,25,NA,NA,0,0,"?",-2.91824975432992,NA,-1.5205734159568
"277",1106,18.58,"Male",31,184,40,19,95,26,61,34,27,84,55,112,65.33333333,"",-0.985648346758462,"right",-0.444681940933489
"278",1108,16.25,"Female",NA,214,42,25,129,30,68,44,33,95,55,100,77.33333333,"",-0.167846060151048,"left",0.731818350507757
"279",1109,19.92,"Male",10,196,33,25,97,27,60,38,22,70,47,117.3333333,64,"",-0.87894958074591,NA,-0.725859560121204
"280",1113,18.08,"Male",22,194,27,13,75,28,62,34,23,81,53,121.3333333,70.66666667,"",-0.518325859542013,"right",-1.30037281481741
"281",1118,21.83,"Female",53,219,53,26,140,32,75,47,33,96,56,134.6666667,76,"",1.1791139464445,"right",1.92010691697456
"282",1119,19.08,"Male",33,217,37,24,102,24,63,38,26,62,51,106.6666667,58.66666667,"",-1.23954097001761,NA,0.446725488223016
"283",1120,22.25,"Male",35,187,31,20,91,31,68,38,28,86,54,125.3333333,60,"",0.0411030824601159,"right",-1.14545151731601
"284",1126,23.5,"Female",52,220,51,22,114,32,75,47,33,94,56,138.6666667,84,"",1.41784337507845,NA,1.80080323228123
"285",1127,19,"Male",47,216,36,23,113,32,71,42,30,83,52,108,72,"",0.372570341536885,NA,0.312003589841801
"286",1128,18.42,"Male",NA,211,43,26,123,28,70,40,32,94,56,122.6666667,62.66666667,"",-0.255108135497973,NA,0.683009227695063
"287",1129,22.67,"Male",40,215,43,24,119,31,76,44,32,84,54,62.66666667,52,"",-0.352674529519177,"right",0.864452348934648
"288",1133,22,"Female",43,205,40,18,97,19,70,36,25,70,53,120,60,"",-0.821745626097227,NA,0.182191380492388
"289",1140,20.33,"Male",45,203,41,23,109,31,68,42,30,75,53,129.3333333,78.66666667,"",0.470825628648266,NA,0.193894369180585
"290",1141,20.92,"Male",NA,216,43,26,118,30,76,43,31,90,55,138.6666667,76,"",0.983295521180717,NA,0.912356615835092
"291",1142,22.17,"",36,195,39,24,108,26,61,37,22,83,55,124,64,"",-0.823322418054639,"right",-0.241594319665762
"292",1146,22,"Female",43,211,45,25,113,32,73,40,30,77,56,129.3333333,78.66666667,"",0.984863483921399,"right",0.854538663693146
"293",1147,21.92,"Female",49,219,47,26,136,31,75,45,32,96,54,138.6666667,82.66666667,"",1.19958256647798,"right",1.40551860898031
"294",1150,20.67,"Female",NA,210,40,21,100,27,68,37,31,NA,NA,98.66666667,69.33333333,"",-0.704233889759572,"left",0.382810925608002
"295",1152,22,"Male",36,213,45,22,106,30,75,43,31,92,56,138.6666667,78.66666667,"",0.951920231952157,"left",0.943260507700543
"296",1153,20,"Male",24,166,26,21,81,28,62,29,21,NA,NA,96,54.66666667,"?",-1.18498052722772,"left",-1.97242346581634
"297",1154,20.67,"Male",31,197,33,18,81,18,55,33,27,69,56,86.66666667,18.66666667,"?",-2.48842615639869,"right",-0.694801529030153
"298",1157,21.5,"Male",40,220,43,24,116,32,75,44,31,93,55,138.6666667,82.66666667,"",1.38896840761201,"right",1.11468548828889
"299",1160,20.42,"Male",51,201,37,26,108,22,62,36,27,90,52,62.66666667,42.66666667,"",-2.16445697169207,"right",-0.21987866067952
"300",1161,21.58,"",36,199,37,23,108,31,63,38,27,77,56,126.6666667,68,"",-0.0254853523583965,"right",-0.287365644990492
"301",1163,22,"Female",51,193,39,21,91,26,67,41,30,92,54,118.6666667,64,"",-0.64966490131056,"right",-0.300090475093413
"302",1164,21.75,"Female",26,178,26,18,84,28,65,35,21,64,46,117.3333333,58.66666667,"",-0.681499539587934,NA,-1.77221038127812
"303",1167,21.92,"Male",57,215,41,24,125,31,74,41,31,95,55,125.3333333,84,"",0.920715972961339,"left",0.692922912936565
"304",1168,20.25,"Female",23,180,35,20,90,26,62,32,20,63,46,112,49.33333333,"?",-1.22924264205057,"right",-0.960229407781739
"305",1169,22.67,"Female",50,223,47,25,120,32,74,46,33,96,56,126.6666667,84,"",1.13193375170946,"right",1.62125954155711
"306",1171,17.42,"",24,178,28,15,78,24,63,32,20,63,55,122.6666667,60,"?",-0.971166290010391,NA,-1.60068094528004
"307",1174,19.08,"Male",39,200,38,22,102,29,67,37,27,82,55,125.3333333,69.33333333,"",-0.139430148187412,"right",-0.168253432166006
"308",1176,21.75,"Female",41,201,39,21,97,28,66,37,27,80,50,118.6666667,62.66666667,"",-0.541065750905126,"right",-0.0483492246814369
"309",1178,22.67,"Male",38,189,32,15,86,28,63,35,24,47,54,109.3333333,66.66666667,"?",-0.741341222551874,NA,-1.00920973998269
"310",1179,20.75,"Female",40,202,40,23,108,32,73,39,31,94,56,101.3333333,82.66666667,"",0.640203080659487,"right",0.0723617262451214
"311",1180,18.5,"Male",34,202,38,20,98,25,70,35,31,88,46,122.6666667,76,"",-0.249051911470593,"left",-0.0991677097529618
"312",1182,22.67,"Male",NA,210,37,20,105,31,69,41,32,88,56,138.6666667,72,"",0.551643151485708,NA,0.125516771610877
"313",1183,16.67,"Male",27,205,39,24,112,30,67,42,29,91,54,138.6666667,78.66666667,"",0.414214199851274,NA,0.0964266624933469
"314",1184,23.08,"Male",37,188,39,22,98,29,67,37,29,77,55,106.6666667,40,"23",-0.925401631359303,"right",-0.434410234264057
"315",1185,23.67,"Male",40,214,43,21,112,32,73,41,31,77,54,137.3333333,74.66666667,"",1.03876252224763,"right",0.817583068506799
"316",1186,18.33,"Female",46,218,42,16,105,29,75,42,33,90,56,136,69.33333333,"",0.57760768896367,"right",0.925577325037084
"317",1188,15.42,"Male",38,202,34,26,111,23,62,36,26,81,54,114.6666667,56,"",-1.25359539377999,"right",-0.442226581749128
"318",1189,21.5,"Male",46,195,38,18,89,31,68,38,23,80,54,133.3333333,80,"",0.566403068226825,"left",-0.327359037664804
"319",1190,18.17,"Male",32,209,41,25,114,29,72,38,29,77,54,105.3333333,58.66666667,"",-0.339585970803222,NA,0.426620173836866
"320",1191,15.83,"Male",NA,174,32,19,89,26,57,29,25,NA,NA,97.33333333,53.33333333,"",-1.53121150337183,NA,-1.33172645884136
"321",1193,19.33,"Male",59,225,53,29,152,30,76,46,32,94,54,138.6666667,84,"",1.15253737339245,NA,2.25074993831384
"322",1197,15.75,"Female",NA,200,32,23,107,22,66,36,28,60,46,117.3333333,53.33333333,"",-1.12499463155942,"right",-0.682841740160255
"323",1198,21.75,"Female",38,204,44,25,118,25,68,40,30,89,56,108,46.66666667,"",-1.12461357832269,NA,0.487793290177053
"324",1199,15.92,"Female",NA,196,36,22,97,24,63,33,NA,NA,NA,112,40,"",-1.46034074449984,NA,-0.46856540612408
"325",1201,25.25,"Male",NA,214,44,24,113,29,73,45,29,NA,NA,118.6666667,68,"",0.106542267683762,NA,0.903347786505841
"326",1203,15.08,"Male",34,195,37,24,106,31,66,37,30,NA,NA,90.66666667,13.33333333,"",-1.19379122544688,NA,-0.413123755663845
"327",1204,17.42,"Female",48,211,44,24,115,30,72,41,28,88,55,94.66666667,70.66666667,"",-0.123424106544075,NA,0.768773945694104
"328",1205,19.5,"Male",52,227,50,28,160,30,74,43,30,88,56,122.6666667,77.33333333,"",0.573215479149532,NA,2.11325667683453
"329",1206,15.42,"Female",36,188,35,20,101,29,64,36,23,77,41,94.66666667,56,"",-0.981540991540382,NA,-0.777469106260224
"330",1209,14.83,"Female",43,201,38,26,112,29,70,39,25,93,55,126.6666667,72,"",0.10697005658743,NA,-0.134113942680479
"331",1210,16,"Female",41,169,32,18,85,22,60,33,24,84,52,97.33333333,57.33333333,"",-1.58963598386577,NA,-1.41377907577096
"332",4001,14.33,"Female",49,212,42,24,122,29,73,39,31,88,54,100,73.33333333,"32",-0.0639432849480595,"right",0.641114160053705
"333",4002,18.67,"Female",54,222,51,25,140,32,76,43,32,70,55,165.7370518,104.8252912,"74.21052632",2.49718322417357,"right",1.90865450637376
"334",4003,18.67,"Female",38,210,40,21,94,30,71,36,29,80,51,130.6666667,73.33333333,"21.66666667",0.403899750835424,"right",0.382810925608002
"335",4004,14.17,"Male",32,212,34,18,98,26,66,40,27,78,51,110.6666667,70.66666667,"20.66666667",-0.694625183195477,"right",-0.045003583938628
"336",4007,16.67,"Male",43,209,40,21,102,28,71,41,31,92,54,104,69.33333333,"25.33333333",-0.346885586100938,"right",0.340855455837825
"337",4009,16.33,"Male",31,205,42,25,122,31,71,40,28,71,53,128,83.18181818,"24.66666667",0.727764049152376,"left",0.353720816490472
"338",4011,18,"Male",32,201,27,18,91,28,68,39,28,87,49,121.3333333,72,"22",-0.215687441132684,"right",-1.07752584066994
"339",4012,14.08,"Male",30,177,37,18,103,18,49,35,28,80,50,109.3333333,46.66666667,"19.33333333",-1.93266540524137,"right",-0.848070304807251
"340",4013,14.92,"Female",39,217,39,24,114,30,71,41,28,91,56,129.3333333,80.27681661,"41.88679245",0.525081831240505,"right",0.618254924221099
"341",4016,15.92,"Male",36,191,38,19,101,31,65,37,27,80,54,110.6666667,57.33333333,"32",-0.386730526032332,"left",-0.441574340287485
"342",4021,18.17,"Female",44,208,46,14,108,30,75,42,31,NA,NA,134.6666667,118.0645161,"39.75460123",1.81898296933005,"right",0.814420363753888
"343",4022,15.33,"Female",36,184,35,15,91,30,68,37,24,82,49,108,82.32789212,"31.90751445",0.0516170250728351,"right",-0.873505530928697
"344",4023,13.92,"Female",30,183,35,13,88,24,64,35,21,64,51,109.3333333,52,"23",-1.27335266572249,"right",-0.896030424316042
"345",4025,16.25,"Female",23,177,30,19,84,25,62,NA,NA,NA,NA,109.3333333,53.33333333,"",-1.27328834925066,"right",-1.44842333080054
"346",4026,17,"Male",46,184,32,18,90,24,61,30,NA,NA,NA,94.66666667,61.33333333,"19.66666667",-1.43350694914162,"right",-1.13079968492582
"347",4030,16.92,"Female",30,201,37,19,92,30,69,38,29,75,56,147.1428571,77.33333333,"31.33333333",0.649598018977132,"left",-0.21987866067952
"348",4035,18,"Female",33,181,37,19,84,28,60,40,25,92,55,77.33333333,32,"",-1.825330590765,"left",-0.767851574262266
"349",4036,17.33,"Male",27,178,33,18,93,27,61,31,22,77,50,112,77.33333333,"19.33333333",-0.663987510562923,"right",-1.17185735528483
"350",4037,13.25,"Male",37,193,40,20,112,29,66,33,24,NA,NA,90.66666667,76,"26.66666667",-0.563409874692846,"right",-0.214325757094371
"351",4038,18.75,"Male",53,219,46,25,126,32,75,44,31,96,56,190.4180653,115.4204158,"64.6875",3.19948059373967,"right",1.31975389098127
"352",4039,18.67,"Female",56,215,52,25,138,30,75,41,33,95,56,132,93.84615385,"39.75460123",1.17209929945373,"right",1.63633481092602
"353",4040,15.5,"Female",48,209,41,26,130,32,71,36,27,88,54,141.5286913,78.66666667,"40",1.05361058157805,"left",0.426620173836866
"354",4041,13.75,"Female",48,208,41,26,134,31,65,42,31,91,53,133.3333333,84.38409311,"44.80519481",0.508975726581714,NA,0.38559677375868
"355",4042,17.83,"Female",49,180,31,14,82,27,60,36,22,79,54,110.6666667,61.33333333,"19",-1.02952875677577,NA,-1.30328827977791
"356",4044,17.42,"Male",42,199,40,23,116,26,69,41,28,80,56,122.6666667,70.66666667,"28.33333333",-0.347287868938154,"right",-0.0300714909933668
"357",4045,15.92,"Male",30,167,29,15,84,27,62,36,24,80,53,120,65.33333333,"21.33333333",-0.742192424042116,"left",-1.70085355778896
"358",4047,16.83,"Male",NA,201,41,21,105,27,61,37,27,79,53,122.6666667,68,"27.66666667",-0.685067303849132,"right",0.123180211316646
"359",4048,18.25,"Male",34,196,37,23,94,30,66,33,27,75,50,140.4545455,73.05080777,"27",0.28000248623684,NA,-0.382800688125038
"360",4050,17.58,"Female",41,193,41,20,102,31,68,37,27,91,55,124,69.33333333,"32.66666667",0.194315693508833,"right",-0.12856103909533
"361",4052,19.67,"Female",38,188,37,22,94,29,66,37,26,76,52,113.3333333,72,"24",-0.326204652858342,"right",-0.60593967026214
"362",4055,17.5,"Female",35,179,30,18,84,26,63,33,26,64,49,134.6666667,86.60785886,"25.66666667",-0.108668543569917,"right",-1.40936498888288
"363",4056,18.67,"Male",34,179,36,23,97,30,70,36,26,86,51,105.3333333,49.33333333,"24",-0.49194571934204,"right",-0.894776680888628
"364",4057,18.17,"Female",42,206,39,20,95,30,68,36,24,79,52,114.6666667,60,"30",-0.290082525454016,"right",0.134751378275609
"365",4059,18.75,"Female",49,209,39,25,105,29,69,37,29,95,56,94.66666667,76,"29.66666667",-0.349458665963909,"right",0.255090737838783
"366",4060,18.67,"Female",48,210,38,26,120,32,71,41,31,90,55,116,78.66666667,"44.12903226",0.629082649552379,"right",0.211281489609919
"367",4062,15.08,"Female",52,213,43,23,126,31,75,42,31,96,55,147.3885047,106.2394604,"29",1.90424270018258,"right",0.77173107170246
"368",4063,18.25,"Female",NA,188,35,22,97,23,63,33,24,73,49,124,62.66666667,"19",-0.948979220612699,"left",-0.777469106260224
"369",4064,15.42,"Female",48,208,39,24,124,27,68,38,29,NA,NA,113.3333333,69.33333333,"28.33333333",-0.492485339062583,"right",0.214067337760596
"370",4065,15.25,"Male",54,213,35,23,112,32,73,40,30,91,56,117.3333333,90.73170732,"25.33333333",1.055094271993,"right",0.0856133277101268
"371",4068,15.17,"Female",53,210,41,25,118,28,72,39,28,93,56,112,78.66666667,"28",0.0278073650094548,"right",0.468575643607044
"372",4070,17.25,"Male",36,175,27,21,92,24,66,32,23,73,47,120,65.33333333,"20",-0.782323472830997,"right",-1.742759308447
"373",4071,16.83,"Male",NA,198,41,24,115,30,71,38,28,81,56,124,73.33333333,"23",0.293902765800473,"right",0.0231231761473621
"374",4075,14.67,"Male",NA,194,32,20,96,26,67,33,NA,NA,NA,114.6666667,45.33333333,"18.33333333",-1.02919308307026,"right",-0.871549224822202
"375",4078,13.75,"Female",35,181,36,14,96,28,66,32,26,81,49,94.66666667,50.66666667,"20.33333333",-1.09758530174677,"right",-0.853616292261308
"376",4081,18.33,"Female",48,216,44,26,120,31,74,42,31,93,56,138.6666667,85.67208272,"27.66666667",1.1831199840405,"left",0.998121333834133
"377",4083,15.33,"Female",NA,202,43,25,125,27,68,45,31,NA,NA,110.6666667,69.33333333,"30.33333333",-0.532563328153929,"right",0.329655880242246
"378",4084,18.33,"Female",39,208,36,25,111,32,71,40,28,78,53,125.3333333,77.86976952,"27.33333333",0.760513101452906,"right",-0.0432268162365286
"379",4085,18.08,"Male",34,184,32,18,81,27,64,36,28,90,51,82.66666667,52,"19.66666667",-1.41938671028663,"left",-1.13079968492582
"380",4090,18.67,"Male",NA,194,36,21,102,32,68,35,24,NA,NA,114.6666667,57.33333333,"4.666666667",0.0146550283569292,"right",-0.528490352826035
"381",4091,16.17,"Male",33,175,35,22,78,30,67,34,25,81,55,122.6666667,72,"19",0.00895177542298578,"left",-1.05664156445467
"382",4092,17.67,"Male",51,206,39,10,90,31,71,38,27,91,55,125.3333333,76,"20.66666667",0.532440416369193,"right",0.134751378275609
"383",4093,14.5,"Female",46,206,41,26,132,28,71,39,30,93,54,125.3333333,97.15242881,"26.66666667",0.580597294760056,"left",0.306280814273692
"384",4104,14.42,"Male",50,199,43,25,126,30,72,38,30,88,56,134.6666667,90.46009878,"32",0.907731270505682,"right",0.227222663003758
"385",4107,15.33,"Male",34,206,40,21,108,29,70,29,26,68,52,109.3333333,77.33333333,"16",-0.0550914653452352,"right",0.22051609627465
"386",4108,15,"Female",43,205,43,23,112,32,72,38,27,79,53,117.3333333,78.66666667,"21.66666667",0.718479315496661,"right",0.439485534489513
"387",4109,16.58,"Female",44,213,45,24,112,26,69,40,28,82,54,134.6666667,68.18181818,"36.62337662",-0.196283816599611,"right",0.943260507700543
"388",4110,16.67,"Female",59,215,43,23,112,31,74,40,30,77,56,110.6666667,73.33333333,"29",0.468304140535094,"right",0.864452348934648
"389",4114,17.67,"Female",41,195,32,18,93,27,65,38,22,92,52,117.3333333,54.66666667,"18.66666667",-0.850901633915593,"right",-0.841947345659053
"390",4119,17.83,"Male",48,200,40,26,115,30,69,40,31,96,55,122.6666667,72,"28.33333333",0.120030232254822,"right",0.00327600383207767
"391",4121,16.25,"Male",49,212,25,24,106,30,70,38,27,91,56,113.3333333,53.33333333,"23.66666667",-0.308061907470352,"left",-0.816886045930003
"392",4122,15.33,"Male",32,220,38,23,116,28,73,42,32,93,56,124,64,"28.66666667",-0.00247169683089626,"right",0.685861898293687
"393",4123,16.25,"Male",36,196,37,24,106,26,66,32,25,67,50,108,65.33333333,"22.33333333",-0.836852396311919,"right",-0.382800688125038
"394",4124,14.08,"Female",34,206,38,23,112,28,65,35,30,77,53,110.6666667,77.33333333,"27.33333333",-0.423278319374048,"right",0.0489866602765672
"395",4125,18.33,"Male",21,175,33,19,89,29,66,30,24,79,54,117.3333333,62.66666667,"19.66666667",-0.443741072208788,"right",-1.22817100045275
"396",4126,18.25,"Male",30,211,39,17,102,31,67,32,NA,NA,NA,136.576657,94.83488569,"25",0.898507048199694,"right",0.339950355698896
"397",4128,17.33,"Female",40,205,39,19,95,29,72,39,26,88,56,146.513266,63.87410322,"26.33333333",0.428447956157595,"right",0.0964266624933469
"398",4130,15.83,"Male",41,171,29,17,87,27,64,33,24,79,48,121.3333333,70.66666667,"23.33333333",-0.537934369594502,"left",-1.63959326658101
"399",4132,15.83,"Male",37,167,31,25,94,29,68,35,25,73,56,116,58.66666667,"20.66666667",-0.432380444135357,"right",-1.52932412179087
"400",4134,16.08,"Male",36,204,34,24,104,30,68,35,27,82,56,98.66666667,68,"21",-0.373109682330883,"right",-0.369853889813363
"401",4142,16.33,"Male",39,216,37,19,97,30,73,34,28,83,53,112,77.33333333,"19.33333333",0.330063541148221,"right",0.397768307840842
"402",4143,16.42,"Female",43,209,42,23,116,31,72,37,31,96,54,113.3333333,76,"21.33333333",0.412343073004561,"right",0.512384891835908
"403",4148,17.42,"Male",43,207,37,24,107,30,74,37,30,80,55,108,74.66666667,"26.33333333",0.293271395719261,"right",0.00243017631867247
"404",4151,15.25,"Female",28,172,33,13,92,28,63,32,23,72,47,105.3333333,64,"24.33333333",-0.849892864102017,"right",-1.2801335395092
"405",4155,15.25,"Male",NA,190,36,20,95,29,67,39,29,NA,NA,126.6666667,76,"12.66666667",0.0159113193666142,"left",-0.639954884578545
"406",4156,17.42,"Male",40,203,33,23,103,29,70,39,29,83,52,105.3333333,74.66666667,"22",-0.168167759861728,"right",-0.492223374811748
"407",4158,15.67,"Female",46,201,38,19,109,32,70,37,28,87,52,128,85.54572271,"32.69662921",0.903954892375013,"right",-0.134113942680479
"408",4159,17.17,"Female",29,172,32,18,87,30,65,33,23,78,49,122.6666667,84,"26.33333333",0.161316150217784,"right",-1.36589825750824
"409",4162,18.83,"Female",46,213,40,24,112,29,71,38,28,84,52,122.6666667,76,"31.66666667",0.187673450300585,"right",0.514436917705335
"410",4163,16.75,"Male",41,205,40,25,116,27,72,37,28,88,55,126.6666667,84.6031385,"22.66666667",0.285802639864107,"right",0.182191380492388
"411",4165,16.25,"Female",32,177,32,20,90,30,67,34,25,74,51,118.6666667,90.66922523,"29",0.344016641217643,"right",-1.27689389480246
"412",4167,18,"Female",NA,196,48,19,108,31,68,38,27,89,52,124,68,"22",0.168459598565827,"left",0.56061120986442
"413",4173,15,"Female",50,208,39,23,125,31,69,38,29,82,54,136,81.33333333,"30.66666667",0.697855068232485,"right",0.214067337760596
"414",4174,15.25,"Female",46,211,39,22,109,30,72,39,28,77,53,105.3333333,66.66666667,"24.66666667",-0.0533658411247118,"right",0.339950355698896
"415",4178,13.75,"Female",37,202,36,24,111,30,68,37,27,NA,NA,72,70.66666667,"29",-0.649816836427146,"left",-0.270697145751045
"416",4179,16.33,"Female",48,207,39,21,105,29,69,43,30,88,56,121.3333333,77.33333333,"32.54237288",0.0682070744996286,"right",0.173959612316756
"417",4180,13.75,"Female",34,192,29,25,110,29,68,38,27,88,52,112,69.33333333,"24.66666667",-0.29460632739935,"left",-1.18593772588677
"418",4181,15.33,"Female",43,213,41,24,120,30,71,42,31,90,56,137.3333333,80,"34.13793103",0.655714701993245,"right",0.600201635704377
"419",4182,15.33,"Female",38,203,37,24,116,31,67,36,27,84,56,128,78.66666667,"25",0.394857679614553,"right",-0.149164502815581
"420",4183,17.25,"Male",43,197,36,24,103,29,67,37,29,75,53,104,66.66666667,"26.33333333",-0.516923899870272,"right",-0.437507375033028
