"","SubjectID","age.tested","age.tested.c","towre.w.ipm","towre.w.ipm.cs","towre.nw.ipm","towre.nw.ipm.t","wj3.wid.raw","wj3.wid.t","wj3.watt.raw","wj3.watt.t","ppvt.raw","ppvt.t","wasi.matr.raw","wasi.matr.t","wj3.rcomp.raw","wj3.rcomp.t","decode","Pred","stdPred","resid","CI_group"
"1","1",21.28,1.429564586,148.57,1.661841448,77.73,0.629452628,74,1.18696091,29,0.283170289,216,1.210976399,25,1.236134677,42,1.109884717,0.94035631872373,1.09533324752097,1.33763443847509,0.0145514694790544,"EAC"
"2","3",24.37,4.519564586,112,-0.31047919,81.33,0.851076664,75,1.41646007,32,1.571361153,220,1.550624395,24,0.919173977,39,0.392552867,0.882104674198764,1.25957503110359,1.53820852536018,-0.867022164103586,"UPC"
"4","12",20.01,0.159564586,147.14,1.584717617,80,0.768728188,69,0.163943594,28,-0.06006099,200,0.060344938,20,-0.20641511,43,1.357650474,0.614332102228889,0.16920378263242,0.206633741177189,1.18844669136758,"UGC"
"7","17",19.71,-0.140435414,117.33,-0.023017636,64,-0.177123521,60,-1.21811453,27,-0.365597421,198,-0.062127169,25,1.236134677,38,0.162183131,-0.445963277014968,0.0309341619959566,0.037777179234443,0.131248969004044,"EAC"
"10","21",20.3,0.449564586,105.33,-0.670210627,77.33,0.605078838,70,0.352641611,28,-0.06006099,201,0.123249075,21,0.053831952,34,-0.714855583,0.0568622079727051,0.0951163179755993,0.116157217791788,-0.809971900975598,"UPC"
"11","22",18.16,-1.690435414,101.33,-0.885941623,44,-1.22945327,61,-1.090377422,21,-1.565930506,177,-1.106126956,9,-2.175313416,29,-1.708854315,-1.19292570524592,-1.25487196182844,-1.53246507929288,-0.453982353171561,"EPC"
"12","23",16.85,-3.000435414,126.67,0.480714241,72,0.285205615,67,-0.191012637,22,-1.42828288,187,-0.660900309,20,-0.20641511,35,-0.502320313,-0.213343915252758,-0.482558724013608,-0.589306650998963,-0.0197615889863919,"EAC"
"13","24",24.85,4.999564586,141.82,1.297795391,96.32,1.815736402,75,1.41646007,32,1.571361153,195,-0.237709099,20,-0.20641511,36,-0.285282158,1.52533825394862,0.339934922122417,0.415132709339149,-0.625217080122414,"UPC"
"16","28",22.23,2.379564586,150,1.738965279,81.33,0.851076664,76,1.654750487,31,1.09549979,218,1.378008433,22,0.328114835,42,1.109884717,1.33507305496108,1.16795353849874,1.42631923131204,-0.0580688214987412,"EAC"
"17","30",18.44,-1.410435414,122.67,0.264983244,77.33,0.605078838,69,0.163943594,29,0.283170289,198,-0.062127169,23,0.616530895,34,-0.714855583,0.329293991221087,0.126475628431807,0.154453593554998,-0.841331211431805,"UPC"
"18","31",22.55,2.699564586,164.21,2.505349645,99.47,2.026628239,74,1.18696091,32,1.571361153,220,1.550624395,28,2.273784504,44,1.609702791,1.82257498670147,1.68832344863399,2.06180136802025,-0.0786206576339898,"EAC"
"19","32",20.23,0.379564586,122.67,0.264983244,60,-0.399879622,62,-0.95661663,27,-0.365597421,165,-1.533825501,15,-1.30080831,33,-0.922856738,-0.36427760726332,-1.08770740954196,-1.32832167130591,0.164850671541962,"EPC"
"20","33",19.13,-0.720435414,116,-0.094748193,57.33,-0.545306417,64,-0.670294899,24,-1.085442292,162,-1.62473084,20,-0.20641511,29,-1.708854315,-0.59894795025422,-1.0517221565645,-1.28437603761975,-0.657132158435504,"EPC"
"21","34",19.33,-0.520435414,113.33,-0.238748633,68,0.051303916,65,-0.517363198,30,0.667255005,179,-1.023984842,20,-0.20641511,30,-1.519325758,-0.00938822753186752,-0.575829704146333,-0.703210319510865,-0.943496053853666,"UPC"
"22","35",21.55,1.699564586,98.67,-1.029402736,16,-2.386736146,53,-1.958344773,11,-2.162003537,180,-0.981662485,9,-2.175313416,35,-0.502320313,-1.88412179798105,-1.32134958677954,-1.61364837280083,0.819029273779543,"EPC"
"24","37",22.3,2.449564586,118.67,0.049252248,77.33,0.605078838,75,1.41646007,31,1.09549979,209,0.668454285,21,0.053831952,37,-0.063771287,0.791572736457608,0.610921099609267,0.746064363406113,-0.674692386609265,"UPC"
"25","40",16.63,-3.220435414,122.67,0.264983244,60,-0.399879622,63,-0.816650502,24,-1.085442292,178,-1.06546898,15,-1.30080831,32,-1.126291415,-0.509247293003686,-0.942017623318109,-1.1504035118527,-0.184273791681891,"EPC"
"26","41",23.17,3.319564586,106.67,-0.597940743,77.33,0.605078838,70,0.352641611,30,0.667255005,205,0.386326069,21,0.053831952,42,1.109884717,0.256758677712992,0.33346633023308,0.407233185336578,0.776418386766922,"UGC"
"27","42",21.09,1.239564586,121.3333333,0.192893134,70.67,0.206837223,65,-0.517363198,29,0.283170289,183,-0.849543905,23,0.616530895,32,-1.126291415,0.0413843619738699,-0.318236734673487,-0.388634615855995,-0.808054680326512,"UPC"
"31","50",18.92,-0.930435414,168.65,2.744811052,105.45,2.434424177,74,1.18696091,32,1.571361153,213,0.97061074,22,0.328114835,37,-0.063771287,1.98438932295009,1.07696791246103,1.31520646533917,-1.14073919946102,"UPC"
"32","51",23.03,3.179564586,128,0.552444797,61.33,-0.326455533,68,-0.017208171,29,0.283170289,202,0.187284574,17,-0.903974275,38,0.162183131,0.122987845477001,0.0468878152628106,0.0572599768921464,0.11529531573719,"EAC"
"34","54",23.66,3.809564586,143.72,1.400267615,83.72,1.000422515,73,0.966039424,32,1.571361153,209,0.668454285,21,0.053831952,40,0.62731058,1.23452267670375,0.753134314851742,0.919736891602341,-0.125823734851739,"EAC"
"37","61",22.6,2.749564586,137.33,1.055637347,81.33,0.851076664,74,1.18696091,31,1.09549979,213,0.97061074,24,0.919173977,41,0.866429766,1.04729367770968,0.972930242116045,1.18815438227043,-0.106500476116042,"EAC"
"41","68",22.82,2.969564586,141.82,1.297795391,90,1.40102096,72,0.753484457,31,1.09549979,208,0.596083262,23,0.616530895,38,0.162183131,1.13695014945817,0.760018097404416,0.928143451551342,-0.597834966404414,"UPC"
"43","70",24.9,5.049564586,125.33,0.408444357,81.33,0.851076664,70,0.352641611,30,0.667255005,193,-0.349510156,19,-0.452727525,33,-0.922856738,0.569854409214744,-0.013190305786682,-0.0161081637138762,-0.909666432213316,"UPC"
"47","76",18.16,-1.690435414,116,-0.094748193,79.43,0.733604132,63,-0.816650502,32,1.571361153,154,-1.83939087,16,-1.109133369,32,-1.126291415,0.348391647453122,-1.05921838585329,-1.29353052505823,-0.0670730291467079,"EPC"
"49","78",19.8,-0.050435414,88,-1.60486517,48,-1.031821158,61,-1.090377422,28,-0.06006099,151,-1.910245248,16,-1.109133369,30,-1.519325758,-0.946781185019659,-1.41967918496142,-1.73372968791384,-0.0996465730385753,"EPC"
"51","80",20.66,0.809564586,106.67,-0.597940743,53.33,-0.758110338,55,-1.772627754,16,-1.999626457,166,-1.5021797,16,-1.109133369,29,-1.708854315,-1.28207632299062,-1.28362665562045,-1.56758066513947,-0.425227659379549,"EPC"
"52","81",19.36,-0.490435414,90.67,-1.46086473,46.67,-1.098294039,60,-1.21811453,26,-0.636451412,171,-1.333387148,16,-1.109133369,36,-0.285282158,-1.10343117776084,-1.16868238203735,-1.42720930400528,0.883400224037345,"EPC"
"53","83",23.83,3.979564586,138.67,1.127907231,89.6,1.375158554,75,1.41646007,30,0.667255005,218,1.378008433,25,1.236134677,43,1.357650474,1.14669521496272,1.28011662825028,1.5632941765324,0.0775338457497246,"EAC"
"54","84",21.01,1.159564586,96,-1.173403176,36,-1.603161109,59,-1.340007112,19,-1.784567601,180,-0.981662485,13,-1.64421882,36,-0.285282158,-1.47528474949153,-1.13954605797343,-1.39162766657519,0.854263899973433,"EPC"
"57","87",22.56,2.709564586,124,0.336713801,53.33,-0.758110338,69,0.163943594,25,-0.875491098,213,0.97061074,27,1.913356464,43,1.357650474,-0.283236010255855,0.762054985450215,0.930630924294036,0.595595488549786,"UGC"
"58","88",22.61,2.759564586,133.33,0.839906351,74.67,0.444292033,74,1.18696091,32,1.571361153,218,1.378008433,22,0.328114835,39,0.392552867,1.01063011170463,1.08640063236354,1.32672581894103,-0.693847765363538,"UPC"
"59","89",17.37,-2.480435414,110.67,-0.382209746,61.33,-0.326455533,60,-1.21811453,27,-0.365597421,180,-0.981662485,14,-1.479125651,36,-0.285282158,-0.573094307515276,-0.93033606189139,-1.13613784531251,0.64505390389139,"EPC"
"60","90",20.5,0.649564586,105.33,-0.670210627,56,-0.616746975,67,-0.191012637,22,-1.42828288,192,-0.403876086,22,0.328114835,36,-0.285282158,-0.726563279751564,-0.346961626339693,-0.423713806979877,0.0616794683396925,"EAC"
"63","94",22.08,2.229564586,154.5,1.981662651,76.36,0.546183548,74,1.18696091,30,0.667255005,219,1.463610119,23,0.616530895,39,0.392552867,1.09551552846987,1.18873958541226,1.45170340754714,-0.796186718412255,"UPC"
"64","95",23.31,3.459564586,155.77,2.050157242,90,1.40102096,72,0.753484457,30,0.667255005,206,0.45503442,23,0.616530895,36,-0.285282158,1.21797941596628,0.716492207210733,0.874989098919346,-1.00177436521073,"UPC"
"65","97",20.24,0.389564586,125.33,0.408444357,74.67,0.444292033,73,0.966039424,29,0.283170289,210,0.742076925,25,1.236134677,37,-0.063771287,0.525486525721231,0.721619725080045,0.881250886828554,-0.785391012080044,"UPC"
"66","98",22.16,2.309564586,106.67,-0.597940743,66.67,-0.025265026,63,-0.816650502,28,-0.06006099,190,-0.509606741,17,-0.903974275,35,-0.502320313,-0.374979315272205,-0.465332352802743,-0.568269594528954,-0.0369879601972562,"EAC"
"67","99",23.9,4.049564586,117.33,-0.023017636,69.33,0.12847793,64,-0.670294899,30,0.667255005,158,-1.736918429,14,-1.479125651,30,-1.519325758,0.0256050999685947,-1.05460928350267,-1.28790183255885,-0.46471647449733,"EPC"
"68","100",18.07,-1.780435414,133.33,0.839906351,83.59,0.992254335,66,-0.357666301,29,0.283170289,193,-0.349510156,26,1.567500578,38,0.162183131,0.439416168471542,0.143754061721847,0.175554228876651,0.0184290692781542,"EAC"
"69","101",24.35,4.499564586,108,-0.526210186,29.33,-1.890640673,48,-2.34381212,0,-2.20725162,184,-0.803745937,19,-0.452727525,27,-2.073745419,-1.74197864973094,-0.884544775231036,-1.08021696264276,-1.18920064376897,"EPC"
"73","108",21.86,2.009564586,89.33,-1.533134614,21.33,-2.202354732,55,-1.772627754,26,-0.636451412,153,-1.863564532,20,-0.20641511,36,-0.285282158,-1.53614212800459,-1.38493919302881,-1.69130478233691,1.09965703502881,"EPC"
"74","110",17.96,-1.890435414,129.33,0.624175354,76,0.524401914,71,0.549087282,30,0.667255005,204,0.318808273,18,-0.685210621,43,1.357650474,0.591229888716801,0.191799850994061,0.23422833787462,1.16585062300594,"UGC"
"75","111",23.55,3.699564586,137.33,1.055637347,70.67,0.206837223,73,0.966039424,28,-0.06006099,211,0.816966741,17,-0.903974275,40,0.62731058,0.542113250979082,0.496996965061742,0.606938808613602,0.130313614938259,"EAC"
"76","112",23.62,3.769564586,117.33,-0.023017636,65.33,-0.101790656,70,0.352641611,31,1.09549979,204,0.318808273,25,1.236134677,42,1.109884717,0.330833277212512,0.503906728641563,0.615377096912616,0.605977988358439,"UGC"
"77","113",19.64,-0.210435414,147.25,1.590650219,89.42,1.363535662,76,1.654750487,30,0.667255005,222,1.728957879,21,0.053831952,40,0.62731058,1.31904784321384,1.26261111069117,1.54191622310739,-0.635300530691163,"UPC"
"79","115",22.14,2.289564586,98.67,-1.029402736,18.67,-2.296928754,52,-2.04413141,19,-1.784567601,130,-2.283342777,18,-0.685210621,29,-1.708854315,-1.78875762523654,-1.73961675855836,-2.12444138919146,0.030762443558362,"EPC"
"85","122",23.2,3.349564586,112,-0.31047919,72,0.285205615,72,0.753484457,30,0.667255005,209,0.668454285,27,1.913356464,41,0.866429766,0.348866471714945,0.786161027698291,0.960069519679777,0.0802687383017102,"EAC"
"87","124",20.42,0.569564586,151.13,1.799909286,77.33,0.605078838,73,0.966039424,32,1.571361153,213,0.97061074,23,0.616530895,44,1.609702791,1.23559717520699,0.942453711358011,1.15093606793605,0.667249079641992,"UGC"
"88","125",22.21,2.359564586,130.67,0.696445238,78.67,0.686930016,76,1.654750487,31,1.09549979,223,1.820310973,24,0.919173977,43,1.357650474,1.0334063827088,1.4055674214012,1.7164962286314,-0.0479169474012026,"EAC"
"91","128",19.22,-0.630435414,155.51,2.036134727,100.61,2.103623368,74,1.18696091,28,-0.06006099,215,1.129513136,22,0.328114835,41,0.866429766,1.31666450372194,0.984014179415029,1.20169022287287,-0.117584413415026,"EAC"
"95","133",22.58,2.729564586,137.33,1.055637347,77.33,0.605078838,76,1.654750487,31,1.09549979,216,1.210976399,26,1.567500578,42,1.109884717,1.1027416154603,1.2105779891381,1.47837273486929,-0.100693272138102,"EAC"
"101","142",16.15,-3.700435414,137.33,1.055637347,68,0.051303916,69,0.163943594,27,-0.365597421,212,0.893139414,22,0.328114835,39,0.392552867,0.22632185898517,0.515331443889585,0.629329099739238,-0.122778576889584,"EAC"
"103","144",24.99,5.139564586,137.33,1.055637347,80,0.768728188,75,1.41646007,31,1.09549979,215,1.129513136,26,1.567500578,42,1.109884717,1.08408134870978,1.20267610045098,1.46872285118248,-0.0927913834509777,"EAC"
"104","145",23.18,3.329564586,101.33,-0.885941623,77.33,0.605078838,75,1.41646007,31,1.09549979,217,1.293802699,22,0.328114835,46,2.126573476,0.557774268704802,0.929338090618737,1.13491911051919,1.19723538538126,"UGC"
"107","148",21.72,1.869564586,110.67,-0.382209746,64,-0.177123521,66,-0.357666301,28,-0.06006099,191,-0.45723712,18,-0.685210621,35,-0.502320313,-0.244265139521413,-0.376928494687304,-0.460309715307945,-0.125391818312695,"EAC"
"110","152",16.18,-3.670435414,112,-0.31047919,81.61,0.868482809,76,1.654750487,30,0.667255005,220,1.550624395,24,0.919173977,42,1.109884717,0.720002277710687,1.0811323762382,1.32029215974197,0.0287523407618004,"EAC"
"111","153",22.76,2.909564586,138.67,1.127907231,74.67,0.444292033,69,0.163943594,29,0.283170289,206,0.45503442,21,0.053831952,42,1.109884717,0.504828286724504,0.42966494395858,0.524712116012566,0.680219773041421,"UGC"
"112","154",16.69,-3.160435414,117.33,-0.023017636,66.67,-0.025265026,63,-0.816650502,27,-0.365597421,194,-0.29412573,16,-1.109133369,31,-1.325126042,-0.307632646266308,-0.455616032900528,-0.556403905118135,-0.869510009099472,"UPC"
"113","155",20.39,0.539564586,112,-0.31047919,50.67,-0.896150701,57,-1.566962831,19,-1.784567601,85,-2.608505026,7,-2.365674841,35,-0.502320313,-1.13954008074227,-2.01540515436094,-2.46123757135042,1.51308484136094,"EPC"
"114","157",18.45,-1.400435414,159.88,2.271820841,80,0.768728188,73,0.966039424,31,1.09549979,204,0.318808273,24,0.919173977,43,1.357650474,1.27552206071406,0.62682552625398,0.76548704490719,0.730824947746023,"UGC"
"117","160",23.38,3.529564586,141.82,1.297795391,77.33,0.605078838,75,1.41646007,28,-0.06006099,208,0.596083262,24,0.919173977,43,1.357650474,0.81481832722713,0.727660054137926,0.888627410992153,0.629990419862076,"UGC"
"120","163",21.66,1.809564586,112,-0.31047919,41.33,-1.357471503,59,-1.340007112,17,-1.94064961,169,-1.403060569,18,-0.685210621,36,-0.285282158,-1.23715185373808,-1.13949410381066,-1.39156421951239,0.85421194581066,"EPC"
"122","165",23.93,4.079564586,125.33,0.408444357,93.85,1.652304876,74,1.18696091,30,0.667255005,208,0.596083262,26,1.567500578,44,1.609702791,0.978741286959456,0.878766613756234,1.07316060076078,0.730936177243769,"UGC"
"123","166",24.15,4.299564586,116,-0.094748193,34.67,-1.662321893,56,-1.672371765,15,-2.047989792,160,-1.682078949,20,-0.20641511,34,-0.714855583,-1.36935791073393,-1.20759974071068,-1.47473566124285,0.492744157710683,"EPC"
"124","167",24.69,4.839564586,110.67,-0.382209746,64,-0.177123521,71,0.549087282,27,-0.365597421,228,2.299628726,23,0.616530895,40,0.62731058,-0.0939608515185024,1.34541796127623,1.64304096786867,-0.718107381276232,"UPC"
"125","168",24.16,4.309564586,118.67,0.049252248,73.33,0.364159236,74,1.18696091,30,0.667255005,197,-0.121723812,15,-1.30080831,40,0.62731058,0.566906849715015,-0.0352567080787912,-0.043055925690367,0.662567288078793,"UGC"
"126","169",20.55,0.699564586,117.33,-0.023017636,74.67,0.444292033,69,0.163943594,30,0.667255005,201,0.123249075,15,-1.30080831,40,0.62731058,0.313118248965808,-0.0355902858868429,-0.0434632950137856,0.662900865886844,"UGC"
"128","171",21.86,2.009564586,85.33333333,-1.748685835,74.67,0.444292033,57,-1.566962831,23,-1.268890484,167,-1.469844157,15,-1.30080831,32,-1.126291415,-1.03506177926053,-1.20910087588932,-1.47656886599245,0.0828094608893212,"EPC"
"129","172",24.08,4.229564586,134.67,0.912176234,58.67,-0.472652869,73,0.966039424,31,1.09549979,218,1.378008433,25,1.236134677,42,1.109884717,0.625265644716376,1.14312135207094,1.39599385971979,-0.0332366350709426,"EAC"
"130","174",20.05,0.199564586,129.33,0.624175354,76,0.524401914,72,0.753484457,29,0.283170289,201,0.123249075,21,0.053831952,41,0.866429766,0.546308003471761,0.223456515879721,0.272887846525622,0.642973250120281,"UGC"
"132","177",24.19,4.339564586,133.33,0.839906351,68,0.051303916,73,0.966039424,31,1.09549979,208,0.596083262,18,-0.685210621,36,-0.285282158,0.738187370213459,0.478433941914078,0.584269416352671,-0.763716099914077,"UPC"
"133","178",16.04,-3.810435414,106.67,-0.597940743,65.33,-0.101790656,74,1.18696091,31,1.09549979,212,0.893139414,22,0.328114835,44,1.609702791,0.395682325209627,0.559354312331568,0.683090368322705,1.05034847866843,"UGC"
"134","180",18.97,-0.880435414,117.33,-0.023017636,66.67,-0.025265026,60,-1.21811453,26,-0.636451412,167,-1.469844157,19,-0.452727525,33,-0.922856738,-0.475712151012052,-0.977408691613992,-1.19362351989507,0.0545519536139922,"EPC"
"135","181",17.19,-2.660435414,101.33,-0.885941623,54.67,-0.687510039,66,-0.357666301,26,-0.636451412,190,-0.509606741,12,-1.796228991,37,-0.063771287,-0.641892343762425,-0.753700137858182,-0.920427881615954,0.689928850858182,"UGC"
"137","183",22.45,2.599564586,168.65,2.744811052,81.82,0.88155324,71,0.549087282,32,1.571361153,217,1.293802699,21,0.053831952,42,1.109884717,1.43670318170898,1.11385090419115,1.36024842863554,-0.00396618719114464,"EAC"
"138","184",21.6,1.749564586,148.57,1.661841448,91.58,1.503630532,76,1.654750487,29,0.283170289,222,1.728957879,26,1.567500578,44,1.609702791,1.27584818896858,1.51125419687097,1.84556221916854,0.0984485941290307,"EAC"
"139","185",20.45,0.599564586,141.82,1.297795391,77.33,0.605078838,76,1.654750487,30,0.667255005,211,0.816966741,22,0.328114835,44,1.609702791,1.05621993021687,0.770869743213437,0.941395614928209,0.838833047786565,"UGC"
"142","188",19.34,-0.510435414,132,0.768175794,66.67,-0.025265026,75,1.41646007,31,1.09549979,222,1.728957879,24,0.919173977,43,1.357650474,0.813717656963012,1.25135179584951,1.52816620929206,0.106298678150487,"EAC"
"143","189",22.95,3.099564586,126.67,0.480714241,89.76,1.385497933,74,1.18696091,32,1.571361153,223,1.820310973,25,1.236134677,46,2.126573476,1.1561335591987,1.49870751179684,1.83024005298594,0.627865964203162,"UGC"
"148","201",22.88,3.029564586,106.67,-0.597940743,62.67,-0.25182955,66,-0.357666301,25,-0.875491098,191,-0.45723712,16,-1.109133369,38,0.162183131,-0.520731923010542,-0.496571797393455,-0.606419588622432,0.658754928393456,"UGC"
"149","202",22.84,2.989564586,109.33,-0.45447963,28,-1.945098992,58,-1.456231828,20,-1.684010355,176,-1.14597072,20,-0.20641511,29,-1.708854315,-1.38495520123882,-0.953964498233329,-1.16499318248937,-0.754889816766672,"EPC"
"150","203",20.92,1.069564586,129.33,0.624175354,66.67,-0.025265026,68,-0.017208171,29,0.283170289,215,1.129513136,20,-0.20641511,45,1.8660181,0.216218111475664,0.633598482969513,0.773758262980311,1.23241961703049,"UGC"
"152","205",17.07,-2.780435414,88,-1.60486517,32,-1.778368566,58,-1.456231828,19,-1.784567601,152,-1.887179529,8,-2.276600906,32,-1.126291415,-1.65600829124176,-1.82039112268526,-2.22308403648302,0.694099707685263,"EPC"
"155","209",22.44,2.589564586,113.33,-0.238748633,64,-0.177123521,67,-0.191012637,27,-0.365597421,197,-0.121723812,22,0.328114835,37,-0.063771287,-0.243120553017043,-0.037222495804411,-0.045456569847265,-0.0265487911955883,"EAC"
"156","210",24.1,4.249564586,77.33,-2.180327604,4,-2.710230793,45,-2.527170305,9,-2.186870108,148,-1.976239132,6,-2.442757256,26,-2.249027569,-2.4011497024817,-1.9779703455713,-2.4155217222716,-0.271057223428702,"EPC"
"157","212",19.04,-0.810435414,129.33,0.624175354,101.67,2.175532587,76,1.654750487,32,1.571361153,224,1.91314443,23,0.616530895,44,1.609702791,1.50645489519441,1.48425603464099,1.81259173127725,0.125446756359011,"EAC"
"158","213",16.85,-3.000435414,120,0.120982804,65.33,-0.101790656,63,-0.816650502,27,-0.365597421,167,-1.469844157,14,-1.479125651,36,-0.285282158,-0.290763943765482,-1.11688534582525,-1.36395412609028,0.831603187825254,"EPC"
"160","215",22.35,2.499564586,126.67,0.480714241,69.33,0.12847793,68,-0.017208171,24,-1.085442292,198,-0.062127169,18,-0.685210621,29,-1.708854315,-0.123364573006873,-0.127956425502486,-0.156261961153382,-1.58089788949751,"UPC"
"161","216",16.95,-2.900435414,109.33,-0.45447963,77.33,0.605078838,69,0.163943594,31,1.09549979,204,0.318808273,20,-0.20641511,35,-0.502320313,0.352510647957838,0.182764199529167,0.223193889134166,-0.685084512529165,"UPC"
"162","217",23.23,3.379564586,120,0.120982804,61.33,-0.326455533,61,-1.090377422,25,-0.875491098,176,-1.14597072,17,-0.903974275,37,-0.063771287,-0.542835312256982,-0.824801425281562,-1.00725764862299,0.761030138281563,"EPC"
"163","218",22.4,2.549564586,138.67,1.127907231,77.73,0.629452628,73,0.966039424,32,1.571361153,217,1.293802699,22,0.328114835,42,1.109884717,1.07369010895485,1.05613245487845,1.28976194818707,0.0537522621215566,"EAC"
"165","220",18.92,-0.930435414,129.33,0.624175354,72,0.285205615,71,0.549087282,30,0.667255005,216,1.210976399,25,1.236134677,41,0.866429766,0.531430813968033,0.945895537599349,1.15513926848901,-0.0794657715993479,"EAC"
"166","221",18.02,-1.830435414,121.33,0.19271336,69.33,0.12847793,74,1.18696091,29,0.283170289,216,1.210976399,19,-0.452727525,40,0.62731058,0.447830622221903,0.653953396760642,0.798615934141844,-0.0266428167606407,"EAC"
"167","223",19.03,-0.820435414,121.33,0.19271336,93.85,1.652304876,73,0.966039424,32,1.571361153,203,0.25246606,25,1.236134677,40,0.62731058,1.09560470319677,0.60086551114256,0.733784355050094,0.0264450688574423,"EAC"
"168","224",21.88,2.029564586,120,0.120982804,73.33,0.364159236,62,-0.95661663,28,-0.06006099,116,-2.437412687,13,-1.64421882,29,-1.708854315,-0.13288389502186,-1.52061937276787,-1.85699908719616,-0.188234942232134,"EPC"
"169","225",18.46,-1.390435414,113.33,-0.238748633,76,0.524401914,76,1.654750487,30,0.667255005,215,1.129513136,25,1.236134677,45,1.8660181,0.651914693212675,0.928487978713559,1.13388094340111,0.937530121286443,"UGC"
"172","228",20.73,0.879564586,117.33,-0.023017636,64,-0.177123521,69,0.163943594,29,0.283170289,193,-0.349510156,24,0.919173977,43,1.357650474,0.0617431814742532,-0.0124489966562266,-0.0152028678829535,1.37009947065623,"UGC"
"177","233",21.52,1.669564586,116,-0.094748193,98.31,1.948647675,74,1.18696091,30,0.667255005,208,0.596083262,20,-0.20641511,40,0.62731058,0.927028849206419,0.55782303870848,0.681220358133931,0.0694875412915217,"EAC"
"178","234",20.18,0.329564586,97.33,-1.10167262,61.33,-0.326455533,70,0.352641611,31,1.09549979,205,0.386326069,15,-1.30080831,43,1.357650474,0.00500331196043366,0.012048560783027,0.0147138506713205,1.34560191321697,"UGC"
"179","235",20.93,1.079564586,121.33,0.19271336,58.67,-0.472652869,74,1.18696091,28,-0.06006099,208,0.596083262,20,-0.20641511,39,0.392552867,0.211740102729687,0.354565133985744,0.432999304071701,0.0379877330142574,"EAC"
"184","240",20.97,1.119564586,124,0.336713801,73.64,0.382645391,67,-0.191012637,26,-0.636451412,147,-1.997199648,17,-0.903974275,30,-1.519325758,-0.0270262142645028,-1.16595524473349,-1.42387889037606,-0.353370513266505,"EPC"
"186","242",20.1,0.249564586,120,0.120982804,68,0.051303916,62,-0.95661663,30,0.667255005,131,-2.269813349,21,0.053831952,33,-0.922856738,-0.0292687262801776,-1.17857248673708,-1.43928722154901,0.25571574873708,"EPC"
"188","244",19.33,-0.520435414,62.67,-2.970981707,40,-1.42003334,58,-1.456231828,17,-1.94064961,164,-1.56479225,13,-1.64421882,25,-2.419477502,-1.94697412124557,-1.59868052289969,-1.95232832417449,-0.820796979100308,"EPC"
"189","245",24.03,4.179564586,114.67,-0.166478749,83.18,0.96652674,76,1.654750487,31,1.09549979,218,1.378008433,19,-0.452727525,44,1.609702791,0.887574566954767,0.958752148864295,1.17083992034905,0.650950642135707,"UGC"
"190","246",16.21,-3.640435414,121.33,0.19271336,70.67,0.206837223,68,-0.017208171,29,0.283170289,171,-1.333387148,17,-0.903974275,33,-0.922856738,0.166378175223174,-0.845901652703513,-1.03302550596056,-0.0769550852964854,"EPC"
"191","247",18.11,-1.740435414,138.67,1.127907231,82.33,0.913352048,75,1.41646007,31,1.09549979,209,0.668454285,21,0.053831952,40,0.62731058,1.13830478470926,0.635900493937123,0.776569507097102,-0.00858991393712113,"EAC"
"192","248",23.55,3.699564586,118.67,0.049252248,64,-0.177123521,60,-1.21811453,23,-1.268890484,195,-0.237709099,15,-1.30080831,35,-0.502320313,-0.653719071752419,-0.43603505473942,-0.532491373670221,-0.0662852582605794,"EAC"
"195","251",16.27,-3.580435414,112,-0.31047919,61.33,-0.326455533,68,-0.017208171,28,-0.06006099,212,0.893139414,24,0.919173977,44,1.609702791,-0.178550971020902,0.496820558025912,0.606723378170995,1.11288223297409,"UGC"
"198","254",24.48,4.629564586,84,-1.820596167,41.33,-1.357471503,58,-1.456231828,25,-0.875491098,190,-0.509606741,16,-1.109133369,34,-0.714855583,-1.37744764900699,-0.729406743394857,-0.890760489399834,0.0145511603948563,"EAC"
"201","258",22.31,2.459564586,130.67,0.696445238,80,0.768728188,74,1.18696091,31,1.09549979,218,1.378008433,21,0.053831952,42,1.109884717,0.936908531459025,1.02018388623566,1.24586111386177,0.0897008307643388,"EAC"
"202","260",22.83,2.979564586,110.67,-0.382209746,45.33,-1.164505084,61,-1.090377422,24,-1.085442292,203,0.25246606,18,-0.685210621,37,-0.063771287,-0.930633636001308,-0.174579242819678,-0.213198319292126,0.110807955819678,"EAC"
"203","261",24.88,5.029564586,109.33,-0.45447963,53.33,-0.758110338,69,0.163943594,29,0.283170289,206,0.45503442,20,-0.20641511,35,-0.502320313,-0.191369021274048,0.236881329507365,0.289282394101956,-0.739201642507364,"UPC"
"204","262",18.26,-1.590435414,125.33,0.408444357,53.33,-0.758110338,65,-0.517363198,26,-0.636451412,205,0.386326069,20,-0.20641511,37,-0.063771287,-0.375870147757956,0.042369377345009,0.0517420049136327,-0.106140664345009,"EAC"
"205","263",16.51,-3.340435414,108,-0.526210186,45.33,-1.164505084,63,-0.816650502,30,0.667255005,178,-1.06546898,18,-0.685210621,38,0.162183131,-0.46002769177605,-0.837892674628133,-1.02324484339522,1.00007580562813,"EPC"
"206","264",16.51,-3.340435414,101.33,-0.885941623,56,-0.616746975,62,-0.95661663,24,-1.085442292,169,-1.403060569,21,0.053831952,35,-0.502320313,-0.886186880005827,-1.01776170085165,-1.24290311126554,0.515441387851651,"EPC"
"207","265",18.85,-1.000435414,120,0.120982804,88.5,1.304277502,73,0.966039424,30,0.667255005,201,0.123249075,25,1.236134677,29,-1.708854315,0.764638683710693,0.441006858526916,0.538563001630404,-2.14986117352691,"UPC"
"208","266",24.96,5.109564586,89.33,-1.533134614,50.67,-0.896150701,62,-0.95661663,28,-0.06006099,164,-1.56479225,21,0.053831952,36,-0.285282158,-0.861490733770328,-0.956513166578168,-1.16810564763002,0.671231008578169,"EPC"
"209","267",17.41,-2.440435414,126.67,0.480714241,58.67,-0.472652869,65,-0.517363198,24,-1.085442292,206,0.45503442,22,0.328114835,35,-0.502320313,-0.39868602950308,0.138593812776335,0.169252469374477,-0.640914125776335,"UPC"
"213","271",24.56,4.709564586,124,0.336713801,77.33,0.605078838,75,1.41646007,29,0.283170289,221,1.639068021,24,0.919173977,43,1.357650474,0.660355749469561,1.24878050439046,1.52502611652598,0.108869969609542,"EAC"
"214","272",19.6,-0.250435414,125.33,0.408444357,77.33,0.605078838,68,-0.017208171,32,1.571361153,198,-0.062127169,20,-0.20641511,38,0.162183131,0.641919044204182,0.106108215547187,0.12958065834671,0.0560749154528149,"EAC"
"215","273",23.02,3.169564586,134.67,0.912176234,81.82,0.88155324,75,1.41646007,29,0.283170289,214,1.049396635,23,0.616530895,44,1.609702791,0.873339958219863,0.928204155094813,1.13353433450583,0.681498635905189,"UGC"
"216","274",21.66,1.809564586,126.67,0.480714241,69.33,0.12847793,68,-0.017208171,30,0.667255005,206,0.45503442,21,0.053831952,36,-0.285282158,0.314809751219198,0.360169358921649,0.43984325251587,-0.645451516921648,"UPC"
"218","277",18.94,-0.910435414,145.71,1.507593785,105.88,2.464115871,69,0.163943594,31,1.09549979,207,0.524948415,17,-0.903974275,35,-0.502320313,1.30778825995415,0.476265218062413,0.581620944101791,-0.978585531062411,"UPC"
"219","278",22.11,2.259564586,138.67,1.127907231,83.18,0.96652674,75,1.41646007,31,1.09549979,217,1.293802699,27,1.913356464,37,-0.063771287,1.15159845770898,1.3113637106702,1.60145349803688,-1.3751349976702,"UPC"
"221","281",20.97,1.119564586,109.33,-0.45447963,70.67,0.206837223,72,0.753484457,31,1.09549979,219,1.463610119,23,0.616530895,45,1.8660181,0.40033545995907,0.98237872565383,1.19969298661764,0.883639374346171,"UGC"
"223","284",23.42,3.569564586,133.33,0.839906351,81.33,0.851076664,74,1.18696091,31,1.09549979,212,0.893139414,25,1.236134677,41,0.866429766,0.993360928709031,0.979206645602526,1.19581920343081,-0.112776879602524,"EAC"
"224","285",20.93,1.079564586,150.73,1.778336186,82.33,0.913352048,73,0.966039424,31,1.09549979,218,1.378008433,24,0.919173977,38,0.162183131,1.18830686196183,1.19595533211249,1.46051536619752,-1.03377220111249,"UPC"
"227","288",20.02,0.169564586,134.67,0.912176234,76,0.524401914,74,1.18696091,32,1.571361153,203,0.25246606,23,0.616530895,40,0.62731058,1.04872505270443,0.511065669143937,0.624119683135239,0.116244910856065,"EAC"
"228","290",23.15,3.299564586,129.33,0.624175354,50.67,-0.896150701,73,0.966039424,31,1.09549979,205,0.386326069,26,1.567500578,40,0.62731058,0.447390966717694,0.612851355701156,0.748421615894729,0.0144592242988455,"EAC"
"229","292",24.8,4.949564586,112,-0.31047919,66.67,-0.025265026,73,0.966039424,28,-0.06006099,218,1.378008433,26,1.567500578,45,1.8660181,0.142558554476179,1.07426823178638,1.31190958208335,0.791749868213625,"UGC"
"232","295",17.94,-1.910435414,112,-0.31047919,50.67,-0.896150701,62,-0.95661663,21,-1.565930506,177,-1.106126956,16,-1.109133369,33,-0.922856738,-0.932294256746101,-1.02727251809508,-1.25451783830102,0.104415780095078,"EPC"
"233","296",17.26,-2.590435414,141.82,1.297795391,83.18,0.96652674,75,1.41646007,31,1.09549979,210,0.742076925,26,1.567500578,41,0.866429766,1.19407049770949,0.903518009271705,1.10338730949686,-0.037088243271703,"EAC"
"236","322",17.25,-2.600435414,124,0.336713801,61.33,-0.326455533,64,-0.670294899,29,0.283170289,206,0.45503442,22,0.328114835,38,0.162183131,-0.0942165855227383,0.218356716565835,0.266659908857341,-0.056173585565834,"EAC"
"237","331",22.05,2.199564586,138.67,1.127907231,80,0.768728188,74,1.18696091,31,1.09549979,213,0.97061074,19,-0.452727525,41,0.866429766,1.04477402971032,0.756449863573887,0.923785880495187,0.109979902426115,"EAC"
"238","332",21.83,1.979564586,118.67,0.049252248,48,-1.031821158,67,-0.191012637,22,-1.42828288,204,0.318808273,23,0.616530895,38,0.162183131,-0.650466106747267,0.1155646685518,0.141128995104864,0.0466184624481999,"EAC"
"239","335",16.66,-3.190435414,154.5,1.981662651,93.33,1.618117635,72,0.753484457,31,1.09549979,218,1.378008433,25,1.236134677,42,1.109884717,1.36219113320911,1.22061567988613,1.49063088631106,-0.110730962886133,"EAC"
"243","1002",18.92,-0.930435414,137.3333333,1.055817121,77.33333333,0.605281744,75,1.41646007,30,0.667255005,223,1.820310973,28,2.273784504,44,1.609702791,0.936203484966473,1.52935801086655,1.867670819563,0.0803447801334483,"EAC"
"245","1005",17.83,-2.020435414,133.3333333,0.840086125,66.66666667,-0.025456162,60,-1.21811453,28,-0.06006099,202,0.187284574,25,1.236134677,35,-0.502320313,-0.115886389267331,0.219339712026422,0.267860355008245,-0.721660025026421,"UPC"
"246","1006",13.5,-6.350435414,69.33333333,-2.611609822,24,-2.102675765,41,-2.723814756,16,-1.999626457,155,-1.814649061,17,-0.903974275,26,-2.249027569,-2.35943169998841,-1.82473682618613,-2.22839106306631,-0.42429074281387,"EPC"
"248","1010",23.5,3.649564586,117.3333333,-0.022837862,82.66666667,0.934387036,72,0.753484457,31,1.09549979,214,1.049396635,24,0.919173977,44,1.609702791,0.690133355206617,0.932125900404428,1.13832361812972,0.677576890595573,"UGC"
"250","1012",25,5.149564586,136,0.983906791,76,0.524401914,75,1.41646007,30,0.667255005,224,1.91314443,25,1.236134677,44,1.609702791,0.898005944966674,1.51091940982557,1.84515337310959,0.0987833811744357,"EAC"
"253","1016",21.33,1.479564586,138.6666667,1.127727457,78.66666667,0.686725704,74,1.18696091,31,1.09549979,214,1.049396635,27,1.913356464,42,1.109884717,1.02422846521074,1.13671238661474,1.38816715225099,-0.0268276696147392,"EAC"
"257","1024",24.25,4.399564586,124,0.336713801,72,0.285205615,73,0.966039424,29,0.283170289,201,0.123249075,21,0.053831952,44,1.609702791,0.467782282221835,0.271220325883418,0.331217598971503,1.33848246511658,"UGC"
"262","1035",17.42,-2.430435414,116,-0.094748193,62.66666667,-0.252015989,64,-0.670294899,28,-0.06006099,183,-0.849543905,24,0.919173977,39,0.392552867,-0.26928001776973,-0.416998075599162,-0.509243180519743,0.809550942599162,"UGC"
"263","1036",21.75,1.899564586,138.6666667,1.127727457,81.33333333,0.851283737,76,1.654750487,30,0.667255005,221,1.639068021,27,1.913356464,47,2.391346606,1.07525417146509,1.46471669853178,1.78873005361547,0.926629907468221,"UGC"
"264","1038",20.58,0.729564586,129.3333333,0.624355128,72,0.285205615,73,0.966039424,28,-0.06006099,197,-0.121723812,23,0.616530895,42,1.109884717,0.453884794227384,0.16429743323293,0.200642046924509,0.945587283767072,"UGC"
"265","1040",23.08,3.229564586,136,0.983906791,64,-0.177123521,64,-0.670294899,22,-1.42828288,174,-1.223262879,16,-1.109133369,31,-1.325126042,-0.3229486272482,-0.838962002684856,-1.02455071997473,-0.486164039315143,"EPC"
"267","1046",24.58,4.729564586,118.6666667,0.049072473,74.66666667,0.444091974,71,0.549087282,31,1.09549979,214,1.049396635,23,0.616530895,44,1.609702791,0.534437879709643,0.862128001054824,1.05284132221409,0.747574789945178,"UGC"
"269","1050",19.67,-0.180435414,138.6666667,1.127727457,80,0.768728188,75,1.41646007,31,1.09549979,216,1.210976399,27,1.913356464,43,1.357650474,1.10210387621,1.2147132832901,1.48342280696694,0.142937190709904,"EAC"
"272","1059",15,-4.850435414,97.33333333,-1.101492844,38.66666667,-1.481925512,60,-1.21811453,25,-0.875491098,167,-1.469844157,15,-1.30080831,30,-1.519325758,-1.16925599600452,-1.35813705818169,-1.65857368549743,-0.161188699818315,"EPC"
"276","1083",17.25,-2.600435414,122.6666667,0.26480347,69.33333333,0.128672103,73,0.966039424,26,-0.636451412,212,0.893139414,24,0.919173977,40,0.62731058,0.180765896234981,0.610157879464909,0.745132309575426,0.0171527005350923,"EAC"
"277","1085",18.75,-1.100435414,110.6666667,-0.38238952,57.33333333,-0.545126525,66,-0.357666301,28,-0.06006099,199,-0.001442346,22,0.328114835,40,0.62731058,-0.336310834019518,-0.0603917015485655,-0.073751088967905,0.687702281548566,"UGC"
"278","1087",16.5,-3.350435414,88,-1.60486517,36,-1.603161109,63,-0.816650502,24,-1.085442292,159,-1.709807215,16,-1.109133369,34,-0.714855583,-1.2775297682531,-1.45895333764468,-1.7816917663862,0.744097754644679,"EPC"
"279","1092",17.92,-1.930435414,120,0.120982804,61.33333333,-0.326270702,66,-0.357666301,22,-1.42828288,199,-0.001442346,21,0.053831952,40,0.62731058,-0.497809269750455,-0.159070452787752,-0.194258794090359,0.786381032787752,"UGC"
"281","1094",19.75,-0.100435414,137.3333333,1.055817121,82.66666667,0.934387036,72,0.753484457,31,1.09549979,204,0.318808273,21,0.053831952,39,0.392552867,0.959797100959853,0.432332210394123,0.527969414600773,-0.0397793433941208,"EAC"
"283","1096",18.25,-1.600435414,122.6666667,0.26480347,73.33333333,0.364357844,61,-1.090377422,28,-0.06006099,159,-1.709807215,18,-0.685210621,34,-0.714855583,-0.130319274521243,-1.05586295086141,-1.28943282656203,0.341007367861407,"EPC"
"284","1097",18.83,-1.020435414,124,0.336713801,73.33333333,0.364357844,70,0.352641611,31,1.09549979,202,0.187284574,25,1.236134677,39,0.392552867,0.53730326146119,0.41253011457759,0.503786851551498,-0.0199772475775886,"EAC"
"285","1098",18.92,-0.930435414,128,0.552444797,74.66666667,0.444091974,73,0.966039424,32,1.571361153,209,0.668454285,24,0.919173977,40,0.62731058,0.883484336954076,0.710670510028584,0.867879570692361,-0.0833599300285818,"EAC"
"286","1099",17.5,-2.350435414,109.3333333,-0.454299856,60,-0.399879622,60,-1.21811453,27,-0.365597421,145,-2.037618066,18,-0.685210621,32,-1.126291415,-0.609472857265114,-1.36868158684203,-1.67145079363366,0.242390171842029,"EPC"
"288","1106",18.58,-1.270435414,112,-0.31047919,65.33333333,-0.101601071,61,-1.090377422,26,-0.636451412,184,-0.803745937,19,-0.452727525,34,-0.714855583,-0.534727273762699,-0.652663850811992,-0.797041124759683,-0.0621917321880078,"EAC"
"289","1108",16.25,-3.600435414,100,-0.95767218,77.33333333,0.605281744,68,-0.017208171,30,0.667255005,214,1.049396635,25,1.236134677,44,1.609702791,0.074414099462426,0.694146154181336,0.847699824021754,0.915556636818665,"UGC"
"290","1118",21.83,1.979564586,134.6666667,0.91199646,76,0.524401914,75,1.41646007,32,1.571361153,219,1.463610119,26,1.567500578,47,2.391346606,1.10605489920411,1.33080555368323,1.6251961159301,1.06054105231677,"UGC"
"293","1126",23.5,3.649564586,138.6666667,1.127727457,84,1.018032901,75,1.41646007,32,1.571361153,220,1.550624395,22,0.328114835,47,2.391346606,1.28339539520222,1.26479272348533,1.54458043549343,1.12655388251467,"UGC"
"295","1128",18.42,-1.430435414,122.6666667,0.26480347,62.66666667,-0.252015989,70,0.352641611,28,-0.06006099,211,0.816966741,26,1.567500578,40,0.62731058,0.0763420254799262,0.659139439197867,0.804949192973451,-0.031828859197866,"EAC"
"296","1129",22.67,2.819564586,62.66666667,-2.971161482,52,-0.82748417,76,1.654750487,31,1.09549979,215,1.129513136,24,0.919173977,44,1.609702791,-0.262098843794404,0.70255652314963,0.8579706700841,0.90714626785037,"UGC"
"298","1140",20.33,0.479564586,129.3333333,0.624355128,78.66666667,0.686725704,68,-0.017208171,31,1.09549979,203,0.25246606,23,0.616530895,42,1.109884717,0.597343112710906,0.394011778046444,0.481172031136467,0.715872938953557,"UGC"
"299","1142",22.17,2.319564586,124,0.336713801,64,-0.177123521,61,-1.090377422,26,-0.636451412,195,-0.237709099,24,0.919173977,37,-0.063771287,-0.391809638510368,-0.053259625460999,-0.065041309899176,-0.0105116615390006,"EAC"
"304","1153",20,0.149564586,96,-1.173403176,54.66666667,-0.687686531,62,-0.95661663,28,-0.06006099,166,-1.5021797,21,0.053831952,29,-1.708854315,-0.719441831770323,-0.966946004861343,-1.18084635810346,-0.741908310138657,"EPC"
"307","1160",20.42,0.569564586,62.66666667,-2.971161482,42.66666667,-1.293782073,62,-0.95661663,22,-1.42828288,201,0.123249075,26,1.567500578,36,-0.285282158,-1.66246076625391,-0.140048153250971,-0.17102852785226,-0.145234004749031,"EAC"
"308","1161",21.58,1.729564586,126.6666667,0.480534467,68,0.051303916,63,-0.816650502,31,1.09549979,199,-0.001442346,23,0.616530895,38,0.162183131,0.20267191771486,0.175431093656832,0.214238610018878,-0.0132479626568306,"EAC"
"309","1163",22,2.149564586,118.6666667,0.049072473,64,-0.177123521,67,-0.191012637,26,-0.636451412,193,-0.349510156,21,0.053831952,41,0.866429766,-0.238878774262482,-0.203348266472966,-0.248331404941618,1.06977803247297,"UGC"
"313","1176",21.75,1.899564586,118.6666667,0.049072473,62.66666667,-0.252015989,66,-0.357666301,28,-0.06006099,201,0.123249075,21,0.053831952,37,-0.063771287,-0.155167701769733,0.061565341965075,0.0751843530881538,-0.125336628965074,"EAC"
"314","1178",22.67,2.819564586,109.3333333,-0.454299856,66.66666667,-0.025456162,63,-0.816650502,28,-0.06006099,189,-0.560998323,15,-1.30080831,35,-0.502320313,-0.339116877521773,-0.533836487075056,-0.651927686153431,0.0315161740750565,"EAC"
"315","1179",20.75,0.899564586,101.3333333,-0.885761849,82.66666667,0.934387036,73,0.966039424,32,1.571361153,202,0.187284574,23,0.616530895,39,0.392552867,0.646506440947235,0.380249165671836,0.464364959574183,0.0123037013281656,"EAC"
"318","1183",16.67,-3.180435414,138.6666667,1.127727457,78.66666667,0.686725704,67,-0.191012637,30,0.667255005,205,0.386326069,24,0.919173977,42,1.109884717,0.572673882218504,0.442565804823334,0.540466806028325,0.667318912176668,"UGC"
"319","1185",23.67,3.819564586,137.3333333,1.055817121,74.66666667,0.444091974,73,0.966039424,32,1.571361153,214,1.049396635,21,0.053831952,41,0.866429766,1.00932741795559,0.89087908264598,1.08795249679655,-0.024449316645978,"EAC"
"324","1191",15.83,-4.020435414,97.33333333,-1.101492844,53.33333333,-0.757935589,57,-1.566962831,26,-0.636451412,174,-1.223262879,19,-0.452727525,29,-1.708854315,-1.01571066901103,-1.04663195649909,-1.27815982267182,-0.662222358500911,"EPC"
"329","1201",25.25,5.399564586,118.6666667,0.049072473,68,0.051303916,73,0.966039424,29,0.283170289,214,1.049396635,24,0.919173977,45,1.8660181,0.337396525472177,0.865427987051602,1.05687130571524,1.0005901129484,"UGC"
"334","1209",14.83,-5.020435414,126.6666667,0.480534467,72,0.285205615,70,0.352641611,29,0.283170289,201,0.123249075,26,1.567500578,39,0.392552867,0.350387995473119,0.312791917648233,0.381985338317155,0.0797609493517685,"EAC"
"335","1210",16,-3.850435414,97.33333333,-1.101492844,57.33333333,-0.545126525,60,-1.21811453,22,-1.42828288,169,-1.403060569,18,-0.685210621,33,-0.922856738,-1.0732541947518,-1.18814596753765,-1.45097847409146,0.265289229537649,"EPC"
"338","4003",18.75,-1.100435414,130.6666667,0.696265464,73.33333333,0.364357844,71,0.549087282,30,0.667255005,210,0.742076925,21,0.053831952,36,-0.285282158,0.569241398717842,0.530790413097696,0.648207783137983,-0.816072571097694,"UPC"
"341","4009",16.34,-3.510435414,128,0.552444797,83.18181818,0.966640718,71,0.549087282,31,1.09549979,205,0.386326069,25,1.236134677,40,0.62731058,0.790918146708461,0.543971603660976,0.664304815230661,0.0833389763390261,"EAC"
"343","4012",14.09,-5.760435414,109.3333333,-0.454299856,46.66666667,-1.098459697,49,-2.275104054,18,-1.869517876,177,-1.106126956,18,-0.685210621,35,-0.502320313,-1.42434537073951,-1.15979814087053,-1.41635975938373,0.657477827870526,"EPC"
"344","4013",14.92,-4.930435414,129.3333333,0.624355128,80.27681661,0.785822434,71,0.549087282,30,0.667255005,217,1.293802699,24,0.919173977,41,0.866429766,0.656629962215455,0.909441952603637,1.11062170197996,-0.043012186603635,"EAC"
"347","4021",18.17,-1.680435414,134.6666667,0.91199646,118.0645161,3.32533162,75,1.41646007,30,0.667255005,208,0.596083262,14,-1.479125651,42,1.109884717,1.58026078870203,0.487734729674794,0.595627652799726,0.622149987325209,"UGC"
"349","4023",13.92,-5.930435414,109.3333333,-0.454299856,52,-0.82748417,64,-0.670294899,24,-1.085442292,183,-0.849543905,13,-1.64421882,35,-0.502320313,-0.759380304253845,-0.993466860428115,-1.21323395322502,0.491146547428115,"EPC"
"350","4026",17,-2.850435414,94.66666667,-1.245313509,61.33333333,-0.326270702,61,-1.090377422,24,-1.085442292,184,-0.803745937,18,-0.685210621,30,-1.519325758,-0.936850981258216,-0.82248196765424,-1.0044250984307,-0.69684379034576,"EPC"
"351","4029",18.5,-1.350435414,122.6666667,0.26480347,101.1428571,2.13973371,66,-0.357666301,28,-0.06006099,194,-0.29412573,16,-1.109133369,37,-0.063771287,0.496702472218591,-0.208214644121486,-0.254274285200215,0.144443357121487,"EAC"
"352","4030",16.92,-2.930435414,147.1428571,1.584871708,77.33333333,0.605281744,69,0.163943594,30,0.667255005,201,0.123249075,19,-0.452727525,38,0.162183131,0.755338012719802,0.152246045812959,0.185924744331146,0.00993708518704277,"EAC"
"353","4034",18.25,-1.600435414,113.3333333,-0.238568859,85.90909091,1.138733123,76,1.654750487,32,1.571361153,214,1.049396635,25,1.236134677,46,2.126573476,1.03156897594717,0.986023894600617,1.20414451178435,1.14054958139939,"UGC"
"356","4038",18.75,-1.100435414,190.4180653,3.918822658,115.4204158,3.135239297,75,1.41646007,32,1.571361153,219,1.463610119,25,1.236134677,44,1.609702791,2.51047079444968,1.61030179245565,1.96652036154384,-0.000599001455643233,"EAC"
"358","4040",15.67,-4.180435414,141.5286913,1.282084312,78.66666667,0.686725704,71,0.549087282,32,1.571361153,209,0.668454285,26,1.567500578,36,-0.285282158,1.02231461270559,0.792545965420372,0.967866884184043,-1.07782812342037,"UPC"
"359","4044",18.42,-1.430435414,122.6666667,0.26480347,70.66666667,0.206641551,69,0.163943594,26,-0.636451412,199,-0.001442346,23,0.616530895,41,0.866429766,-0.000265699264305246,0.068590003204921,0.0837629558232515,0.79783976279508,"UGC"
"360","4047",16.84,-3.010435414,122.6666667,0.26480347,68,0.051303916,61,-1.090377422,27,-0.365597421,201,0.123249075,21,0.053831952,37,-0.063771287,-0.284966864265459,-0.0542395055447164,-0.0662379515135167,-0.00953178145528327,"EAC"
"361","4048",18.25,-1.600435414,140.4545455,1.224152676,73.05080777,0.347537152,66,-0.357666301,30,0.667255005,196,-0.180246438,23,0.616530895,33,-0.922856738,0.470319632970773,0.0999609123712374,0.122073496073952,-1.02281765037124,"UPC"
"366","4060",18.67,-1.180435414,116,-0.094748193,78.66666667,0.686725704,71,0.549087282,32,1.571361153,210,0.742076925,26,1.567500578,41,0.866429766,0.678106486451464,0.787062639061575,0.961170578569733,0.079367126938427,"EAC"
"367","4062",15.09,-4.760435414,147.3885047,1.598120158,106.2394604,2.488974241,75,1.41646007,31,1.09549979,213,0.97061074,23,0.616530895,42,1.109884717,1.64976356470255,0.966949161312563,1.18085021280407,0.14293555568744,"EAC"
"373","4071",16.92,-2.930435414,124,0.336713801,73.33333333,0.364357844,71,0.549087282,30,0.667255005,198,-0.062127169,24,0.919173977,38,0.162183131,0.479353482966763,0.187718394329439,0.229244012778955,-0.0255352633294375,"EAC"
"375","4078",13.75,-6.100435414,94.66666667,-1.245313509,50.66666667,-0.8963219,66,-0.357666301,28,-0.06006099,181,-0.938489744,14,-1.479125651,32,-1.126291415,-0.639840675020297,-0.985382704557508,-1.20336148261119,-0.140908710442492,"EPC"
"376","4080",17.25,-2.600435414,88,-1.60486517,74.66666667,0.444091974,76,1.654750487,31,1.09549979,205,0.386326069,21,0.053831952,39,0.392552867,0.397369270203143,0.274240524425909,0.334905902591071,0.118312342574092,"EAC"
"377","4081",18.34,-1.510435414,138.6666667,1.127727457,85.67208272,1.123689117,74,1.18696091,31,1.09549979,216,1.210976399,26,1.567500578,42,1.109884717,1.13346931845849,1.14922236192958,1.40344448802387,-0.0393376449295739,"EAC"
"378","4083",15.34,-4.510435414,110.6666667,-0.38238952,69.33333333,0.128672103,68,-0.017208171,27,-0.365597421,202,0.187284574,25,1.236134677,45,1.8660181,-0.159130752269291,0.166722259592718,0.203603274709305,1.69929584040728,"UGC"
"379","4084",18.34,-1.510435414,125.3333333,0.408624131,77.86976952,0.637981352,71,0.549087282,32,1.571361153,208,0.596083262,25,1.236134677,40,0.62731058,0.791763479453225,0.686374540464822,0.838209033731905,-0.0590639604648204,"EAC"
"383","4092",17.67,-2.180435414,125.3333333,0.408624131,76,0.524401914,71,0.549087282,31,1.09549979,206,0.45503442,10,-2.061610351,38,0.162183131,0.644403279210308,0.0649762312967185,0.0793497731063573,0.097206899703283,"EAC"
"385","4097",15.5,-4.350435414,86.66666667,-1.676775502,57.33333333,-0.545126525,56,-1.672371765,20,-1.684010355,157,-1.763422571,15,-1.30080831,31,-1.325126042,-1.3945710367494,-1.56388558772502,-1.90983632123435,0.238759545725016,"EPC"
"387","4107",15.59,-4.260435414,109.3333333,-0.454299856,77.33333333,0.605281744,70,0.352641611,29,0.283170289,206,0.45503442,21,0.053831952,29,-1.708854315,0.196698446968666,0.22846646432318,0.279006057205444,-1.93732077932318,"UPC"
"389","4109",16.59,-3.260435414,134.6666667,0.91199646,68.18181818,0.06181847,69,0.163943594,26,-0.636451412,213,0.97061074,24,0.919173977,40,0.62731058,0.125326777988383,0.62468317442622,0.762870778496375,0.00262740557378102,"EAC"
"395","4123",16.25,-3.600435414,108,-0.526210186,65.33333333,-0.101601071,66,-0.357666301,26,-0.636451412,196,-0.180246438,24,0.919173977,32,-1.126291415,-0.405482242514365,-0.124290290821666,-0.151784832374315,-1.00200112417833,"UPC"
"396","4124",14.25,-5.600435414,110.6666667,-0.38238952,77.33333333,0.605281744,65,-0.517363198,28,-0.06006099,206,0.45503442,23,0.616530895,35,-0.502320313,-0.0886329910252228,0.214039863892579,0.261388115259702,-0.716360176892578,"UPC"
"397","4125",18.59,-1.260435414,117.3333333,-0.022837862,62.66666667,-0.252015989,66,-0.357666301,29,0.283170289,175,-1.185012116,19,-0.452727525,30,-1.519325758,-0.0873374657746352,-0.730121026889784,-0.891632781192135,-0.789204731110215,"UPC"
"398","4126",18.25,-1.600435414,136.576657,1.015007488,94.83488569,1.717265668,67,-0.191012637,31,1.09549979,211,0.816966741,17,-0.903974275,32,-1.126291415,0.90919007720701,0.509242537188083,0.621893251959566,-1.63553395218808,"UPC"
"399","4128",17.34,-2.510435414,146.513266,1.550916129,63.87410322,-0.184222114,72,0.753484457,29,0.283170289,205,0.386326069,19,-0.452727525,39,0.392552867,0.600837190228192,0.25443527941454,0.310719493706315,0.138117587585461,"EAC"
"401","4134",16.09,-3.760435414,98.66666667,-1.029582512,68,0.051303916,68,-0.017208171,30,0.667255005,204,0.318808273,24,0.919173977,35,-0.502320313,-0.0820579405349355,0.220673935992833,0.269489725731857,-0.722994248992833,"UPC"
"402","4138",14.84,-5.010435414,108,-0.526210186,72,0.285205615,65,-0.517363198,27,-0.365597421,202,0.187284574,21,0.053831952,34,-0.714855583,-0.280991297519834,-0.0526565016161423,-0.0643047676392103,-0.662199081383857,"UPC"
"403","4142",16.34,-3.510435414,112,-0.31047919,77.33333333,0.605281744,73,0.966039424,30,0.667255005,216,1.210976399,19,-0.452727525,34,-0.714855583,0.482024245713,0.635601066602125,0.776203842751552,-1.35045664960212,"UPC"
"407","4151",15.34,-4.510435414,105.3333333,-0.670030853,64,-0.177123521,63,-0.816650502,28,-0.06006099,172,-1.297438923,13,-1.64421882,32,-1.126291415,-0.430966466521638,-1.11467333921676,-1.36125279640423,-0.0116180757832426,"EPC"
"408","4155",15.25,-4.600435414,126.6666667,0.480534467,76,0.524401914,67,-0.191012637,29,0.283170289,190,-0.509606741,20,-0.20641511,39,0.392552867,0.274273508222643,-0.298052724269948,-0.363985654014123,0.690605591269949,"UGC"
"417","4172",13.84,-6.010435414,116,-0.094748193,72,0.285205615,66,-0.357666301,27,-0.365597421,172,-1.297438923,17,-0.903974275,33,-0.922856738,-0.133201575018761,-0.9471801308072,-1.15670802951608,0.0243233928072002,"EPC"
"419","4174",15.25,-4.600435414,105.3333333,-0.670030853,66.66666667,-0.025456162,72,0.753484457,30,0.667255005,211,0.816966741,22,0.328114835,39,0.392552867,0.181313111715467,0.448667281300868,0.547918004173141,-0.0561144143008668,"EAC"
"420","4177",14.5,-5.350435414,126.6666667,0.480534467,73.33333333,0.364357844,74,1.18696091,30,0.667255005,188,-0.611425129,18,-0.685210621,36,-0.285282158,0.674777056466308,-0.327217369325099,-0.39960187738716,0.0419352113251007,"EAC"
"421","4178",13.75,-6.100435414,72,-2.467789157,70.66666667,0.206641551,68,-0.017208171,30,0.667255005,202,0.187284574,24,0.919173977,37,-0.063771287,-0.40277519304005,0.0268939171862901,0.0328431825631062,-0.0906652041862901,"EAC"
"422","4179",16.34,-3.510435414,121.3333333,0.192893134,77.33333333,0.605281744,69,0.163943594,29,0.283170289,207,0.524948415,21,0.053831952,43,1.357650474,0.31132219022087,0.30824268119462,0.376429754787774,1.04940779280538,"UGC"
"425","4182",15.42,-4.430435414,128,0.552444797,78.66666667,0.686725704,67,-0.191012637,31,1.09549979,203,0.25246606,24,0.919173977,36,-0.285282158,0.535914413460932,0.342320283926591,0.418045742523071,-0.627602441926589,"UPC"
"426","4183",17.25,-2.600435414,104,-0.741941183,66.66666667,-0.025456162,67,-0.191012637,29,0.283170289,197,-0.121723812,24,0.919173977,37,-0.063771287,-0.168809923278192,-0.0133151301674063,-0.0162606007834127,-0.0504561568325931,"EAC"
"429","4189",16.09,-3.760435414,114.6666667,-0.166658523,69.15254237,0.118146116,66,-0.357666301,28,-0.06006099,200,0.060344938,20,-0.20641511,34,-0.714855583,-0.116559924522288,-0.0929943712493228,-0.11356587033842,-0.621861211750676,"UPC"
"431","4191",15.34,-4.510435414,122.6666667,0.26480347,66.66666667,-0.025456162,67,-0.191012637,28,-0.06006099,172,-1.297438923,23,0.616530895,30,-1.519325758,-0.00293157977048523,-0.658122979758488,-0.803707880196375,-0.861202778241511,"UPC"
"434","4195",17.17,-2.680435414,118.6666667,0.049072473,70.66666667,0.206641551,66,-0.357666301,28,-0.06006099,167,-1.469844157,22,0.328114835,34,-0.714855583,-0.0405033167720966,-0.771532985585169,-0.942205574669329,0.0566774025851699,"EAC"
"435","4197",15.84,-4.010435414,121.3333333,0.192893134,72,0.285205615,60,-1.21811453,26,-0.636451412,194,-0.29412573,20,-0.20641511,32,-1.126291415,-0.344116798263004,-0.343406135548632,-0.419371797880308,-0.782885279451368,"UPC"
"436","4198",17.09,-2.760435414,86.66666667,-1.676775502,60,-0.399879622,69,0.163943594,27,-0.365597421,203,0.25246606,23,0.616530895,40,0.62731058,-0.569577237770703,0.0249943140518367,0.0305233638432529,0.602316265948163,"UGC"
"437","4199",15.17,-4.680435414,105.3333333,-0.670030853,64,-0.177123521,68,-0.017208171,26,-0.636451412,210,0.742076925,19,-0.452727525,33,-0.922856738,-0.375203489264881,0.14004563389797,0.171025451190921,-1.06290237189797,"UPC"
"439","4205",16.84,-3.010435414,126.6666667,0.480534467,68,0.051303916,71,0.549087282,31,1.09549979,209,0.668454285,23,0.616530895,43,1.357650474,0.544106363712961,0.539042117334335,0.658284865877876,0.818608356665667,"UGC"
"442","4208",18.67,-1.180435414,128,0.552444797,72,0.285205615,65,-0.517363198,28,-0.06006099,200,0.060344938,20,-0.20641511,37,-0.063771287,0.0650565559792309,-0.0014533994197739,-0.00177490925177942,-0.0623178875802252,"EAC"
"444","4213",17.42,-2.430435414,120,0.120982804,77.33333333,0.605281744,76,1.654750487,29,0.283170289,211,0.816966741,28,2.273784504,37,-0.063771287,0.666046330968581,0.908731554348514,1.10975415489031,-0.972502841348512,"UPC"
"446","4215",17.09,-2.760435414,122.6666667,0.26480347,72,0.285205615,68,-0.017208171,30,0.667255005,216,1.210976399,23,0.616530895,40,0.62731058,0.300013979717743,0.759820726624176,0.927902419926132,-0.132510146624175,"EAC"
"448","4219",15.25,-4.600435414,109.3333333,-0.454299856,62.66666667,-0.252015989,66,-0.357666301,31,1.09549979,186,-0.709436903,19,-0.452727525,35,-0.502320313,0.00787941096297984,-0.511400600757909,-0.624528705739561,0.00908028775790991,"EAC"
"450","4221",17.09,-2.760435414,120,0.120982804,70.66666667,0.206641551,66,-0.357666301,27,-0.365597421,201,0.123249075,25,1.236134677,38,0.162183131,-0.0989098417677094,0.178403413762722,0.217868443902587,-0.0162202827627211,"EAC"
"451","a1950019",24.08,4.229564586,112,-0.31047919,52,-0.82748417,63,-0.816650502,27,-0.365597421,162,-1.62473084,9,-2.175313416,37,-0.063771287,-0.580052820763037,-1.26200681790065,-1.54117825331307,1.19823553090065,"EPC"
"453","a1950022",22.75,2.899564586,94.66666667,-1.245313509,48,-1.031821158,61,-1.090377422,19,-1.784567601,165,-1.533825501,8,-2.276600906,32,-1.126291415,-1.28801992249504,-1.44333469372544,-1.76261808626564,0.317043278725441,"EPC"
"454","a1950023",18.42,-1.430435414,130.6666667,0.696265464,87.37864078,1.232385385,72,0.753484457,32,1.571361153,197,-0.121723812,20,-0.20641511,42,1.109884717,1.06337411470074,0.169710433881757,0.207252469916541,0.940174283118245,"UGC"
"457","a1950026",20.83,0.979564586,104,-0.741941183,53.33333333,-0.757935589,51,-2.125416301,20,-1.684010355,142,-2.09461981,10,-2.061610351,30,-1.519325758,-1.32732585699487,-1.74536503304763,-2.13146125272253,0.226039275047631,"EPC"
"458","a1950028",23.5,3.649564586,93.33333333,-1.317223841,20,-2.250253489,58,-1.456231828,20,-1.684010355,192,-0.403876086,16,-1.109133369,38,0.162183131,-1.67692987823984,-0.771452977880889,-0.942107868276475,0.933636108880888,"UGC"
"459","a1950029",19.5,-0.350435414,122.6666667,0.26480347,90.8607864,1.456833394,68,-0.017208171,31,1.09549979,185,-0.757047839,13,-1.64421882,38,0.162183131,0.699982120705859,-0.458659317373797,-0.560120401560409,0.620842448373798,"UGC"
"460","a1950030",19.42,-0.430435414,116,-0.094748193,70.66666667,0.206641551,66,-0.357666301,25,-0.875491098,189,-0.560998323,19,-0.452727525,32,-1.126291415,-0.280316010261395,-0.443512450158485,-0.541622860955265,-0.682778964841515,"UPC"
"461","a1950031",19.75,-0.100435414,82.66666667,-1.892506499,22.66666667,-2.15302727,58,-1.456231828,22,-1.42828288,178,-1.06546898,9,-2.175313416,33,-0.922856738,-1.73251211924556,-1.35357397179936,-1.65300118826469,0.430717233799356,"EPC"
"462","a1950032",24.25,4.399564586,108,-0.526210186,52,-0.82748417,63,-0.816650502,23,-1.268890484,180,-0.981662485,20,-0.20641511,34,-0.714855583,-0.859808835501352,-0.70306083171798,-0.858586537909064,-0.0117947512820201,"EAC"
"463","a1950033",19.33,-0.520435414,134.6666667,0.91199646,71.15821347,0.235536135,68,-0.017208171,29,0.283170289,163,-1.595090534,18,-0.685210621,38,0.162183131,0.353373678225184,-0.847443024529969,-1.03490784819953,1.00962615552997,"EPC"
"464","a1950034",24.92,5.069564586,97.33333333,-1.101492844,34.66666667,-1.662469051,61,-1.090377422,21,-1.565930506,163,-1.595090534,19,-0.452727525,30,-1.519325758,-1.35506745574434,-1.18287000387044,-1.44453540234743,-0.336455754129565,"EPC"
"466","a1950036",22,2.149564586,117.3333333,-0.022837862,65.33333333,-0.101601071,66,-0.357666301,27,-0.365597421,167,-1.469844157,24,0.919173977,30,-1.519325758,-0.211925663766553,-0.649476463982703,-0.793148648747252,-0.869849294017297,"UPC"
"467","a1950037",20.17,0.319564586,122.6666667,0.26480347,64,-0.177123521,74,1.18696091,28,-0.06006099,210,0.742076925,20,-0.20641511,43,1.357650474,0.30364496722838,0.443028760064642,0.541032172665052,0.914621713935359,"UGC"
"468","a1950038",23.58,3.729564586,121.3333333,0.192893134,53.33333333,-0.757935589,64,-0.670294899,20,-1.684010355,171,-1.333387148,5,-2.508095132,28,-1.89367398,-0.729836927244089,-1.2090818132239,-1.4765455864309,-0.684592166776095,"EPC"
"469","a1950039",18,-1.850435414,145.0023463,1.469428076,71.18412047,0.237061261,66,-0.357666301,29,0.283170289,187,-0.660900309,15,-1.30080831,38,0.162183131,0.407998331227322,-0.460459146236077,-0.562318374711496,0.622642277236078,"UGC"
"470","a1950040",21.75,1.899564586,112,-0.31047919,37.33333333,-1.542973852,53,-1.958344773,20,-1.684010355,145,-2.037618066,12,-1.796228991,32,-1.126291415,-1.37395204248976,-1.67316397945839,-2.04328843774261,0.546872564458388,"EPC"
"473","a1950044",19.42,-0.430435414,113.3333333,-0.238568859,62.66666667,-0.252015989,70,0.352641611,29,0.283170289,188,-0.611425129,18,-0.685210621,35,-0.502320313,0.03630676297373,-0.419148376100855,-0.511869153948962,-0.0831719368991444,"EAC"
"475","a1950047",18.17,-1.680435414,85.33333333,-1.748685835,48,-1.031821158,64,-0.670294899,24,-1.085442292,158,-1.736918429,16,-1.109133369,33,-0.922856738,-1.13406104600667,-1.40681684646976,-1.71802204189407,0.483960108469763,"EPC"
"476","a1950048",24,4.149564586,65.33333333,-2.827340818,16,-2.386736146,59,-1.340007112,18,-1.869517876,202,0.187284574,20,-0.20641511,27,-2.073745419,-2.10590048799129,-0.435199216422437,-0.531470637633656,-1.63854620257756,"UPC"
"477","a1950049",18.75,-1.100435414,85.33333333,-1.748685835,33.33333333,-1.720878369,64,-0.670294899,26,-0.636451412,191,-0.45723712,17,-0.903974275,37,-0.063771287,-1.19407762875925,-0.71572831651834,-0.874056226203607,0.651957029518339,"UGC"
"479","a1950052",19.75,-0.100435414,132,0.768175794,80,0.768728188,74,1.18696091,29,0.283170289,214,1.049396635,25,1.236134677,44,1.609702791,0.751758795220331,0.934952597203181,1.14177561503906,0.674750193796821,"UGC"
"480","a1950053",23.75,3.899564586,94.66666667,-1.245313509,34.66666667,-1.662469051,62,-0.95661663,21,-1.565930506,196,-0.180246438,21,0.053831952,39,0.392552867,-1.35758242399496,-0.389114974511429,-0.47519199440739,0.781667841511428,"UGC"
"483","a1950056",21.42,1.569564586,117.3333333,-0.022837862,57.33333333,-0.545126525,70,0.352641611,25,-0.875491098,206,0.45503442,23,0.616530895,42,1.109884717,-0.272703468508294,0.282044800662988,0.344436580752902,0.827839916337012,"UGC"
"484","a1950057",20.08,0.229564586,113.3333333,-0.238568859,50.66666667,-0.8963219,68,-0.017208171,27,-0.365597421,207,0.524948415,24,0.919173977,39,0.392552867,-0.379424087763579,0.313192656809042,0.38247472591089,0.0793602101909588,"EAC"
"485","a1950058",20.58,0.729564586,109.3333333,-0.454299856,45.33333333,-1.164341339,60,-1.21811453,25,-0.875491098,187,-0.660900309,19,-0.452727525,30,-1.519325758,-0.928061705754214,-0.651798841402428,-0.795984764625948,-0.867526916597572,"UPC"
"486","a1950059",17.83,-2.020435414,121.3333333,0.192893134,81.33333333,0.851283737,67,-0.191012637,30,0.667255005,189,-0.560998323,12,-1.796228991,40,0.62731058,0.380104809714852,-0.493404424312293,-0.602551553645456,1.12071500431229,"UGC"
"487","a1950060",17.83,-2.020435414,112,-0.31047919,50.66666667,-0.8963219,61,-1.090377422,22,-1.42828288,194,-0.29412573,24,0.919173977,36,-0.285282158,-0.931365347997794,-0.299982270120798,-0.366342039147645,0.0147001121207979,"EAC"
"488","a1950061",23.17,3.319564586,78.66666667,-2.108237496,18.66666667,-2.297044158,50,-2.202355887,12,-2.143033345,152,-1.887179529,15,-1.30080831,28,-1.89367398,-2.18766772148467,-1.71696572887662,-2.09677967305369,-0.176708251123386,"EPC"
"490","a1950063",24.08,4.229564586,98.66666667,-1.029582512,37.33333333,-1.542973852,61,-1.090377422,20,-1.684010355,175,-1.185012116,13,-1.64421882,32,-1.126291415,-1.33673603524313,-1.15757943639308,-1.41365025017771,0.0312880213930839,"EPC"
"491","a1950064",20.33,0.479564586,143.5803037,1.392733409,96.42301711,1.822589861,70,0.352641611,31,1.09549979,203,0.25246606,20,-0.20641511,39,0.392552867,1.16586616770684,0.423831635600874,0.51758840807513,-0.0312787686008713,"EAC"
"493","a1950068",20.67,0.819564586,152.866242,1.89354959,80.87091757,0.822590188,68,-0.017208171,28,-0.06006099,209,0.668454285,19,-0.452727525,39,0.392552867,0.65971765422979,0.472111947952271,0.576548919542889,-0.0795590809522691,"EAC"
"494","a1950069",16.42,-3.430435414,97.33333333,-1.101492844,49.33333333,-0.964437981,61,-1.090377422,23,-1.268890484,175,-1.185012116,21,0.053831952,32,-1.126291415,-1.10629968275199,-0.965173522229319,-1.17868178050522,-0.161117892770682,"EPC"
"495","a1950071",19.42,-0.430435414,84,-1.820596167,45.33333333,-1.164341339,63,-0.816650502,31,1.09549979,184,-0.803745937,19,-0.452727525,31,-1.325126042,-0.67652205453578,-0.677232004257388,-0.827044056025247,-0.647894037742611,"UPC"
"496","a1950072",24.58,4.729564586,76,-2.25205816,24,-2.102675765,57,-1.566962831,19,-1.784567601,182,-0.894454344,15,-1.30080831,32,-1.126291415,-1.92656608924188,-1.10580252942036,-1.3504196543375,-0.0204888855796414,"EPC"
"497","a1950073",17.08,-2.770435414,122.6666667,0.26480347,66.66666667,-0.025456162,63,-0.816650502,25,-0.875491098,166,-1.5021797,17,-0.903974275,28,-1.89367398,-0.363198573008482,-1.06287663864209,-1.29799802837379,-0.830797341357907,"EPC"
"500","a1950076",21.33,1.479564586,100,-0.95767218,36,-1.603161109,62,-0.95661663,21,-1.565930506,185,-0.757047839,21,0.053831952,29,-1.708854315,-1.2708451062444,-0.705996115114803,-0.862171142107975,-1.0028581998852,"UPC"
"501","a1950077",21.08,1.229564586,98.66666667,-1.029582512,38.66666667,-1.481925512,57,-1.566962831,14,-2.087161298,179,-1.023984842,16,-1.109133369,34,-0.714855583,-1.54140803823728,-1.09770134371176,-1.34052638667597,0.382845760711756,"EPC"
"502","a1950078",16.5,-3.350435414,118.6666667,0.049072473,73.33333333,0.364357844,67,-0.191012637,28,-0.06006099,190,-0.509606741,19,-0.452727525,35,-0.502320313,0.0405891724768591,-0.377871992041705,-0.461461925885603,-0.124448320958294,"EAC"
"503","a1950079",24.67,4.819564586,129.3333333,0.624355128,57.92903693,-0.512910495,71,0.549087282,25,-0.875491098,209,0.668454285,24,0.919173977,30,-1.519325758,-0.0537397957567911,0.551532591397849,0.673538386482704,-2.07085834939785,"UPC"
"505","a1950081",18.25,-1.600435414,80,-2.036327163,18.66666667,-2.297044158,47,-2.408628836,14,-2.087161298,136,-2.196404384,18,-0.685210621,28,-1.89367398,-2.20729036373493,-1.87148877518191,-2.28548511839973,-0.0221852048180915,"EPC"
"506","a1950083",21.08,1.229564586,109.3333333,-0.454299856,54.66666667,-0.687686531,65,-0.517363198,26,-0.636451412,170,-1.368590627,19,-0.452727525,32,-1.126291415,-0.573950249260907,-0.916555493236798,-1.11930884532018,-0.209735921763202,"EPC"
"507","a1950084",24.67,4.819564586,112,-0.31047919,52,-0.82748417,59,-1.340007112,19,-1.784567601,181,-0.938489744,13,-1.64421882,32,-1.126291415,-1.06563451824294,-0.946052324491714,-1.15533073856747,-0.180239090508287,"EPC"
"508","a1950085",19.33,-0.520435414,106.6666667,-0.598120517,60,-0.399879622,61,-1.090377422,25,-0.875491098,189,-0.560998323,17,-0.903974275,35,-0.502320313,-0.740967164758761,-0.637655368663715,-0.778712581701044,0.135335055663715,"EAC"
"509","a1950086",18.5,-1.350435414,94.66666667,-1.245313509,38.66666667,-1.481925512,62,-0.95661663,24,-1.085442292,176,-1.14597072,18,-0.685210621,37,-0.063771287,-1.19232448575245,-1.04531088112229,-1.27654650916761,0.981539594122285,"EPC"
"510","a1950088",18.33,-1.520435414,109.3333333,-0.454299856,56,-0.616746975,64,-0.670294899,28,-0.06006099,172,-1.297438923,20,-0.20641511,35,-0.502320313,-0.45035068001893,-0.854094547783307,-1.04303077023455,0.351774234783307,"EPC"
"511","a1950089",18.5,-1.350435414,96,-1.173403176,44,-1.22945327,60,-1.21811453,23,-1.268890484,162,-1.62473084,12,-1.796228991,29,-1.708854315,-1.22246536500066,-1.47040615104244,-1.79567808301899,-0.238448163957564,"EPC"
"512","a1950090",21.58,1.729564586,57.33333333,-3.258802812,1.333333333,-2.756473645,35,-2.933504459,3,-2.20688215,118,-2.419091514,12,-1.796228991,20,-3.197588586,-2.78891576648386,-2.25765541131083,-2.75707656570084,-0.939933174689176,"EPC"
"513","a1950091",20.33,0.479564586,77.33333333,-2.180147828,41.33333333,-1.357313685,66,-0.357666301,28,-0.06006099,188,-0.611425129,18,-0.685210621,34,-0.714855583,-0.988797201020726,-0.681597193373637,-0.832374878681784,-0.0332583896263636,"EAC"
"515","a1950093",22.42,2.569564586,116,-0.094748193,83.66816355,0.997164905,76,1.654750487,31,1.09549979,216,1.210976399,22,0.328114835,44,1.609702791,0.913166747204824,0.969858916890941,1.18440364211701,0.639843874109061,"UGC"
"516","a1950094",23.42,3.569564586,106.6666667,-0.598120517,64,-0.177123521,64,-0.670294899,25,-0.875491098,172,-1.297438923,18,-0.685210621,29,-1.708854315,-0.580257508760493,-0.877770494038252,-1.07194412710172,-0.831083820961748,"EPC"
"517","a1950095",24.25,4.399564586,98.66666667,-1.029582512,61.33333333,-0.326270702,59,-1.340007112,25,-0.875491098,137,-2.180517049,10,-2.061610351,24,-2.585050259,-0.892837856010088,-1.61635575520898,-1.97391353534052,-0.968694503791023,"EPC"
"518","a1950096",18.25,-1.600435414,121.3333333,0.192893134,49.33333333,-0.964437981,65,-0.517363198,22,-1.42828288,172,-1.297438923,12,-1.796228991,30,-1.519325758,-0.679297731246729,-1.15696699937095,-1.41290233455107,-0.362358758629047,"EPC"
"519","a1950097",24.42,4.569564586,117.3333333,-0.022837862,56,-0.616746975,66,-0.357666301,26,-0.636451412,203,0.25246606,21,0.053831952,35,-0.502320313,-0.408425637510201,0.104243246133082,0.127303134752268,-0.606563559133082,"UPC"
"522","a1950101",18.5,-1.350435414,104,-0.741941183,64,-0.177123521,62,-0.95661663,26,-0.636451412,161,-1.653723551,20,-0.20641511,30,-1.519325758,-0.62803318651379,-1.08505384359672,-1.32508110392502,-0.434271914403282,"EPC"
"523","a1950102",24.17,4.319564586,113.3333333,-0.238568859,42.66666667,-1.293782073,60,-1.21811453,19,-1.784567601,181,-0.938489744,19,-0.452727525,29,-1.708854315,-1.13375826574049,-0.793131881350606,-0.968582411923409,-0.915722433649394,"UPC"
"524","a1950103",16.58,-3.270435414,109.3333333,-0.454299856,58.66666667,-0.472834433,65,-0.517363198,27,-0.365597421,179,-1.023984842,16,-1.109133369,30,-1.519325758,-0.452523727015712,-0.876983164919253,-1.07098263109458,-0.642342593080747,"EPC"
"525","a1950104",21.25,1.399564586,117.3333333,-0.022837862,62.66666667,-0.252015989,62,-0.95661663,27,-0.365597421,144,-2.057093483,17,-0.903974275,31,-1.325126042,-0.399266975514945,-1.29329824739462,-1.57939173201,-0.031827794605382,"EPC"
"526","a1950105",20.92,1.069564586,106.6666667,-0.598120517,69.33333333,0.128672103,57,-1.566962831,24,-1.085442292,159,-1.709807215,13,-1.64421882,30,-1.519325758,-0.780463384257956,-1.33245789382824,-1.62721397404146,-0.186867864171756,"EPC"
"527","a1950106",24.42,4.569564586,109.3333333,-0.454299856,61.33333333,-0.326270702,64,-0.670294899,26,-0.636451412,176,-1.14597072,14,-1.479125651,36,-0.285282158,-0.521829217262557,-0.886244975624105,-1.08229326828145,0.600962817624106,"EPC"
"528","a1950107",21.25,1.399564586,109.3333333,-0.454299856,61.33333333,-0.326270702,65,-0.517363198,26,-0.636451412,182,-0.894454344,16,-1.109133369,34,-0.714855583,-0.48359629201277,-0.741153065341571,-0.905105242283836,0.0262974823415718,"EAC"
"529","a1950110",21.58,1.729564586,124,0.336713801,58.66666667,-0.472834433,65,-0.517363198,24,-1.085442292,184,-0.803745937,17,-0.903974275,38,0.162183131,-0.434731530503511,-0.644316766388113,-0.786847562561608,0.806499897388114,"UGC"
"530","a1950111",21.83,1.979564586,93.33333333,-1.317223841,50.66666667,-0.8963219,63,-0.816650502,24,-1.085442292,177,-1.106126956,19,-0.452727525,39,0.392552867,-1.02890963375588,-0.890570000776498,-1.08757504221116,1.2831228677765,"EPC"
"531","a1950112",19.75,-0.100435414,141.5286913,1.282084312,94.08926417,1.668060978,76,1.654750487,28,-0.06006099,210,0.742076925,22,0.328114835,41,0.866429766,1.13620869672127,0.741985851290204,0.906122250734159,0.124443914709798,"EAC"
"533","a1950114",16.25,-3.600435414,126.6666667,0.480534467,83.88408744,1.010739791,67,-0.191012637,30,0.667255005,194,-0.29412573,17,-0.903974275,32,-1.126291415,0.491879156464893,-0.21557161482053,-0.263258708335505,-0.910719800179469,"UPC"
"534","a1950115",17.5,-2.350435414,96,-1.173403176,53.33333333,-0.757935589,59,-1.340007112,21,-1.565930506,173,-1.26073464,17,-0.903974275,33,-0.922856738,-1.20931909574887,-1.15911854142144,-1.41552982417495,0.236261803421435,"EPC"
"536","a1950117",20,0.149564586,94.66666667,-1.245313509,69.33333333,0.128672103,75,1.41646007,29,0.283170289,217,1.293802699,21,0.053831952,43,1.357650474,0.145747238217269,0.724249482583362,0.884462379047229,0.63340099141664,"UGC"
"537","a1950118",18,-1.850435414,129.3333333,0.624355128,72,0.285205615,67,-0.191012637,27,-0.365597421,194,-0.29412573,21,0.053831952,37,-0.063771287,0.0882376712331643,-0.151692537209116,-0.185248792810413,0.0879212502091173,"EAC"
"538","a1950119",17.83,-2.020435414,133.3333333,0.840086125,54.66666667,-0.687686531,64,-0.670294899,25,-0.875491098,213,0.97061074,21,0.053831952,39,0.392552867,-0.348346600753548,0.38646178123307,0.471951882135431,0.00609108576692977,"EAC"
"539","a1950120",16.25,-3.600435414,106.6666667,-0.598120517,33.33333333,-1.720878369,60,-1.21811453,19,-1.784567601,186,-0.709436903,17,-0.903974275,32,-1.126291415,-1.33042025423937,-0.92513192876716,-1.12978249391135,-0.201159486232841,"EPC"
"540","a1950121",17.75,-2.100435414,98.66666667,-1.029582512,53.33333333,-0.757935589,62,-0.95661663,28,-0.06006099,193,-0.349510156,23,0.616530895,36,-0.285282158,-0.70104893026953,-0.313445427704094,-0.382783412834391,0.0281632697040939,"EAC"
"541","a1950122",20.25,0.399564586,104,-0.741941183,65.33333333,-0.101601071,69,0.163943594,27,-0.365597421,201,0.123249075,19,-0.452727525,37,-0.063771287,-0.261299020269435,-0.068146609937404,-0.0832214785060599,0.00437532293740453,"EAC"
"543","a1950124",16.75,-3.100435414,117.3333333,-0.022837862,62.66666667,-0.252015989,63,-0.816650502,28,-0.06006099,178,-1.06546898,18,-0.685210621,37,-0.063771287,-0.287891335769311,-0.787367499563045,-0.961542877961484,0.723596212563046,"UGC"
"544","a1950125",19.17,-0.680435414,114.6666667,-0.166658523,50.66666667,-0.8963219,56,-1.672371765,22,-1.42828288,174,-1.223262879,12,-1.796228991,31,-1.325126042,-1.04090876699655,-1.2010494335725,-1.46673634557299,-0.124076608427505,"EPC"
"545","a1950126",16.67,-3.180435414,114.6666667,-0.166658523,73.33333333,0.364357844,62,-0.95661663,31,1.09549979,184,-0.803745937,15,-1.30080831,34,-0.714855583,0.0841456202114998,-0.644391723367432,-0.786939100946997,-0.0704638596325673,"EAC"
"546","a1950127",17.83,-2.020435414,98.66666667,-1.029582512,46.66666667,-1.098459697,57,-1.566962831,17,-1.94064961,176,-1.14597072,10,-2.061610351,32,-1.126291415,-1.40891366249125,-1.32237002235282,-1.614894541278,0.196078607352821,"EPC"
"547","a1950128",17.83,-2.020435414,101.3333333,-0.885761849,30.66666667,-1.834917841,56,-1.672371765,16,-1.999626457,184,-0.803745937,15,-1.30080831,31,-1.325126042,-1.59816947798607,-1.08057944929139,-1.31961691854796,-0.24454659270861,"EPC"
"548","a1950129",18.58,-1.270435414,114.6666667,-0.166658523,61.33333333,-0.326270702,61,-1.090377422,24,-1.085442292,150,-1.932770977,17,-0.903974275,32,-1.126291415,-0.66718723475498,-1.34488452120416,-1.64238952428584,0.218593106204156,"EPC"
"552","a1950132",20.75,0.899564586,113.3333333,-0.238568859,70.66666667,0.206641551,59,-1.340007112,26,-0.636451412,175,-1.185012116,19,-0.452727525,34,-0.714855583,-0.502096458013724,-0.806865623631835,-0.985354226972452,0.0920100406318349,"EAC"
"553","a1950133",18.58,-1.270435414,101.3333333,-0.885761849,66.66666667,-0.025456162,65,-0.517363198,32,1.571361153,187,-0.660900309,23,0.616530895,33,-0.922856738,0.0356949859542434,-0.26271244276115,-0.320827667421002,-0.660144295238849,"UPC"
"557","a1950137",17.75,-2.100435414,97.33333333,-1.101492844,32,-1.778368566,55,-1.772627754,23,-1.268890484,181,-0.938489744,17,-0.903974275,34,-0.714855583,-1.48034491199685,-1.06042123427523,-1.29499945835054,0.345565651275233,"EPC"
"559","a1950139",23.83,3.979564586,113.3333333,-0.238568859,70.66666667,0.206641551,72,0.753484457,29,0.283170289,204,0.318808273,21,0.053831952,35,-0.502320313,0.25118185947081,0.307616685072374,0.375665280621248,-0.809936998072373,"UPC"
"561","a1950142",22.25,2.399564586,117.3333333,-0.022837862,77.33333333,0.605281744,73,0.966039424,30,0.667255005,219,1.463610119,22,0.328114835,36,-0.285282158,0.553934577713863,1.00150907442392,1.22305520390886,-1.28679123242392,"UPC"
"563","a1950144",19.5,-0.350435414,121.3333333,0.192893134,76,0.524401914,63,-0.816650502,28,-0.06006099,167,-1.469844157,18,-0.685210621,29,-1.708854315,-0.0398541110226641,-0.885790821193594,-1.08173864930315,-0.823063493806405,"EPC"
"565","a1950147",17.25,-2.600435414,121.3333333,0.192893134,72,0.285205615,60,-1.21811453,28,-0.06006099,178,-1.06546898,22,0.328114835,38,0.162183131,-0.200019192770874,-0.602653069030775,-0.735967342733132,0.764836200030775,"UGC"
"567","a1950149",18.33,-1.520435414,93.33333333,-1.317223841,13.33333333,-2.470845489,50,-2.202355887,10,-2.176327164,160,-1.682078949,7,-2.365674841,30,-1.519325758,-2.04168809523094,-1.8105958086714,-2.21112187849113,0.291270050671395,"EPC"
"568","a1950151",24.08,4.229564586,109.3333333,-0.454299856,48,-1.031821158,62,-0.95661663,28,-0.06006099,176,-1.14597072,16,-1.109133369,35,-0.502320313,-0.625699658516393,-0.864177983016627,-1.05534478540457,0.361857670016627,"EPC"
"569","a1950152",23.67,3.819564586,93.33333333,-1.317223841,62.66666667,-0.252015989,61,-1.090377422,24,-1.085442292,185,-0.757047839,13,-1.64421882,30,-1.519325758,-0.936264886008814,-0.8329209338934,-1.01717329243938,-0.6864048241066,"EPC"
"571","a1950154",19.58,-0.270435414,141.5607985,1.283815942,76,0.524401914,71,0.549087282,29,0.283170289,205,0.386326069,20,-0.20641511,39,0.392552867,0.660118856724024,0.344406676239038,0.42059367048528,0.0481461907609639,"EAC"
"572","a1950155",18.33,-1.520435414,101.3333333,-0.885761849,46.66666667,-1.098459697,58,-1.456231828,19,-1.784567601,175,-1.185012116,19,-0.452727525,31,-1.325126042,-1.3062552437431,-1.06424268895628,-1.29966626582489,-0.260883353043721,"EPC"
"574","a1950157",18.75,-1.100435414,69.33333333,-2.611609822,21.33333333,-2.202233186,53,-1.958344773,15,-2.047989792,171,-1.333387148,14,-1.479125651,29,-1.708854315,-2.2050443932383,-1.5325735876921,-1.87159772154215,-0.176280727307903,"EPC"
"575","a1950158",17.25,-2.600435414,104,-0.741941183,66.66666667,-0.025456162,60,-1.21811453,30,0.667255005,184,-0.803745937,25,1.236134677,36,-0.285282158,-0.329564217532007,-0.364468675263864,-0.445093630526739,0.0791865172638648,"EAC"
"576","a1950159",16.25,-3.600435414,145.9612659,1.521145246,97.77294948,1.912670163,72,0.753484457,26,-0.636451412,213,0.97061074,17,-0.903974275,34,-0.714855583,0.887712113479854,0.550635207179256,0.672442489833853,-1.26549079017925,"UPC"
"577","a1950161",21.25,1.399564586,117.3333333,-0.022837862,37.33333333,-1.542973852,63,-0.816650502,20,-1.684010355,185,-0.757047839,11,-1.935306142,29,-1.708854315,-1.01661814274049,-0.938300287168705,-1.14586385521023,-0.770554027831295,"EPC"
"578","a1950162",23.25,3.399564586,122.6666667,0.26480347,69.33333333,0.128672103,65,-0.517363198,31,1.09549979,205,0.386326069,22,0.328114835,39,0.392552867,0.242903041213398,0.372368950970816,0.454741544425866,0.0201839160291853,"EAC"
"579","a1950163",17.17,-2.680435414,102.6666667,-0.813851513,48,-1.031821158,53,-1.958344773,18,-1.869517876,172,-1.297438923,20,-0.20641511,32,-1.126291415,-1.41838382999137,-1.13511333440297,-1.38621437001225,0.0088219194029732,"EPC"
"580","a1950165",21.67,1.819564586,121.3333333,0.192893134,61.33333333,-0.326270702,63,-0.816650502,25,-0.875491098,173,-1.26073464,11,-1.935306142,30,-1.519325758,-0.456379792007148,-1.04227962400894,-1.27284470068526,-0.477046133991057,"EPC"
"581","a1950166",24.42,4.569564586,124,0.336713801,86.99855002,1.20810133,71,0.549087282,30,0.667255005,206,0.45503442,24,0.919173977,43,1.357650474,0.690289354462416,0.637545862745017,0.778578851729349,0.720104611254985,"UGC"
"584","a1950169",16.42,-3.430435414,105.3333333,-0.670030853,48,-1.031821158,62,-0.95661663,28,-0.06006099,201,0.123249075,22,0.328114835,31,-1.325126042,-0.67963240776704,-0.126603142859918,-0.154609315739958,-1.19852289914008,"UPC"
"586","a1950172",17.5,-2.350435414,113.3333333,-0.238568859,73.33333333,0.364357844,70,0.352641611,30,0.667255005,190,-0.509606741,22,0.328114835,40,0.62731058,0.28642140021531,-0.177234167342114,-0.216440545784196,0.804544747342115,"UGC"
"587","a1950174",19.58,-0.270435414,104,-0.741941183,73.33333333,0.364357844,64,-0.670294899,26,-0.636451412,186,-0.709436903,17,-0.903974275,35,-0.502320313,-0.421082412516978,-0.624339595302487,-0.762451195439651,0.122019282302487,"EAC"
"588","a1950175",21.33,1.479564586,116,-0.094748193,74.66666667,0.444091974,71,0.549087282,31,1.09549979,197,-0.121723812,22,0.328114835,38,0.162183131,0.498482713209211,0.145222291204177,0.177347248785058,0.0169608397958249,"EAC"
"590","a1950177",17.58,-2.270435414,104,-0.741941183,74.66666667,0.444091974,63,-0.816650502,27,-0.365597421,200,0.060344938,22,0.328114835,42,1.109884717,-0.370024283020883,-0.05654088442334,-0.0690484237154601,1.16642560142334,"UGC"
"591","a1950178",19.5,-0.350435414,98.66666667,-1.029582512,56,-0.616746975,60,-1.21811453,28,-0.06006099,161,-1.653723551,11,-1.935306142,32,-1.126291415,-0.731126251769894,-1.35708331021189,-1.65728683551176,0.230791895211889,"EPC"
"593","a195017RE",19.75,-0.100435414,106.6666667,-0.598120517,34.66666667,-1.662469051,65,-0.517363198,28,-0.06006099,200,0.060344938,22,0.328114835,31,-1.325126042,-0.709503439014186,-0.112749806809526,-0.137691451308573,-1.21237623519047,"UPC"
"594","a1950180",19.33,-0.520435414,106.6666667,-0.598120517,53.33333333,-0.757935589,60,-1.21811453,23,-1.268890484,178,-1.06546898,17,-0.903974275,31,-1.325126042,-0.960765280001368,-0.96002897278944,-1.17239919343249,-0.365097069210561,"EPC"
"595","a1950181",23.42,3.569564586,93.33333333,-1.317223841,28,-1.945098992,55,-1.772627754,16,-1.999626457,163,-1.595090534,4,-2.561967508,28,-1.89367398,-1.75864426098666,-1.63461526205843,-1.99621226976372,-0.259058717941572,"EPC"
"596","a1950182",18.75,-1.100435414,117.3333333,-0.022837862,61.33333333,-0.326270702,68,-0.017208171,29,0.283170289,186,-0.709436903,20,-0.20641511,30,-1.519325758,-0.020786611524726,-0.424524528727903,-0.518434577683433,-1.0948012292721,"UPC"
"597","a1950183",24.83,4.979564586,144.5275959,1.443823482,101.0965499,2.136592533,75,1.41646007,31,1.09549979,213,0.97061074,19,-0.452727525,29,-1.708854315,1.5230939687039,0.931567643690762,1.1376418681624,-2.64042195869076,"UPC"
"598","a1950184",16.92,-2.930435414,128,0.552444797,87.07786771,1.213165419,67,-0.191012637,31,1.09549979,199,-0.001442346,19,-0.452727525,33,-0.922856738,0.667524342208219,0.0635025888038634,0.077550142762896,-0.986359326803861,"UPC"
"599","a1950185",20.25,0.399564586,106.6666667,-0.598120517,50.66666667,-0.8963219,60,-1.21811453,21,-1.565930506,178,-1.06546898,16,-1.109133369,34,-0.714855583,-1.0696218632466,-1.00528902281841,-1.22767132339184,0.290433439818411,"EPC"
"600","a1950186",18.25,-1.600435414,113.3333333,-0.238568859,73.33333333,0.364357844,72,0.753484457,29,0.283170289,207,0.524948415,17,-0.903974275,32,-1.126291415,0.290610932719997,0.189670546675939,0.231628005243106,-1.31596196167594,"UPC"
"601","a1950187",20.5,0.649564586,102.6666667,-0.813851513,40,-1.42003334,58,-1.456231828,20,-1.684010355,200,0.060344938,9,-2.175313416,29,-1.708854315,-1.34353175899261,-0.649294272906777,-0.792926154763716,-1.05956004209322,"UPC"
"602","a1950188",20.5,0.649564586,85.33333333,-1.748685835,13.33333333,-2.470845489,45,-2.527170305,9,-2.186870108,169,-1.403060569,19,-0.452727525,30,-1.519325758,-2.23339293423164,-1.39310836462724,-1.70128107520357,-0.126217393372767,"EPC"
"603","a1950189",19.25,-0.600435414,116,-0.094748193,70.66666667,0.206641551,63,-0.816650502,26,-0.636451412,187,-0.660900309,15,-1.30080831,38,0.162183131,-0.335302139014021,-0.641062759909917,-0.782873729814267,0.803245890909918,"UGC"
"604","a195018EF",20.25,0.399564586,105.3333333,-0.670030853,51.21293801,-0.868205481,65,-0.517363198,22,-1.42828288,182,-0.894454344,20,-0.20641511,34,-0.714855583,-0.870970602999814,-0.726361763234298,-0.887041922163379,0.0115061802342982,"EAC"
"605","a1950190",23.5,3.649564586,124,0.336713801,86.66666667,1.186932246,68,-0.017208171,31,1.09549979,200,0.060344938,19,-0.452727525,41,0.866429766,0.650484416457466,0.199211796466596,0.243279896879688,0.667217969533406,"UGC"
"606","a1950191",19.33,-0.520435414,116,-0.094748193,50.66666667,-0.8963219,61,-1.090377422,19,-1.784567601,183,-0.849543905,13,-1.64421882,36,-0.285282158,-0.966503778992282,-0.96062021398924,-1.17312122446011,0.675338055989239,"EPC"
"610","a1950195",18.92,-0.930435414,106.6666667,-0.598120517,57.33333333,-0.545126525,64,-0.670294899,29,0.283170289,188,-0.611425129,18,-0.685210621,40,0.62731058,-0.382592913024416,-0.54072204579458,-0.660336415179242,1.16803262579458,"UGC"
"612","a1950197",20.42,0.569564586,106.6666667,-0.598120517,62.66666667,-0.252015989,65,-0.517363198,25,-0.875491098,166,-1.5021797,17,-0.903974275,31,-1.325126042,-0.56074770051032,-1.06145290467742,-1.296259346939,-0.26367313732258,"EPC"
"614","a1950199",22.17,2.319564586,108,-0.526210186,65.33333333,-0.101601071,66,-0.357666301,31,1.09549979,196,-0.180246438,19,-0.452727525,33,-0.922856738,0.0275055579619892,-0.116604993212702,-0.142399452377009,-0.806251744787297,"UPC"
"616","a1950201",16.67,-3.180435414,98.66666667,-1.029582512,56,-0.616746975,65,-0.517363198,22,-1.42828288,169,-1.403060569,19,-0.452727525,36,-0.285282158,-0.897993891252188,-1.09467192618106,-1.33682682471458,0.809389768181062,"EPC"
"617","a1950203",19.33,-0.520435414,126.6666667,0.480534467,48.18724185,-1.022403113,61,-1.090377422,25,-0.875491098,186,-0.709436903,17,-0.903974275,38,0.162183131,-0.626934291502318,-0.684152792198829,-0.835495807410311,0.846335923198829,"UGC"
"619","a1950205",18.58,-1.270435414,104,-0.741941183,60,-0.399879622,60,-1.21811453,27,-0.365597421,176,-1.14597072,18,-0.685210621,35,-0.502320313,-0.681383189015977,-0.905731328252128,-1.10609024186412,0.403411015252128,"EPC"
"620","a1950206",20.33,0.479564586,72,-2.467789157,62.66666667,-0.252015989,71,0.549087282,28,-0.06006099,180,-0.981662485,22,0.328114835,38,0.162183131,-0.557694713528545,-0.605159137961068,-0.73902778494461,0.767342268961068,"UGC"
"621","a1950207",16.5,-3.350435414,70.66666667,-2.539699489,76,0.524401914,72,0.753484457,30,0.667255005,204,0.318808273,19,-0.452727525,37,-0.063771287,-0.148639528292975,0.00263237928880569,0.00321469397714335,-0.0664036662888051,"EAC"
"622","a1950208",22.25,2.399564586,98.66666667,-1.029582512,66.66666667,-0.025456162,66,-0.357666301,29,0.283170289,205,0.386326069,22,0.328114835,35,-0.502320313,-0.282383671528823,0.213790158482807,0.261083171940999,-0.716110471482806,"UPC"
"625","a1950210",23.67,3.819564586,124,0.336713801,68,0.051303916,71,0.549087282,31,1.09549979,212,0.893139414,21,0.053831952,40,0.62731058,0.508151197212529,0.67382638526679,0.822885072215915,-0.0465158052667879,"EAC"
"626","a1950211",24.08,4.229564586,118.6666667,0.049072473,44,-1.22945327,63,-0.816650502,23,-1.268890484,170,-1.368590627,15,-1.30080831,30,-1.519325758,-0.816480445747555,-1.06070617914144,-1.29534743652701,-0.458619578858561,"EPC"
"627","a1950212",21.5,1.649564586,124,0.336713801,104.7957371,2.389340942,75,1.41646007,30,0.667255005,216,1.210976399,27,1.913356464,43,1.357650474,1.20244245445512,1.27193592693802,1.55330380343736,0.0857145470619788,"EAC"
"628","a1950213",21.92,2.069564586,125.3333333,0.408624131,59.15267786,-0.446318089,63,-0.816650502,24,-1.085442292,183,-0.849543905,15,-1.30080831,29,-1.708854315,-0.484946688003016,-0.735992630670798,-0.898803255971688,-0.972861684329202,"UPC"
"629","a1950214",19.58,-0.270435414,96,-1.173403176,61.33333333,-0.326270702,66,-0.357666301,28,-0.06006099,162,-1.62473084,20,-0.20641511,31,-1.325126042,-0.479350292273018,-1.0119637182713,-1.23582254360205,-0.313162323728702,"EPC"
"631","a1950216",16.58,-3.270435414,130.6666667,0.696265464,64.28571429,-0.160992912,71,0.549087282,28,-0.06006099,203,0.25246606,23,0.616530895,33,-0.922856738,0.256074710980479,0.240042456736022,0.293142801567006,-1.16289919473602,"UPC"
"633","a1950219",22.25,2.399564586,94.66666667,-1.245313509,44,-1.22945327,56,-1.672371765,24,-1.085442292,166,-1.5021797,20,-0.20641511,36,-0.285282158,-1.30814520900275,-1.1285047250666,-1.37814385498063,0.843222567066595,"EPC"
"635","a1950221",22.17,2.319564586,89.33333333,-1.532954838,25.33333333,-2.051215252,53,-1.958344773,21,-1.565930506,145,-2.037618066,19,-0.452727525,26,-2.249027569,-1.77711134224242,-1.57288007330616,-1.92082049769107,-0.676147495693846,"EPC"
"636","a1950222",17.75,-2.100435414,102.6666667,-0.813851513,29.33333333,-1.890502939,57,-1.566962831,22,-1.42828288,178,-1.06546898,17,-0.903974275,36,-0.285282158,-1.42490004074352,-1.11158997295862,-1.35748735159312,0.826307814958617,"EPC"
"637","a1950223",23.08,3.229564586,108,-0.526210186,44,-1.22945327,63,-0.816650502,26,-0.636451412,175,-1.185012116,17,-0.903974275,29,-1.708854315,-0.802191342507916,-0.917795727147274,-1.12082343423106,-0.791058587852726,"EPC"
"638","a1950224",20.42,0.569564586,96,-1.173403176,33.33333333,-1.720878369,61,-1.090377422,18,-1.869517876,169,-1.403060569,17,-0.903974275,28,-1.89367398,-1.46354421074011,-1.25410335567697,-1.53152644800405,-0.639570624323028,"EPC"
"639","a1950225",20.08,0.229564586,94.66666667,-1.245313509,56,-0.616746975,60,-1.21811453,20,-1.684010355,184,-0.803745937,18,-0.685210621,34,-0.714855583,-1.19104634224837,-0.840659446746816,-1.02662365954796,0.125803863746815,"EPC"
"640","a1950226",18.08,-1.770435414,130.6666667,0.696265464,62.66666667,-0.252015989,69,0.163943594,31,1.09549979,200,0.060344938,13,-1.64421882,42,1.109884717,0.425923214715706,-0.130187867990026,-0.158987026174061,1.24007258499003,"UGC"
"642","a1950229",21,1.149564586,128,0.552444797,62.79069767,-0.24507603,67,-0.191012637,29,0.283170289,175,-1.185012116,22,0.328114835,27,-2.073745419,0.0998816047268232,-0.522175587197243,-0.637687251750975,-1.55156983180276,"UPC"
"643","a1950230",24.42,4.569564586,89.33333333,-1.532954838,34.66666667,-1.662469051,62,-0.95661663,23,-1.268890484,203,0.25246606,14,-1.479125651,35,-0.502320313,-1.35523275074988,-0.383004745136541,-0.467730107116632,-0.11931556786346,"EAC"
"646","a1950233",16.33,-3.520435414,93.33333333,-1.317223841,25.33333333,-2.051215252,53,-1.958344773,15,-2.047989792,153,-1.863564532,7,-2.365674841,29,-1.708854315,-1.8436934144852,-1.88445780522095,-2.30132305744985,0.175603490220945,"EPC"
"648","a1950235",16.08,-3.770435414,80,-2.036327163,14.66666667,-2.429522193,53,-1.958344773,16,-1.999626457,196,-0.180246438,15,-1.30080831,36,-0.285282158,-2.10595514648606,-0.921822365629484,-1.1257408146879,0.636540207629482,"EPC"
"649","a1950236",17.42,-2.430435414,114.6666667,-0.166658523,73.33333333,0.364357844,65,-0.517363198,30,0.667255005,180,-0.981662485,17,-0.903974275,31,-1.325126042,0.0868977819667358,-0.664233255733599,-0.811169824395898,-0.6608927862664,"UPC"
"650","a1950238",23.67,3.819564586,121.3333333,0.192893134,69.33333333,0.128672103,74,1.18696091,29,0.283170289,221,1.639068021,25,1.236134677,39,0.392552867,0.447924108971903,1.22443997941458,1.49530116794805,-0.831887112414578,"UPC"
"652","a1950241",22.08,2.229564586,114.6666667,-0.166658523,54.66666667,-0.687686531,66,-0.357666301,26,-0.636451412,195,-0.237709099,18,-0.685210621,32,-1.126291415,-0.462115691760267,-0.315562779177746,-0.385369148505173,-0.810728635822254,"UPC"
"653","a1950242",24.25,4.399564586,114.6666667,-0.166658523,68,0.051303916,71,0.549087282,29,0.283170289,207,0.524948415,24,0.919173977,34,-0.714855583,0.17922574097211,0.532888572411239,0.650770081106707,-1.24774415541124,"UPC"
"654","a1950244",20.42,0.569564586,105.3333333,-0.670030853,58.66666667,-0.472834433,63,-0.816650502,29,0.283170289,175,-1.185012116,9,-2.175313416,33,-0.922856738,-0.419086374774801,-1.04943804262313,-1.2815866495716,0.126581304623126,"EPC"
"655","a1950245",23.75,3.899564586,114.6666667,-0.166658523,68,0.051303916,68,-0.017208171,29,0.283170289,199,-0.001442346,16,-1.109133369,37,-0.063771287,0.0376518777228972,-0.0936448247406628,-0.114360212144999,0.0298735377406639,"EAC"
"658","a1950249",18,-1.850435414,141.7322835,1.293064599,86.03213844,1.146550131,65,-0.517363198,28,-0.06006099,198,-0.062127169,22,0.328114835,38,0.162183131,0.465547635477015,0.112649462487639,0.137568909591626,0.0495336685123619,"EAC"
"659","a1950250",16.92,-2.930435414,125.3333333,0.408624131,72,0.285205615,69,0.163943594,31,1.09549979,208,0.596083262,22,0.328114835,39,0.392552867,0.488318282462075,0.444077725777519,0.542313182499727,-0.0515248587775173,"EAC"
"660","a1950251",16.58,-3.270435414,130.6666667,0.696265464,70.3854441,0.190146773,60,-1.21811453,20,-1.684010355,178,-1.06546898,21,0.053831952,34,-0.714855583,-0.503928161996702,-0.737240220751775,-0.900326828328493,0.0223846377517749,"EAC"
"661","a1950253",18,-1.850435414,120,0.120982804,52,-0.82748417,62,-0.95661663,24,-1.085442292,201,0.123249075,21,0.053831952,36,-0.285282158,-0.687140072001721,-0.144010076118356,-0.175866876804037,-0.141272081881645,"EAC"
"663","a1950255",18.25,-1.600435414,117.3333333,-0.022837862,58.31983337,-0.49170354,64,-0.670294899,28,-0.06006099,200,0.060344938,25,1.236134677,34,-0.714855583,-0.311224322768279,0.107229028243641,0.13094940860171,-0.82208461124364,"UPC"
"667","a1950260",23.25,3.399564586,129.1638341,0.61521357,55.77504067,-0.628763868,64,-0.670294899,20,-1.684010355,188,-0.611425129,18,-0.685210621,31,-1.325126042,-0.591963887993488,-0.526229928144512,-0.642638462798986,-0.798896113855487,"UPC"
"670","a1950264",22.25,2.399564586,153.5403727,1.929907312,107.4795726,2.574994733,74,1.18696091,30,0.667255005,223,1.820310973,25,1.236134677,44,1.609702791,1.58977948995927,1.60455349048961,1.95950046445779,0.00514930051039659,"EAC"
"674","a1950269",24.83,4.979564586,147.6224273,1.610736247,76,0.524401914,73,0.966039424,29,0.283170289,214,1.049396635,24,0.919173977,42,1.109884717,0.846086968474425,0.996182543530739,1.21655037884631,0.113702173469263,"EAC"
"678","a195CS004",17.25,-2.600435414,97.33333333,-1.101492844,29.33333333,-1.890502939,63,-0.816650502,18,-1.869517876,183,-0.849543905,21,0.053831952,36,-0.285282158,-1.4195410402394,-0.861478600003281,-1.0520482656564,0.57619644200328,"EPC"
"679","a195EK012",24.5,4.649564586,94.66666667,-1.245313509,52,-0.82748417,62,-0.95661663,25,-0.875491098,180,-0.981662485,15,-1.30080831,32,-1.126291415,-0.976226351758686,-0.895393860335803,-1.09346599885608,-0.230897554664197,"EPC"
"680","a195GF009",23.5,3.649564586,112,-0.31047919,44,-1.22945327,63,-0.816650502,21,-1.565930506,194,-0.29412573,16,-1.109133369,31,-1.325126042,-0.980628366994578,-0.525833821890175,-0.642154732967635,-0.799292220109825,"UPC"
"681","a195GG015",24.92,5.069564586,98.66666667,-1.029582512,34.66666667,-1.662469051,60,-1.21811453,13,-2.118445658,154,-1.83939087,14,-1.479125651,32,-1.126291415,-1.5071529377364,-1.50602744336344,-1.83917924347343,0.379736028363435,"EPC"
"683","a195OV001",24.08,4.229564586,85.33333333,-1.748685835,37.33333333,-1.542973852,59,-1.340007112,22,-1.42828288,168,-1.436808079,16,-1.109133369,32,-1.126291415,-1.51498741974843,-1.25639056418752,-1.53431961517815,0.130099149187519,"EPC"
"685","a195PN010",23.5,3.649564586,82.66666667,-1.892506499,24,-2.102675765,57,-1.566962831,22,-1.42828288,149,-1.954765907,14,-1.479125651,31,-1.325126042,-1.74760699374566,-1.65455477789569,-2.02056265183307,0.32942873589569,"EPC"
