"SubjectID","wj3.watt.cs","wj3.wid.cs","towre.w.cs","towre.nw.cs","decoding_comp"
"1",0.388545074998472,1.07341241543376,1.62938348669062,0.623067407132192,1.06571631724612
"2",0.149218599384098,0.576011244150427,0.873874552734313,0.853517989290603,0.703692062351946
"3",1.10652450184159,1.23921280586154,-0.35831160070378,0.825908995340084,0.807185529428316
"11",0.86719802622722,1.07341241543376,1.62938348669062,0.825908995340084,1.2612467424601
"12",0.149218599384098,0.244410463294871,1.55165846686634,0.75097029747439,0.773594517484308
"14",0.86719802622722,1.23921280586154,1.26249965185572,0.60052945288687,1.13888847789094
"15",0.86719802622722,0.0786100728670934,-0.648013947321558,0.450652057155483,0.21473980642971
"17",-0.0901078762302761,-1.24779305055513,-0.0686092540860014,-0.150547872338467,-0.446741984871445
"18",0.627871550612846,-0.0871903175606843,0.22163662413894,-0.0756091744727732,0.19702643669169
"19",0.388545074998472,0.907612025005982,-0.286021896951126,0.60052945288687,0.462122477626092
"20",-0.32943435184465,-0.41879109841624,-0.690960189563744,-0.619528796902484,-0.590674298784802
"21",0.149218599384098,0.410210853722649,-0.720847182681375,0.60052945288687,0.125987366012737
"22",-1.52606672991652,-1.08199266012735,-0.9382598255465,-1.27744558460454,-1.38400636825942
"23",-1.28674025430215,-0.0871903175606843,0.439049267004064,0.300211212567962,-0.182095828851103
"24",1.10652450184159,1.23921280586154,1.26249965185572,1.6705188306835,1.51454972055987
"25",0.149218599384098,-0.916192269699573,0.148803388779123,0.225272514702268,-0.112727928059698
"27",1.10652450184159,1.40501319628932,1.62938348669062,1.70432576205149,1.677084048168
"28",0.86719802622722,1.40501319628932,1.7071085065149,0.825908995340084,1.37868810585553
"30",0.388545074998472,0.244410463294871,0.22163662413894,0.60052945288687,0.417494978634172
"31",1.10652450184159,1.07341241543376,2.47946692029326,1.84800522036541,1.86706772616398
"32",-0.0901078762302761,-0.916192269699573,0.22163662413894,-0.375927414791681,-0.332989959856577
"33",-0.808087303073398,-0.584591488844018,-0.140898957838655,-0.526368259379202,-0.591027654333105
"34",0.627871550612846,-0.41879109841624,-0.286021896951126,0.0748316701147475,-0.000605324193443057
"35",-3.91933148606026,-2.40839578354957,-1.08283923305181,-2.85510238177704,-2.94536564260588
"36",0.627871550612846,0.576011244150427,0.439049267004064,1.03945611181451,0.769615117683811
"37",0.86719802622722,1.23921280586154,0.00422398127381547,0.60052945288687,0.777871385797043
"40",-0.808087303073398,-0.750391879271795,0.22163662413894,-0.375927414791681,-0.491417937685701
"41",0.627871550612846,0.410210853722649,-0.648013947321558,0.60052945288687,0.284216555424052
"42",0.388545074998472,-0.41879109841624,0.148984564169739,0.225272514702268,0.0987016389109756
"43",-0.0901078762302761,-0.41879109841624,-0.213188661591309,0.225272514702268,-0.142543287356176
"45",0.149218599384098,-0.584591488844018,-0.0686092540860014,-1.42788642919206,-0.554280425778962
"46",-0.0901078762302761,0.907612025005982,0.439049267004064,-0.601306957244896,0.187999479442915
"47",0.149218599384098,-0.41879109841624,-0.0686092540860014,-0.450866112657375,-0.2263889962153
"50",1.10652450184159,1.07341241543376,2.72079495387355,2.18494763633297,2.03298169956461
"51",0.388545074998472,0.0786100728670934,0.511338970756718,-0.300988716925988,0.194385885157573
"52",0.388545074998472,1.07341241543376,-0.648013947321558,1.00733952701492,0.522551880505253
"54",1.10652450184159,0.907612025005982,1.36577065721666,0.96057327195588,1.24534525236277
"55",1.10652450184159,1.23921280586154,2.47946692029326,2.58217907990676,2.12528307140146
"56",0.388545074998472,1.40501319628932,2.97516774602574,1.22990182518747,1.72109119717118
"58",0.577612990733827,1.06843840372093,1.55165846686634,1.84800522036541,1.44768704419307
"61",0.86719802622722,1.07341241543376,1.01845396023962,0.825908995340084,1.08596241783222
"62",0.149218599384098,-0.750391879271795,-0.140898957838655,-0.82668649969811,-0.450099076715004
"63",0.742748258907746,0.970892507905252,0.656461909869188,0.60052945288687,0.852316386759466
"64",0.627871550612846,0.531245138734927,0.293926327891594,0.60052945288687,0.589198995817976
"65",1.10652450184159,1.07341241543376,0.439049267004064,0.525590755021176,0.902223613659167
"66",0.149218599384098,-0.0871903175606843,0.22163662413894,-0.225486570204161,0.0166921876416571
"68",0.86719802622722,0.741811634578204,1.26249965185572,1.31441915360743,1.2010020998868
"69",0.149218599384098,0.0786100728670934,-0.213188661591309,-0.676245655110589,-0.189824019852535
"70",0.627871550612846,0.410210853722649,0.366216031644248,0.825908995340084,0.63987806523266
"71",0.149218599384098,-0.0871903175606843,2.37021706725353,0.525590755021176,0.848645026012468
"73",0.86719802622722,0.741811634578204,-0.140898957838655,0.60052945288687,0.59352212803222
"75",0.627871550612846,-0.252990707988462,-0.503434539816251,-0.601306957244896,-0.209407347895912
"76",1.10652450184159,-0.750391879271795,-0.140898957838655,0.718853712674808,0.268002884134886
"77",-0.808087303073398,0.907612025005982,0.00422398127381547,0.0748316701147475,0.0512372356779554
"78",0.149218599384098,-1.08199266012735,-1.66278745789453,-1.05206604215132,-1.04655595417229
"79",0.627871550612846,0.741811634578204,-0.503434539816251,0.375149910433655,0.356174809086365
"80",-2.72269910798839,-2.07679500269402,-0.648013947321558,-0.751747801832416,-1.77865421384899
"81",-0.32943435184465,-1.24779305055513,-1.51766451878206,-1.12700474001702,-1.21132188389374
"83",0.627871550612846,1.23921280586154,1.09128719559944,1.2918811993621,1.21945764736742
"84",-2.00471968114527,-1.41359344098291,-1.22796217216428,-1.72820466951097,-1.82892848836443
"85",0.627871550612846,1.07341241543376,0.439049267004064,0.375149910433655,0.721727703160582
"86",0.149218599384098,-0.41879109841624,0.00422398127381547,-0.601306957244896,-0.24865571730257
"87",-0.568760827459024,0.244410463294871,0.293926327891594,-0.751747801832416,-0.224416166593927
"88",1.10652450184159,1.07341241543376,0.801041317374497,0.450652057155483,0.984583281750929
"89",-0.0901078762302761,-1.24779305055513,-0.430601304456434,-0.300988716925988,-0.593766232384251
"90",-1.28674025430215,-0.0871903175606843,-0.720847182681375,-0.601306957244896,-0.773544848275399
"91",-0.0901078762302761,0.244410463294871,-0.0686092540860014,-0.300988716925988,-0.0617712916740905
"92",0.86719802622722,1.40501319628932,1.82668546009072,1.27328738710971,1.54135561577332
"93",-0.0901078762302761,-0.252990707988462,0.0539418500910517,0.0739402292277269,-0.0617486601593933
"94",0.627871550612846,1.07341241543376,1.95169772973817,0.545874913841965,1.20471136712486
"95",0.627871550612846,0.741811634578204,2.02072624384785,1.31441915360743,1.34988188472381
"96",-0.968037163477916,-0.805106008112962,0.148803388779123,-1.12700474001702,-0.789399669883747
"97",0.388545074998472,0.907612025005982,0.366216031644248,0.450652057155483,0.606256821949402
"98",0.149218599384098,-0.750391879271795,-0.648013947321558,-0.000107027750946217,-0.358440196882104
"99",0.627871550612846,-0.584591488844018,-0.0686092540860014,0.149770367980441,0.0357039339033888
"100",0.388545074998472,-0.252990707988462,0.801041317374497,0.953248436826151,0.542223016069833
"102",0.627871550612846,1.23921280586154,-0.286021896951126,0.300211212567962,0.539764032961937
"103",0.388545074998472,0.907612025005982,0.00422398127381547,-0.82668649969811,0.135909677331373
"105",0.388545074998472,0.0786100728670934,-1.95248980451231,-0.526368259379202,-0.577186028372165
"106",0.86719802622722,0.244410463294871,0.148803388779123,0.149770367980441,0.404601237850844
"108",-0.32943435184465,-2.07679500269402,-1.59049775414187,-2.55478414145813,-1.8797212690695
"110",0.627871550612846,0.576011244150427,0.583628674509373,0.525590755021176,0.66366175414032
"111",0.149218599384098,0.907612025005982,1.01845396023962,0.225272514702268,0.660062380299142
"112",0.86719802622722,0.410210853722649,-0.0686092540860014,-0.0756091744727732,0.325128372990464
"113",0.627871550612846,1.40501319628932,1.55763731454513,1.28173911995171,1.39792066615829
"114",0.149218599384098,-0.41879109841624,0.801041317374497,0.0748316701147475,0.173956188135359
"115",-2.00471968114527,-2.57419617397735,-1.08283923305181,-2.70466153718952,-2.40044329867562
"117",0.149218599384098,1.07341241543376,3.40510124729153,0.640534321672316,1.51154021882401
"118",0.149218599384098,1.07341241543376,1.01845396023962,0.450652057155483,0.772297437493621
"119",-0.32943435184465,0.0786100728670934,-0.430601304456434,-2.02852290982988,-0.777522563326609
"120",0.149218599384098,0.576011244150427,1.01845396023962,0.971842249078541,0.779122844084486
"121",0.388545074998472,1.07341241543376,0.22163662413894,-0.225486570204161,0.418351683923211
"122",0.627871550612846,0.741811634578204,-0.35831160070378,0.300211212567962,0.376311660873391
"123",0.86719802622722,0.741811634578204,-0.575724243568904,-0.601306957244896,0.123940731843963
"124",1.10652450184159,0.907612025005982,1.7685275781243,0.60052945288687,1.25760024558931
"125",0.86719802622722,1.40501319628932,0.656461909869188,0.676031599608697,1.03424078731483
"126",0.86719802622722,0.741811634578204,0.439049267004064,0.300211212567962,0.673751926823737
"127",0.627871550612846,1.40501319628932,1.60438103276113,1.38710405604859,1.44156279112838
"128",0.149218599384098,1.07341241543376,2.00659442206161,1.91223838996458,1.47515871384113
"129",0.627871550612846,0.907612025005982,0.511338970756718,0.450652057155483,0.716560798261444
"130",0.627871550612846,0.576011244150427,-1.01054952929915,0.450652057155483,0.1847685002252
"131",0.627871550612846,1.40501319628932,1.09128719559944,0.525590755021176,1.0471685551093
"132",0.388545074998472,1.40501319628932,1.19618879578186,0.0748316701147475,0.879270997649852
"133",0.86719802622722,1.40501319628932,1.01845396023962,0.60052945288687,1.11643879395804
"134",-0.568760827459024,0.0786100728670934,0.148803388779123,0.0748316701147475,-0.0764671237852022
"136",0.86719802622722,1.23921280586154,2.64198287083494,1.89026388457539,1.90472478621288
"137",0.149218599384098,0.907612025005982,0.22163662413894,0.375149910433655,0.474446158439342
"138",-0.0901078762302761,0.410210853722649,0.366216031644248,0.225272514702268,0.261548505473018
"140",0.86719802622722,1.40501319628932,0.873874552734313,-0.000107027750946217,0.902625812264465
"141",0.627871550612846,-0.0871903175606843,0.00422398127381547,-0.375927414791681,0.0484821214003801
"142",-0.0901078762302761,0.244410463294871,1.01845396023962,0.0748316701147475,0.357950710574342
"143",0.149218599384098,1.23921280586154,0.728751613621843,0.300211212567962,0.693584606522493
"144",0.86719802622722,1.23921280586154,1.01845396023962,0.75097029747439,1.11203192294815
"145",0.86719802622722,1.23921280586154,-0.9382598255465,0.60052945288687,0.507459447269693
"146",0.149218599384098,1.23921280586154,0.00422398127381547,0.930147033724696,0.666444877597763
"147",0.627871550612846,1.23921280586154,0.00422398127381547,0.450652057155483,0.666203288614529
"148",0.149218599384098,-0.252990707988462,-0.430601304456434,-0.150547872338467,-0.196513607112583
"150",0.86719802622722,0.907612025005982,2.03322747081259,0.882253880953388,1.34571096220964
"151",0.388545074998472,-0.252990707988462,-0.213188661591309,0.300211212567962,0.0638604668097933
"152",0.627871550612846,1.40501319628932,-0.35831160070378,0.841685563311809,0.721950224026185
"153",0.388545074998472,0.244410463294871,1.09128719559944,0.450652057155483,0.624008086170249
"154",-0.0901078762302761,-0.750391879271795,-0.0686092540860014,-0.000107027750946217,-0.260866944787597
"155",-2.00471968114527,-1.74519422183846,-0.35831160070378,-0.901625197563804,-1.43739704603354
"156",-1.04741377868777,-2.07679500269402,-1.00845847080602,-1.3630841762482,-1.57680883923257
"157",0.86719802622722,0.907612025005982,2.24411773439176,0.75097029747439,1.36855124501327
"158",-0.0901078762302761,0.244410463294871,0.583628674509373,-0.000107027750946217,0.211692211491309
"159",0.627871550612846,0.576011244150427,0.656461909869188,0.375149910433655,0.641395033053049
"160",0.149218599384098,1.23921280586154,1.26249965185572,0.60052945288687,0.932890022288381
"161",0.627871550612846,0.907612025005982,0.511338970756718,-0.375927414791681,0.479403453234762
"162",0.86719802622722,1.40501319628932,0.511338970756718,2.68810746485977,1.56989599565168
"163",-2.48337263237402,-1.41359344098291,-0.35831160070378,-1.42788642919206,-1.63058018716985
"164",0.149218599384098,0.907612025005982,0.148803388779123,0.225272514702268,0.41054732744807
"165",0.627871550612846,1.07341241543376,0.366216031644248,1.53134696321864,1.03256010991426
"166",-2.96202558360276,-1.91099461226624,-0.140898957838655,-1.80314336737666,-1.95591168574846
"167",-0.0901078762302761,0.576011244150427,-0.430601304456434,-0.150547872338467,-0.0273273701129349
"168",0.627871550612846,1.07341241543376,0.00422398127381547,0.375149910433655,0.596970176735046
"169",0.627871550612846,0.244410463294871,-0.0686092540860014,0.450652057155483,0.359883536297651
"170",0.388545074998472,0.244410463294871,-0.286021896951126,0.225272514702268,0.164174041796319
"171",-1.04741377868777,-1.74519422183846,-1.80772921998579,0.450652057155483,-1.19060338350763
"172",0.86719802622722,0.907612025005982,0.873874552734313,-0.450866112657375,0.630585220102075
"174",0.388545074998472,0.741811634578204,0.583628674509373,0.525590755021176,0.642566080046234
"175",0.388545074998472,0.410210853722649,0.293926327891594,0.525590755021176,0.464305422518353
"176",0.388545074998472,-0.0871903175606843,-0.648013947321558,-1.50282512705775,-0.530643217210667
"177",0.86719802622722,0.907612025005982,0.801041317374497,0.0748316701147475,0.760518465925385
"178",0.86719802622722,1.07341241543376,-0.648013947321558,-0.0756091744727732,0.349170880122171
"180",-0.32943435184465,-1.24779305055513,-0.0686092540860014,-0.000107027750946217,-0.472244529975416
"181",-0.32943435184465,-0.252990707988462,-0.9382598255465,-0.676245655110589,-0.630330454449022
"182",0.86719802622722,1.23921280586154,0.656461909869188,0.848446949585406,1.0361387127985
"183",1.10652450184159,0.576011244150427,2.72079495387355,0.853517989290603,1.50826426331449
"184",0.388545074998472,1.40501319628932,1.62938348669062,1.40344407287645,1.38475837903835
"185",0.627871550612846,1.40501319628932,1.26249965185572,0.60052945288687,1.11779280379685
"186",1.10652450184159,1.07341241543376,1.18803582167442,1.71221404603735,1.45757746357895
"187",0.388545074998472,1.07341241543376,0.0765136850264693,1.00733952701492,0.730429108911802
"188",0.86719802622722,1.23921280586154,0.728751613621843,-0.000107027750946217,0.813417510046509
"189",1.10652450184159,1.07341241543376,0.439049267004064,1.30089638106023,1.12466976686756
"190",0.627871550612846,0.244410463294871,0.22163662413894,1.14876518990431,0.643457719943382
"191",-1.28674025430215,0.0786100728670934,-0.229679747542225,-0.511007008995884,-0.55914315155202
"193",0.627871550612846,0.907612025005982,-0.648013947321558,-0.000107027750946217,0.254596884587269
"194",0.627871550612846,1.23921280586154,-0.430601304456434,1.117775502817,0.732852917275285
"195",0.388545074998472,0.244410463294871,0.656461909869188,-0.375927414791681,0.262093214718032
"201",-0.568760827459024,-0.252990707988462,-0.648013947321558,-0.225486570204161,-0.486391798585406
"202",-1.76539320553089,-1.57939383141068,-0.503434539816251,-2.1789637544174,-1.72928474470588
"203",0.388545074998472,0.0786100728670934,0.583628674509373,-0.000107027750946217,0.301454037452913
"204",-1.52606672991652,-1.08199266012735,-1.22796217216428,-0.0756091744727732,-1.12230220047771
"205",-2.00471968114527,-1.57939383141068,-1.66278745789453,-1.95358421196418,-2.06592107198444
"206",0.388545074998472,0.576011244150427,0.366216031644248,0.75097029747439,0.597281418481077
"207",0.627871550612846,1.40501319628932,1.57231266793853,1.4845807081596,1.46032935415409
"208",-0.32943435184465,1.07341241543376,0.583628674509373,2.30777948696997,1.04304374176245
"209",-0.0901078762302761,-0.0871903175606843,-0.286021896951126,-0.150547872338467,-0.176127403670178
"210",-4.39798443728901,-3.7347989069718,-2.24273568273725,-3.53124100913668,-3.99004620853164
"212",1.10652450184159,1.40501319628932,0.583628674509373,1.97196396871468,1.45383138517708
"213",-0.0901078762302761,-0.750391879271795,0.0765136850264693,-0.0756091744727732,-0.240891754449124
"214",0.388545074998472,1.23921280586154,0.148803388779123,-0.000107027750946217,0.509689855441412
"215",-0.808087303073398,0.0786100728670934,0.439049267004064,0.149770367980441,-0.0403566541061787
"216",0.86719802622722,0.244410463294871,-0.503434539816251,0.60052945288687,0.346794107054629
"217",-0.568760827459024,-1.08199266012735,0.0765136850264693,-0.300988716925988,-0.538029593152074
"218",1.10652450184159,0.907612025005982,1.09128719559944,0.623067407132192,1.06975685612364
"219",0.627871550612846,0.576011244150427,-0.575724243568904,-0.300988716925988,0.0938696542815525
"220",0.627871550612846,0.576011244150427,0.583628674509373,0.300211212567962,0.598997174719275
"221",0.388545074998472,1.07341241543376,0.148803388779123,0.149770367980441,0.505121322982973
"223",1.10652450184159,0.907612025005982,0.148803388779123,1.53134696321864,1.0599431726631
"224",0.149218599384098,-0.916192269699573,0.0765136850264693,0.375149910433655,-0.0904669215129492
"225",0.627871550612846,1.40501319628932,-0.286021896951126,0.525590755021176,0.651999090156415
"226",0.627871550612846,1.07341241543376,-2.09761274362478,0.525590755021176,0.0370870901391579
"227",-0.808087303073398,0.0786100728670934,-0.213188661591309,-0.150547872338467,-0.313658495823025
"228",0.388545074998472,0.244410463294871,-0.0686092540860014,-0.150547872338467,0.118724618824495
"229",1.10652450184159,1.23921280586154,2.03322747081259,1.35555092010514,1.64531368640822
"230",0.86719802622722,0.741811634578204,0.293926327891594,-0.82668649969811,0.308791205273991
"231",0.149218599384098,0.0786100728670934,0.293926327891594,-0.450866112657375,0.0203390247622913
"232",0.149218599384098,-0.252990707988462,0.583628674509373,-0.000107027750946217,0.137646930038527
"233",0.627871550612846,1.07341241543376,-0.140898957838655,1.78264515305398,0.959162650774947
"234",0.86719802622722,0.410210853722649,-1.15567246841162,-0.300988716925988,-0.0514300224944206
"235",0.149218599384098,1.07341241543376,0.148803388779123,-0.450866112657375,0.26412406695837
"236",-0.32943435184465,0.0786100728670934,-0.430601304456434,-0.300988716925988,-0.281868562064302
"237",0.86719802622722,1.40501319628932,0.873874552734313,1.78377205076625,1.41444595838203
"238",0.86719802622722,1.23921280586154,2.03322747081259,0.901411142061911,1.4463484070073
"239",0.86719802622722,1.23921280586154,1.26249965185572,0.75097029747439,1.18205208465449
"240",-0.32943435184465,-0.0871903175606843,0.293926327891594,0.39261682497378,0.0774434317370791
"241",0.388545074998472,-0.0871903175606843,1.26249965185572,1.06086716834756,0.753069755435915
"242",0.627871550612846,-0.916192269699573,0.0765136850264693,0.0748316701147475,-0.0393001698564528
"243",0.149218599384098,0.0786100728670934,0.366216031644248,0.225272514702268,0.235073701793671
"244",-2.48337263237402,-1.57939383141068,-3.03955301883793,-1.50282512705775,-2.46893773492225
"245",0.86719802622722,1.40501319628932,-0.213188661591309,0.930147033724696,0.857635047760987
"246",0.388545074998472,0.0786100728670934,0.148803388779123,0.225272514702268,0.241361090448422
"247",0.86719802622722,1.23921280586154,1.09128719559944,0.882253880953388,1.17059592613719
"248",-1.04741377868777,-1.24779305055513,0.00422398127381547,-0.150547872338467,-0.700509706665244
"249",-2.24404615675964,-2.07679500269402,-1.08283923305181,-1.65326597164527,-2.02473775422366
"250",0.86719802622722,1.23921280586154,1.62938348669062,0.75097029747439,1.28731624757603
"251",0.149218599384098,0.0786100728670934,-0.35831160070378,-0.300988716925988,-0.123795319561018
"252",-2.00471968114527,-0.41879109841624,-0.35831160070378,-1.50282512705775,-1.22932598945171
"253",0.627871550612846,1.23921280586154,-0.286021896951126,0.450652057155483,0.582927639725484
"254",-0.568760827459024,-1.57939383141068,-1.88020010075965,-1.42788642919206,-1.56547279249251
"255",-0.808087303073398,1.07341241543376,0.366216031644248,-0.225486570204161,0.116502802122106
"256",0.627871550612846,1.23921280586154,0.511338970756718,0.450652057155483,0.811701753808311
"258",0.86719802622722,1.07341241543376,0.656461909869188,0.75097029747439,0.960600804425461
"260",-0.808087303073398,-1.08199266012735,-0.430601304456434,-1.20250688673885,-1.01085252789755
"261",0.388545074998472,0.244410463294871,-0.503434539816251,-0.751747801832416,-0.178525673206678
"262",-0.32943435184465,-0.41879109841624,0.366216031644248,-0.751747801832416,-0.325290987051897
"263",0.627871550612846,-0.750391879271795,-0.575724243568904,-1.20250688673885,-0.545352485590094
"264",-0.808087303073398,-0.916192269699573,-0.9382598255465,-0.601306957244896,-0.936443696620297
"265",0.627871550612846,0.907612025005982,0.0765136850264693,1.22990182518747,0.815381055184169
"266",0.149218599384098,-0.916192269699573,-1.59049775414187,-0.901625197563804,-0.935080930867066
"267",-0.808087303073398,-0.41879109841624,0.439049267004064,-0.450866112657375,-0.355399191583563
"268",1.10652450184159,1.40501319628932,2.72079495387355,1.69023954064816,1.98618390328228
"269",-0.808087303073398,-0.750391879271795,-0.865426590186683,-0.300988716925988,-0.781810781092044
"270",0.86719802622722,1.40501319628932,0.801041317374497,0.901411142061911,1.14038724427237
"271",0.388545074998472,1.23921280586154,0.293926327891594,0.60052945288687,0.723658784043018
"272",1.10652450184159,0.0786100728670934,0.366216031644248,0.60052945288687,0.617404833999787
"273",0.388545074998472,1.23921280586154,0.873874552734313,0.853517989290603,0.962640125313199
"274",0.627871550612846,0.0786100728670934,0.439049267004064,0.149770367980441,0.371640257098936
"275",0.149218599384098,0.0786100728670934,0.656461909869188,0.450652057155483,0.38301393010376
"276",0.86719802622722,1.23921280586154,2.25064011367771,1.90829424797165,1.79761617878358
"277",0.86719802622722,0.244410463294871,1.47393344704206,2.20917593714669,1.37567239409246
"278",0.86719802622722,1.23921280586154,1.09128719559944,0.930147033724696,1.18433714926416
"280",0.86719802622722,1.07341241543376,0.873874552734313,1.81701553327809,1.32884302829977
"281",0.86719802622722,0.741811634578204,-0.503434539816251,0.225272514702268,0.38183901563889
"282",0.86719802622722,0.576011244150427,-0.0686092540860014,0.225272514702268,0.459026064290992
"284",0.86719802622722,1.07341241543376,0.801041317374497,0.825908995340084,1.02358365461945
"285",0.86719802622722,0.907612025005982,1.74678631383779,0.882253880953388,1.26352694167682
"286",0.627871550612846,0.410210853722649,0.148803388779123,-0.0756091744727732,0.318840984335713
"287",0.627871550612846,1.07341241543376,0.439049267004064,0.375149910433655,0.721727703160582
"288",1.10652450184159,1.07341241543376,0.873874552734313,0.525590755021176,1.0269811400847
"290",0.86719802622722,0.907612025005982,0.583628674509373,-0.901625197563804,0.417980412370941
"291",-1.52606672991652,-0.41879109841624,-2.38731509024255,-2.32940459900492,-1.91130083842651
"292",0.149218599384098,0.907612025005982,-0.35831160070378,-0.000107027750946217,0.200384282833244
"293",0.149218599384098,-0.0871903175606843,-0.793136886434029,-0.450866112657375,-0.339125269074982
"294",0.627871550612846,1.40501319628932,0.00422398127381547,0.225272514702268,0.649109186966918
"295",-1.52606672991652,-0.916192269699573,-0.35831160070378,-0.901625197563804,-1.06221235343134
"296",0.86719802622722,1.23921280586154,1.26249965185572,0.930147033724696,1.23346042529422
"297",-0.0901078762302761,0.410210853722649,0.656461909869188,-0.000107027750946217,0.280159574941019
"298",0.86719802622722,1.07341241543376,1.44186508221945,1.78377205076625,1.48226952172852
"300",0.86719802622722,1.23921280586154,1.82668546009072,0.450652057155483,1.25775942311308
"301",0.627871550612846,-0.584591488844018,-0.503434539816251,-0.601306957244896,-0.304548303442779
"302",1.10652450184159,1.23921280586154,0.511338970756718,0.930147033724696,1.08660795026162
"303",0.388545074998472,0.0786100728670934,-0.213188661591309,-0.450866112657375,-0.056493288563971
"304",-0.32943435184465,0.410210853722649,-1.37308511127675,-0.450866112657375,-0.500141490359779
"305",-0.32943435184465,0.0786100728670934,0.511338970756718,0.0849737495251425,0.0991255218135548
"306",0.627871550612846,0.907612025005982,1.09128719559944,0.75097029747439,0.969121701210044
"307",0.388545074998472,1.23921280586154,0.801041317374497,0.450652057155483,0.826155303921805
"308",-2.24404615675964,-1.74519422183846,-0.720847182681375,-1.95358421196418,-1.91190171000608
"309",0.388545074998472,0.907612025005982,0.583628674509373,0.375149910433655,0.64697295105612
"310",0.627871550612846,0.907612025005982,1.01845396023962,0.853517989290603,0.977647199170342
"311",0.388545074998472,1.40501319628932,0.22163662413894,0.375149910433655,0.685823743627162
"312",0.149218599384098,0.907612025005982,2.03322747081259,0.509250738193318,1.03269262766525
"314",1.10652450184159,0.907612025005982,0.801041317374497,1.72573681858454,1.30285266205206
"315",0.149218599384098,0.741811634578204,-0.140898957838655,-0.225486570204161,0.150527988851534
"318",0.627871550612846,1.23921280586154,1.36577065721666,0.450652057155483,1.05685029323449
"319",-0.0901078762302761,0.410210853722649,0.0765136850264693,0.0748316701147475,0.135265196728458
"320",0.388545074998472,0.907612025005982,1.26249965185572,0.0748316701147475,0.755585087109446
"321",0.627871550612846,0.576011244150427,1.26249965185572,1.14538449676752,1.03626703568006
"322",0.388545074998472,-0.584591488844018,0.293926327891594,-0.300988716925988,-0.0582747891489289
"323",0.388545074998472,0.907612025005982,2.03322747081259,1.49246899214547,1.38345800725708
"324",0.627871550612846,1.07341241543376,2.47946692029326,0.676031599608697,1.3934796094395
"325",0.86719802622722,1.40501319628932,1.01845396023962,1.58149391141449,1.39789137588814
"326",0.388545074998472,1.07341241543376,0.0765136850264693,0.60052945288687,0.613709543056817
"327",0.86719802622722,1.23921280586154,1.26249965185572,0.924512545163365,1.23184381080869
"328",1.10652450184159,1.23921280586154,1.01845396023962,1.22990182518747,1.31811030608539
"329",0.149218599384098,0.244410463294871,1.44186508221945,0.509250738193318,0.67274048063279
"331",0.86719802622722,1.07341241543376,1.09128719559944,0.75097029747439,1.085358330851
"332",-1.28674025430215,-0.0871903175606843,0.00422398127381547,-1.05206604215132,-0.694840831802907
"333",0.627871550612846,1.07341241543376,1.09128719559944,-0.000107027750946217,0.801197468062847
"334",0.627871550612846,0.576011244150427,1.95169772973817,1.31441915360743,1.28250614963032
"335",0.86719802622722,0.741811634578204,1.95169772973817,1.50204762269973,1.45257604163929
"336",0.86719802622722,1.40501319628932,2.72079495387355,2.39004301996539,2.11830127051711
"337",0.627871550612846,0.576011244150427,0.439049267004064,0.699696451566284,0.672133264206586
"338",-1.52606672991652,-0.252990707988462,-0.503434539816251,-1.42788642919206,-1.06456005973027
"339",-0.808087303073398,-0.252990707988462,1.29021976382103,0.0748316701147475,0.0872142756674441
"340",0.388545074998472,0.907612025005982,0.728751613621843,-0.526368259379202,0.429952457816464
"341",0.388545074998472,0.907612025005982,0.511338970756718,-0.676245655110589,0.324571749288701
"342",0.388545074998472,0.244410463294871,1.09128719559944,0.545874913841965,0.65132887097564
"343",1.10652450184159,0.576011244150427,0.583628674509373,0.149770367980441,0.693165871690766
"344",-0.0901078762302761,0.244410463294871,0.0765136850264693,-0.300988716925988,-0.0201334672295677
"345",0.86719802622722,1.23921280586154,0.439049267004064,0.676031599608697,0.924291546328629
"346",0.86719802622722,0.410210853722649,0.583628674509373,0.300211212567962,0.620092848813361
"347",-1.28674025430215,-0.252990707988462,0.293926327891594,0.149770367980441,-0.314467737832607
"348",1.10652450184159,0.907612025005982,-0.793136886434029,0.450652057155483,0.479620522719874
"349",-0.32943435184465,0.410210853722649,0.22163662413894,-0.375927414791681,-0.021092289536628
"350",0.86719802622722,0.907612025005982,2.72079495387355,2.4925907117816,2.00501222083338
"351",0.627871550612846,0.741811634578204,-0.213188661591309,0.60052945288687,0.504115037396455
"352",0.86719802622722,0.907612025005982,0.946164256486967,0.776325496000377,1.00342479381791
"353",0.86719802622722,1.07341241543376,1.44186508221945,1.27328738710971,1.33580424933986
"355",-1.04741377868777,-0.750391879271795,0.148803388779123,-1.12700474001702,-0.796475686150129
"356",0.627871550612846,0.410210853722649,0.366216031644248,0.75097029747439,0.618377092575163
"357",0.86719802622722,0.907612025005982,1.26249965185572,0.676031599608697,1.06541015645012
"358",-0.568760827459024,-0.41879109841624,0.728751613621843,0.860842824420333,0.172734514495449
"359",0.86719802622722,0.410210853722649,0.946164256486967,0.39261682497378,0.750621914033279
"360",0.149218599384098,-0.0871903175606843,0.366216031644248,0.149770367980441,0.165840589914187
"362",1.10652450184159,1.07341241543376,0.22163662413894,0.525590755021176,0.839844850446399
"363",0.388545074998472,0.410210853722649,1.74678631383779,1.18426246784069,1.07013374104568
"364",0.86719802622722,0.741811634578204,0.148803388779123,-0.000107027750946217,0.504310725856149
"365",0.86719802622722,0.907612025005982,0.946164256486967,2.01027849093173,1.35746336614813
"366",1.10652450184159,1.07341241543376,0.728751613621843,1.2338459671804,1.18855175647081
"367",-0.0901078762302761,-0.750391879271795,-0.430601304456434,0.225272514702268,-0.300063006115811
"368",1.10652450184159,0.907612025005982,0.511338970756718,0.300211212567962,0.810729495232935
"369",1.10652450184159,0.907612025005982,1.44186508221945,0.776325496000377,1.21431452581054
"371",0.149218599384098,0.741811634578204,-0.248681275539041,0.0434602272701392,0.196768358269069
"373",0.673343580979577,0.698703533066981,0.366216031644248,0.676031599608697,0.692695320098268
"374",-0.0901078762302761,0.576011244150427,0.0765136850264693,0.676031599608697,0.355328440107528
"375",-0.0901078762302761,1.07341241543376,1.36577065721666,1.15327278075338,1.0048731862036
"1000",-0.568760827459024,-0.252990707988462,0.366397207034864,0.0748316701147475,-0.109177334336447
"1001",0.149218599384098,0.244410463294871,-0.285215915672128,0.1667298066738,0.0789424061596717
"1002",0.627871550612846,1.23921280586154,1.01863513563024,0.600717268984431,1.00030803319557
"1004",-0.0901078762302761,-0.41879109841624,-1.80772921998579,-1.35257209856779,-1.05274547631408
"1005",0.149218599384098,-1.24779305055513,0.801222492765112,-0.000294843848507825,-0.0853990787020822
"1006",-2.72269910798839,-4.39800046868291,-2.67737979144629,-2.40434329687061,-3.50104770362236
"1007",0.86719802622722,0.410210853722649,-0.503253364425634,-0.300800900828426,0.135812136022368
"1010",0.86719802622722,0.741811634578204,-0.0684280786953854,0.90122332596435,0.700588375014784
"1011",0.627871550612846,1.23921280586154,-0.140898957838655,0.675843783511135,0.689176156495421
"1012",0.627871550612846,1.23921280586154,0.946164256486967,0.525590755021176,0.957960252891344
"1013",0.388545074998472,0.907612025005982,0.801222492765112,0.525590755021176,0.752567302815289
"1014",0.86719802622722,0.576011244150427,0.221455448748324,0.675843783511135,0.671525003143642
"1016",0.86719802622722,1.07341241543376,1.09110602020882,0.675843783511135,1.06375148931502
"1018",0.149218599384098,1.23921280586154,1.09110602020882,0.675843783511135,0.905323511485891
"1019",0.675736845735721,0.907612025005982,0.221455448748324,0.969940942750814,0.796113673096958
"1020",-1.28674025430215,-1.08199266012735,0.148984564169739,-1.05206604215132,-0.938729839124163
"1022",0.86719802622722,0.0786100728670934,0.946164256486967,-0.000294843848507825,0.542749041749612
"1024",0.388545074998472,0.907612025005982,0.293926327891594,0.300211212567962,0.542352276417609
"1027",0.86719802622722,0.576011244150427,1.09110602020882,0.75097029747439,0.942594915747842
"1028",0.86719802622722,1.23921280586154,1.09110602020882,0.90122332596435,1.17598654650949
"1029",0.627871550612846,0.410210853722649,0.366397207034864,0.675843783511135,0.596874214604889
"1031",0.388545074998472,1.40501319628932,0.873693377343698,0.826096811437646,1.00229109742033
"1035",0.149218599384098,-0.584591488844018,-0.140898957838655,-0.225674386301722,-0.230089720431565
"1036",0.627871550612846,1.40501319628932,1.09110602020882,0.826096811437646,1.13333601250062
"1037",0.632658080125133,0.541193162160594,0.946164256486967,0.300211212567962,0.694397285081495
"1038",0.149218599384098,0.907612025005982,0.583809849899987,0.300211212567962,0.556857808313958
"1040",-1.28674025430215,-0.584591488844018,0.946164256486967,-0.150547872338467,-0.308637955819711
"1044",0.86719802622722,0.741811634578204,-0.503253364425634,0.525590755021176,0.468056549500286
"1046",0.86719802622722,0.576011244150427,0.00404280588319943,0.450464241057921,0.54448166050983
"1048",0.627871550612846,1.23921280586154,-0.35831160070378,0.600717268984431,0.605242533367864
"1050",0.86719802622722,1.23921280586154,1.09110602020882,0.75097029747439,1.13287682684158
"1054",-0.568760827459024,-0.584591488844018,-2.17008362439864,-1.50282512705775,-1.38472258274112
"1055",-0.0015570802529575,-0.528219356098573,-0.28584072156051,0.225084698604707,-0.169432117484713
"1058",0.388545074998472,-1.08199266012735,-0.43078247984705,0.149958184078003,-0.279532386720914
"1059",-0.568760827459024,-1.24779305055513,-1.15549129139041,-1.57795164102101,-1.30545845869902
"1061",0.388545074998472,1.23921280586154,1.09110602020882,0.300211212567962,0.866215364264449
"1064",0.0104092435277614,-0.102112352699185,0.148984564169739,-0.225674386301722,-0.0483143144301664
"1066",-0.233703761598901,-0.566353445896962,-1.4453748150294,-0.601306957244896,-0.816769689230088
"1068",-0.808087303073398,-1.41359344098291,-0.720666007290759,-0.901813013661365,-1.10294382411915
"1070",-1.13536625847605,-0.864794148666962,-2.60490891012889,-2.02871072592744,-1.90332534974532
"1073",1.10652450184159,1.40501319628932,0.801222492765112,0.75097029747439,1.16594177115919
"1074",0.627871550612846,1.40501319628932,1.99104292832937,1.59085652807318,1.61096102642942
"1082",0.627871550612846,0.244410463294871,-0.865607765577299,0.300211212567962,0.0880497805764544
"1083",-0.32943435184465,0.907612025005982,0.221455448748324,0.149958184078003,0.272451180596035
"1085",0.149218599384098,-0.252990707988462,-0.43078247984705,-0.52618044328164,-0.304339887984399
"1087",-0.808087303073398,-0.750391879271795,-1.66278745789453,-1.72820466951097,-1.42007334435864
"1091",-0.568760827459024,0.0786100728670934,0.00404280588319943,-0.976939528188069,-0.419769020456643
"1092",-1.28674025430215,-0.252990707988462,0.0765136850264693,-0.300800900828426,-0.506121772791834
"1093",0.86719802622722,1.40501319628932,0.511338970756718,0.75097029747439,1.01410393552781
"1094",0.86719802622722,0.741811634578204,1.01863513563024,0.90122332596435,1.01248219107862
"1095",-0.32943435184465,-0.584591488844018,-1.37290393425554,-0.300800900828426,-0.74245654233906
"1096",0.149218599384098,-1.08199266012735,0.221455448748324,0.375337726531217,-0.0963976695290839
"1097",0.86719802622722,0.410210853722649,0.293926327891594,0.375337726531217,0.558528006585475
"1098",1.10652450184159,0.907612025005982,0.511338970756718,0.450464241057921,0.853839214900852
"1099",-0.0901078762302761,-1.24779305055513,-0.503253364425634,-0.375927414791681,-0.636112108935171
"1102",0.627871550612846,1.40501319628932,1.44166283954374,0.600717268984431,1.16925114425801
"1103",0.86719802622722,-0.584591488844018,-0.575724243568904,-0.150547872338467,-0.127293931501415
"1104",-0.808087303073398,-1.24779305055513,-0.89385510320155,-0.880529422218891,-1.09895718475121
"1106",-0.32943435184465,-1.08199266012735,-0.35831160070378,-0.0754213583752116,-0.529402501193416
"1108",0.627871550612846,0.0786100728670934,-1.01054952929915,0.600717268984431,0.0851128993155249
"1115",0.0475048472479888,-0.288124599929966,-0.213369836981925,0.225084698604707,-0.0656760518130683
"1118",1.10652450184159,1.23921280586154,0.873693377343698,0.525590755021176,1.07449963607528
"1119",-0.808087303073398,-0.750391879271795,-0.648195122712174,-0.451053928754937,-0.762539832072755
"1120",0.86719802622722,0.0786100728670934,0.366397207034864,-0.375927414791681,0.268631373573446
"1125",-1.28674025430215,-1.24779305055513,-1.30043305293814,-1.12719255611458,-1.42371359749737
"1126",1.10652450184159,1.23921280586154,1.09110602020882,0.976349839927605,1.26620755813014
"1127",1.10652450184159,0.576011244150427,-0.575724243568904,0.300211212567962,0.403694723622227
"1128",0.149218599384098,0.410210853722649,0.221455448748324,-0.225674386301722,0.159297752083473
"1129",0.86719802622722,1.40501319628932,-3.03973419585914,-0.82668649969811,-0.457401252842736
"1130",0.224606439202626,-0.212093277796943,-1.08302041007302,0.853415544146479,-0.0622866814611312
"1133",-2.00471968114527,0.410210853722649,0.0765136850264693,-0.375927414791681,-0.543393177053785
"1134",-0.295928645258638,-0.63963721846604,-0.140898957838655,-0.601306957244896,-0.481376460614892
"1136",0.0630610681629234,-0.194447379338272,-0.140898957838655,0.149958184078003,-0.035097371363379
"1140",0.86719802622722,0.0786100728670934,0.583809849899987,0.675843783511135,0.632778174138309
"1142",-0.32943435184465,-1.08199266012735,0.293926327891594,-0.150547872338467,-0.36382107130824
"1146",1.10652450184159,0.907612025005982,0.583809849899987,0.675843783511135,0.939296714872996
"1147",0.86719802622722,1.23921280586154,1.09110602020882,0.90122332596435,1.17598654650949
"1150",-0.0901078762302761,0.0786100728670934,-1.08302041007302,0.149958184078003,-0.271007636148062
"1152",0.627871550612846,1.23921280586154,1.09110602020882,0.675843783511135,1.04265581522093
"1153",0.149218599384098,-0.916192269699573,-1.22796217216428,-0.676433471208151,-0.766453650884361
"1154",-2.24404615675964,-2.07679500269402,-1.73525833866839,-2.70484935328708,-2.51364017620747
"1157",1.10652450184159,1.23921280586154,1.09110602020882,0.90122332596435,1.24465269837701
"1160",-1.28674025430215,-0.916192269699573,-3.03973419585914,-1.35257209856779,-1.89226732707369
"1161",0.86719802622722,-0.750391879271795,0.438868091613448,0.0748316701147475,0.180901065658936
"1163",-0.32943435184465,-0.0871903175606843,0.00404280588319943,-0.150547872338467,-0.161569888431506
"1165",0.388545074998472,0.576011244150427,0.148984564169739,-0.225674386301722,0.254741459613857
"1167",0.86719802622722,1.07341241543376,0.366397207034864,0.976349839927605,0.942041716740315
"1168",-0.32943435184465,-0.916192269699573,-0.35831160070378,-0.976939528188069,-0.740490341104161
"1174",0.388545074998472,-0.0871903175606843,0.366397207034864,0.149958184078003,0.234612610660191
"1175",0.627871550612846,1.07341241543376,0.293926327891594,0.675843783511135,0.766363205147523
"1176",0.149218599384098,-0.252990707988462,0.00404280588319943,-0.225674386301722,-0.0933629222230293
"1178",0.149218599384098,-0.750391879271795,-0.503253364425634,-0.000294843848507825,-0.31696022465839
"1179",1.10652450184159,0.907612025005982,-0.938078650155883,0.90122332596435,0.567309951804664
"1180",-0.568760827459024,0.410210853722649,0.221455448748324,0.525590755021176,0.168847894497177
"1182",0.86719802622722,0.244410463294871,1.09110602020882,0.300211212567962,0.718124801358886
"1183",0.627871550612846,-0.0871903175606843,1.09110602020882,0.675843783511135,0.662091993033462
"1185",1.10652450184159,0.907612025005982,1.01863513563024,0.450464241057921,0.999389661877487
"1186",0.388545074998472,1.23921280586154,0.946164256486967,0.149958184078003,0.781519801934863
"1187",1.10652450184159,0.410210853722649,-0.213369836981925,-0.225674386301722,0.309204833128013
"1188",-1.04741377868777,-0.916192269699573,-0.213369836981925,-0.601306957244896,-0.797128654956089
"1189",0.86719802622722,0.0786100728670934,0.801222492765112,0.75097029747439,0.716711797104205
"1190",0.388545074998472,0.741811634578204,-0.720666007290759,-0.451053928754937,-0.0118676948848265
"1191",-0.32943435184465,-1.74519422183846,-1.15549129139041,-0.751559985734855,-1.14240028238242
"1193",0.627871550612846,1.40501319628932,1.09110602020882,0.976349839927605,1.17644573216854
"1195",-0.580727151239743,-0.859820136954128,-0.793136886434029,-0.751559985734855,-0.85650878512658
"1197",-1.28674025430215,-0.252990707988462,-0.0684280786953854,-0.751559985734855,-0.677036774295591
"1198",-0.568760827459024,0.0786100728670934,-0.575724243568904,-1.12719255611458,-0.629222109050103
"1199",-0.808087303073398,-0.750391879271795,-0.35831160070378,-1.50282512705775,-0.981136185660983
"1201",0.388545074998472,0.907612025005982,0.00404280588319943,0.0748316701147475,0.394516013232697
"1203",0.86719802622722,-0.252990707988462,-1.51784569580327,-3.005355410267,-1.12154562254501
"1204",0.627871550612846,0.741811634578204,-1.30043305293814,0.225084698604707,0.0844488272502503
"1205",0.627871550612846,1.07341241543376,0.221455448748324,0.600717268984431,0.724015424681634
"1206",0.388545074998472,-0.584591488844018,-1.30043305293814,-0.601306957244896,-0.601884604735788
"1209",0.388545074998472,0.410210853722649,0.438868091613448,0.300211212567962,0.441226685758977
"1210",-1.28674025430215,-1.24779305055513,-1.15549129139041,-0.52618044328164,-1.20968887711115
"4001",0.388545074998472,0.907612025005982,-1.01054952929915,0.375337726531217,0.189634556894129
"4002",1.10652450184159,1.40501319628932,2.56246701220074,2.14974849045534,2.07259699565361
"4003",0.627871550612846,0.576011244150427,0.656280734478574,0.375337726531217,0.641396938365826
"4004",-0.32943435184465,-0.252990707988462,-0.43078247984705,0.225084698604707,-0.226123593541514
"4006",-0.20139468739096,-0.60537180389163,-0.0684280786953854,-0.0754213583752116,-0.27274515924916
"4007",0.149218599384098,0.576011244150427,-0.793136886434029,0.149958184078003,0.0235416332714659
"4009",0.86719802622722,0.576011244150427,0.511338970756718,0.93024947886882,0.827689280261621
"4011",0.149218599384098,0.0786100728670934,0.148984564169739,0.300211212567962,0.194247893021254
"4012",-2.24404615675964,-3.07159734526068,-0.503253364425634,-1.12719255611458,-1.99293132926687
"4013",0.627871550612846,0.576011244150427,0.583809849899987,0.766567497700703,0.732853372759821
"4014",1.10652450184159,1.23921280586154,1.54009444058119,0.776581608860688,1.33771235643283
"4015",-0.216950908305895,-0.594539512269685,-1.80772921998579,-0.676433471208151,-0.945569504980568
"4016",0.86719802622722,-0.41879109841624,-0.43078247984705,-0.52618044328164,-0.145911910155275
"4017",0.689617781321354,0.474873005989482,0.873693377343698,1.31441915360743,0.961909324960192
"4020",0.627871550612846,0.741811634578204,1.88125747380863,3.07423201864334,1.81478153036083
"4021",0.627871550612846,1.23921280586154,0.873693377343698,2.89571110305464,1.61718839287931
"4022",0.627871550612846,0.0786100728670934,-0.575724243568904,0.882135112695901,0.290613186628319
"4023",-0.808087303073398,-0.584591488844018,-0.503253364425634,-0.82668649969811,-0.781157812286084
"4024",0.86719802622722,0.907612025005982,2.01398545725618,1.60811573339043,1.54845019130923
"4025",-0.568760827459024,-0.916192269699573,-0.503253364425634,-0.751559985734855,-0.786077756212304
"4026",-0.808087303073398,-1.08199266012735,-1.30043305293814,-0.300800900828426,-1.00170735821951
"4028",0.86719802622722,0.741811634578204,0.656280734478574,0.525590755021176,0.800743287674695
"4029",0.149218599384098,-0.252990707988462,0.221455448748324,1.94226216231231,0.591027508959732
"4030",0.627871550612846,0.244410463294871,1.55181375928182,0.600717268984431,0.867861657142524
"4031",-1.28674025430215,-0.750391879271795,0.366397207034864,-0.0754213583752116,-0.500996942927222
"4034",1.10652450184159,1.40501319628932,-0.28584072156051,1.08391734887695,0.949575174709319
"4035",-1.52606672991652,-1.24779305055513,-2.24255450571604,-1.95358421196418,-1.9997911813219
"4036",-0.0901078762302761,-1.08199266012735,-0.35831160070378,0.600717268984431,-0.266742611062763
"4037",0.388545074998472,-0.252990707988462,-1.51784569580327,0.525590755021176,-0.245799515296466
"4038",1.10652450184159,1.23921280586154,3.90395810560695,2.74672957410104,2.58120161116522
"4039",0.627871550612846,1.23921280586154,0.728751613621843,1.53113025233684,1.18408499792695
"4040",1.10652450184159,0.576011244150427,1.24666610326657,0.675843783511135,1.03433859657036
"4043",-1.04741377868777,-1.24779305055513,-0.0684280786953854,-0.225674386301722,-0.742909470311795
"4044",-0.32943435184465,0.244410463294871,0.221455448748324,0.225084698604707,0.10372412941709
"4047",-0.0901078762302761,-1.08199266012735,0.221455448748324,0.0748316701147475,-0.251283260570775
"4048",0.627871550612846,-0.252990707988462,1.18828288396645,0.359418856170183,0.551616143875502
"4049",-0.808087303073398,-0.252990707988462,0.293926327891594,0.450464241057921,-0.0908621076661042
"4051",1.10652450184159,0.0786100728670934,-0.43078247984705,0.375337726531217,0.324123992716723
"4053",0.149218599384098,-0.750391879271795,-0.28584072156051,0.0748316701147475,-0.233026601692494
"4054",0.627871550612846,-0.41879109841624,0.148984564169739,0.0748316701147475,0.124204184014947
"4055",-0.32943435184465,-0.750391879271795,0.873693377343698,1.12328934908994,0.263145174523891
"4056",0.627871550612846,0.410210853722649,-0.720666007290759,-0.976939528188069,-0.189226517321053
"4057",0.627871550612846,0.0786100728670934,-0.213369836981925,-0.375927414791681,0.0336218541781911
"4058",0.86719802622722,-0.584591488844018,-1.08302041007302,-0.82668649969811,-0.466838117209026
"4059",0.388545074998472,0.244410463294871,-1.30043305293814,0.525590755021176,-0.0407093187633969
"4060",1.10652450184159,0.576011244150427,-0.140898957838655,0.675843783511135,0.636226549136725
"4061",-1.28674025430215,-1.08199266012735,-0.503253364425634,-1.4276986130945,-1.23364042785143
"4062",0.86719802622722,1.23921280586154,1.56516548276419,2.2294296922672,1.6930821114374
"4063",-1.04741377868777,-0.750391879271795,0.293926327891594,-0.225674386301722,-0.496233431117058
"4064",-0.0901078762302761,0.0786100728670934,-0.28584072156051,0.149958184078003,-0.0422855049397179
"4065",1.10652450184159,0.907612025005982,-0.0684280786953854,1.35564711885524,0.947205620067206
"4066",1.10652450184159,0.410210853722649,-0.35831160070378,-0.150547872338467,0.289173850219473
"4067",0.86719802622722,0.741811634578204,0.946164256486967,0.675843783511135,0.92702469110648
"4068",0.149218599384098,0.741811634578204,-0.35831160070378,0.675843783511135,0.346753656227314
"4069",0.0199823025523361,-0.251332704084183,-0.575724243568904,0.225084698604707,-0.16698114969887
"4070",-0.808087303073398,-0.252990707988462,0.0765136850264693,-0.0754213583752116,-0.304124889635751
"4071",0.627871550612846,0.576011244150427,0.293926327891594,0.375337726531217,0.537432332491389
"4072",1.10652450184159,0.576011244150427,-0.226872368744017,0.327608583016401,0.511645955301277
"4074",-2.48337263237402,-1.41359344098291,-0.213369836981925,-0.225674386301722,-1.24406270039254
"4075",-0.32943435184465,-0.0871903175606843,-0.213369836981925,-1.20231907064128,-0.52571668899637
"4078",0.149218599384098,-0.252990707988462,-1.30043305293814,-0.901813013661365,-0.661629240230612
"4080",0.86719802622722,1.40501319628932,-1.66278745789453,0.450464241057921,0.304096864225952
"4081",0.86719802622722,1.07341241543376,1.09110602020882,1.07056314952199,1.17700205995069
"4083",-0.0901078762302761,0.0786100728670934,-0.43078247984705,0.149958184078003,-0.0838713460419174
"4084",1.10652450184159,0.576011244150427,0.366397207034864,0.630942704748818,0.768894241351716
"4085",-0.0901078762302761,-0.584591488844018,-1.95267098153352,-0.82668649969811,-0.991017777530175
"4086",-0.0374560515951141,-0.521587340481463,-0.503253364425634,-0.000294843848507825,-0.304872563787717
"4089",-0.0901078762302761,-0.41879109841624,-0.28584072156051,-0.000294843848507825,-0.228106657766274
"4090",1.10652450184159,0.0786100728670934,-0.213369836981925,-0.52618044328164,0.127844438245313
"4091",0.627871550612846,-0.0871903175606843,0.221455448748324,0.300211212567962,0.304802641093428
"4092",0.86719802622722,0.576011244150427,0.366397207034864,0.525590755021176,0.670001124577925
"4093",0.149218599384098,0.576011244150427,0.366397207034864,1.71742193676417,0.805955897158427
"4095",1.10652450184159,0.0786100728670934,-0.648195122712174,0.225084698604707,0.218635509997699
"4096",-0.568760827459024,-0.584591488844018,-1.15549129139041,-0.901813013661365,-0.921182809342156
"4097",-1.76539320553089,-1.91099461226624,-1.73525833866839,-0.52618044328164,-1.70364646040334
"4100",0.149218599384098,0.410210853722649,1.41242269795648,0.829097342813967,0.80363203789339
"4103",0.627871550612846,1.07341241543376,1.77429249176251,1.31061872431629,1.37322711329675
"4104",0.627871550612846,0.741811634578204,0.873693377343698,1.34034336673735,1.02821995051881
"4105",0.149218599384098,0.410210853722649,-0.393221978158602,0.25407357147906,0.120584578396211
"4106",0.86719802622722,0.907612025005982,-0.575724243568904,0.525590755021176,0.49483410672262
"4107",0.388545074998472,0.410210853722649,-0.503253364425634,0.600717268984431,0.257138149971509
"4108",1.10652450184159,0.741811634578204,-0.0684280786953854,0.675843783511135,0.704589947461258
"4109",-0.32943435184465,0.244410463294871,0.873693377343698,0.0850761946692661,0.250689998422678
"4110",0.86719802622722,1.07341241543376,-0.43078247984705,0.375337726531217,0.540880707489805
"4111",0.86719802622722,0.907612025005982,0.221455448748324,1.04095722070388,0.871422169480767
"4112",-0.808087303073398,-0.0871903175606843,-0.22060605806883,-0.322416676924727,-0.412668721239893
"4114",-0.0901078762302761,-0.41879109841624,-0.0684280786953854,-0.676433471208151,-0.35972163281664
"4115",-0.808087303073398,-0.916192269699573,-0.584429809955401,-0.793629391981648,-0.890104886648559
"4117",0.627871550612846,0.907612025005982,1.09110602020882,1.26296836729158,1.11596920945516
"4119",0.627871550612846,0.244410463294871,0.221455448748324,0.300211212567962,0.399943596640295
"4120",0.388545074998472,0.576011244150427,0.366397207034864,0.758341664464455,0.599448349744182
"4121",0.627871550612846,0.410210853722649,-0.28584072156051,-0.751559985734855,0.000195588525528011
"4122",0.149218599384098,0.907612025005982,0.293926327891594,-0.150547872338467,0.344356965708001
"4123",-0.32943435184465,-0.252990707988462,-0.575724243568904,-0.0754213583752116,-0.353928875539016
"4124",0.149218599384098,-0.41879109841624,-0.43078247984705,0.600717268984431,-0.0285874686526094
"4125",0.388545074998472,-0.252990707988462,-0.0684280786953854,-0.225674386301722,-0.0454896924660787
"4126",0.86719802622722,-0.0871903175606843,0.977507387086136,1.58684023476387,0.959542860582717
"4128",0.388545074998472,0.741811634578204,1.51759349303798,-0.15764151200665,0.714504796459811
"4131",0.388545074998472,0.0786100728670934,0.293926327891594,0.960625685658824,0.493982143487031
"4132",0.388545074998472,0.0786100728670934,-0.140898957838655,-0.451053928754937,-0.0358062368913561
"4133",-0.568760827459024,-0.916192269699573,-0.28584072156051,-0.52618044328164,-0.659034413578491
"4134",0.627871550612846,0.0786100728670934,-1.08302041007302,0.0748316701147475,-0.0865640402986325
"4135",-1.04741377868777,-0.41879109841624,0.221455448748324,-0.451053928754937,-0.486549975542335
"4136",-0.568760827459024,-0.252990707988462,-1.15549129139041,-0.751559985734855,-0.782932134289033
"4138",-0.0901078762302761,-0.41879109841624,-0.575724243568904,0.300211212567962,-0.225058902355969
"4140",0.86719802622722,0.244410463294871,-0.0684280786953854,0.225084698604707,0.363883203431349
"4141",-1.04741377868777,-0.584591488844018,-1.22796217216428,-1.35257209856779,-1.20863719293822
"4142",0.627871550612846,0.907612025005982,-0.35831160070378,0.600717268984431,0.510101577820997
"4143",0.86719802622722,0.741811634578204,-0.28584072156051,0.525590755021176,0.530435312713054
"4144",0.627871550612846,0.741811634578204,-1.01054952929915,-0.225674386301722,0.0382913526398694
"4146",0.388545074998472,0.244410463294871,-0.0353176007223664,0.0373444936600928,0.182185443312066
"4148",0.627871550612846,1.07341241543376,-0.575724243568904,0.450464241057921,0.452183572875407
"4150",-3.91933148606026,-3.23739773568846,0.00404280588319943,0.600717268984431,-1.87985264612327
"4151",0.149218599384098,-0.750391879271795,-0.720666007290759,-0.150547872338467,-0.422448707539075
"4152",-0.568760827459024,-0.750391879271795,-0.43078247984705,-0.225674386301722,-0.566830337571423
"4155",0.388545074998472,-0.0871903175606843,0.438868091613448,0.525590755021176,0.363179831859721
"4156",0.388545074998472,0.410210853722649,-0.720666007290759,0.450464241057921,0.151649667252485
"4157",-0.0901078762302761,-0.916192269699573,-0.436585587451296,-0.254544064387805,-0.487016624378246
"4158",1.10652450184159,0.410210853722649,0.511338970756718,1.06344340921244,0.887000177411695
"4159",0.627871550612846,-0.41879109841624,0.221455448748324,0.976349839927605,0.403655423809695
"4160",-0.808087303073398,-1.74519422183846,-0.888066491585265,-0.707220753380123,-1.19028307442359
"4161",0.388545074998472,0.576011244150427,-0.213369836981925,0.300211212567962,0.301660873894106
"4162",0.388545074998472,0.576011244150427,0.221455448748324,0.525590755021176,0.491082979740687
"4163",-0.0901078762302761,0.741811634578204,0.438868091613448,1.01033360971908,0.602779500192725
"4164",-0.568760827459024,-0.916192269699573,-1.22796217216428,-1.05206604215132,-1.08022640557588
"4165",0.627871550612846,-0.0871903175606843,0.00404280588319943,1.35212657264131,0.544233277284336
"4167",0.86719802622722,0.0786100728670934,0.293926327891594,0.0748316701147475,0.377167611864435
"4172",-0.0901078762302761,-0.252990707988462,-0.140898957838655,0.300211212567962,-0.0527308981569997
"4173",0.86719802622722,0.244410463294871,0.946164256486967,0.826096811437646,0.827422977292435
"4174",0.627871550612846,0.741811634578204,-0.720666007290759,-0.000294843848507825,0.186127615824782
"4176",-1.76539320553089,-0.41879109841624,-0.604361836887099,-1.00705863157467,-1.08901270978169
"4177",0.627871550612846,1.07341241543376,0.438868091613448,0.375337726531217,0.721729608473358
"4178",0.627871550612846,0.0786100728670934,-2.53243802935503,0.225084698604707,-0.459312742101152
"4179",0.388545074998472,0.244410463294871,0.148984564169739,0.600717268984431,0.396703961836379
"4180",0.388545074998472,0.0786100728670934,-0.35831160070378,0.149958184078003,0.0742538782442207
"4181",0.627871550612846,0.576011244150427,1.01863513563024,0.75097029747439,0.853135841769754
"4182",0.86719802622722,-0.0871903175606843,0.511338970756718,0.675843783511135,0.564414775813776
"4183",0.388545074998472,-0.0871903175606843,-0.793136886434029,-0.000294843848507825,-0.141183845461004
"4185",0.627871550612846,0.576011244150427,0.656280734478574,0.600717268984431,0.70606151778687
"4186",0.149218599384098,-0.252990707988462,-1.51784569580327,0.225084698604707,-0.400685106338157
"4189",0.149218599384098,-0.252990707988462,-0.213369836981925,0.139771538116884,-0.0508900793563788
"4190",0.149218599384098,1.07341241543376,2.48419555831052,1.76177070718114,1.5690179299556
"4191",0.149218599384098,-0.0871903175606843,0.221455448748324,-0.000294843848507825,0.0812508981842169
"4192",-0.0901078762302761,-0.252990707988462,0.583809849899987,0.826096811437646,0.306082330627621
"4193",-1.28674025430215,-0.750391879271795,-0.538872528837462,-0.869789593439797,-0.9886471234288
"4194",0.86719802622722,1.23921280586154,1.20847253400931,1.59146765766187,1.40770152423798
"4195",0.149218599384098,-0.252990707988462,0.00404280588319943,0.225084698604707,0.03596623661906
"4196",-0.32943435184465,-0.584591488844018,-0.425464327448662,-0.345537126287865,-0.483458170697125
"4197",-0.32943435184465,-1.24779305055513,0.148984564169739,0.300211212567962,-0.323648232901252
"4198",-0.0901078762302761,0.244410463294871,-1.73525833866839,-0.375927414791681,-0.56145746660815
"4199",-0.32943435184465,0.0786100728670934,-0.720666007290759,-0.150547872338467,-0.321928622406946
"4200",-0.808087303073398,-0.584591488844018,-0.570748847637309,-0.831241265866103,-0.801830048206896
"4201",0.627871550612846,0.244410463294871,-0.248914651705208,0.103133694889333,0.208443431885751
"4202",0.149218599384098,0.410210853722649,1.62946113561602,1.06086716834756,0.932401478385524
"4204",-2.48337263237402,-3.7347989069718,-1.30043305293814,-1.57795164102101,-2.60993068227856
"4205",0.86719802622722,0.576011244150427,0.438868091613448,0.0748316701147475,0.561464887846404
"4206",-0.32943435184465,-0.41879109841624,-0.140898957838655,0.300211212567962,-0.168967527797952
"4207",0.149218599384098,-0.41879109841624,-0.43078247984705,-0.225674386301722,-0.265690926421999
"4208",0.149218599384098,-0.41879109841624,0.511338970756718,0.300211212567962,0.15550106557539
"4209",-0.32943435184465,-1.24779305055513,-0.52860911389978,-0.53406778799826,-0.757425894520398
"4210",-0.568760827459024,-2.57419617397735,-0.914884341082679,-1.11216725366,-1.48334861201745
"4211",0.388545074998472,1.07341241543376,0.00404280588319943,0.675843783511135,0.614525369516136
"4213",0.388545074998472,1.40501319628932,0.0765136850264693,0.600717268984431,0.708904385699314
"4214",0.388545074998472,0.0786100728670934,-0.793136886434029,0.0748316701147475,-0.0720585079344432
"4215",0.627871550612846,0.0786100728670934,0.221455448748324,0.300211212567962,0.352373118866861
"4217",0.627871550612846,1.23921280586154,0.453398930823132,0.988300568191681,0.949336901128756
"4218",0.149218599384098,0.576011244150427,0.293926327891594,0.450464241057921,0.42165488867114
"4219",0.86719802622722,-0.252990707988462,-0.503253364425634,-0.225674386301722,-0.0329149151565765
"4220",0.149218599384098,-1.74519422183846,-0.575724243568904,0.300211212567962,-0.536956572675918
"4221",-0.0901078762302761,-0.252990707988462,0.0765136850264693,0.225084698604707,-0.0119069946973594
"4223",-0.0901078762302761,-0.750391879271795,-0.400948638685283,-0.23719484811579,-0.424243666202096
"4224",-0.0901078762302761,-1.08199266012735,-0.243076861349108,-0.0244055833121912,-0.41303672461136
"a1950019",-0.0901078762302761,-0.750391879271795,-0.35831160070378,-0.82668649969811,-0.581143991795291
"a1950021",0.388545074998472,-0.41879109841624,-0.43078247984705,-0.225674386301722,-0.19702477455448
"a1950022",-2.00471968114527,-1.08199266012735,-1.30043305293814,-1.05206604215132,-1.56058671557337
"a1950023",1.10652450184159,0.741811634578204,0.656280734478574,1.16671896820515,1.05335819464768
"a1950024",0.388545074998472,0.410210853722649,0.148984564169739,0.225084698604707,0.336500140682513
"a1950025",-0.0901078762302761,-0.0871903175606843,-0.575724243568904,-0.751559985734855,-0.431685984161198
"a1950026",-1.76539320553089,-2.73999656440513,-0.793136886434029,-0.751559985734855,-1.73585545482154
"a1950028",-1.76539320553089,-1.57939383141068,-1.37290393425554,-2.62972283932382,-2.10807697414835
"a1950029",0.86719802622722,0.0786100728670934,0.221455448748324,1.36292006485291,0.72594547576092
"a1950030",-0.568760827459024,-0.252990707988462,-0.140898957838655,0.225084698604707,-0.211618061645166
"a1950031",-1.28674025430215,-1.57939383141068,-1.95267098153352,-2.47946981083387,-2.09397831920881
"a1950032",-1.04741377868777,-0.750391879271795,-0.575724243568904,-0.82668649969811,-0.918187362478136
"a1950033",0.388545074998472,0.0786100728670934,0.873693377343698,0.252780846824292,0.457234813656459
"a1950034",-1.52606672991652,-1.08199266012735,-1.15549129139041,-1.80333118347422,-1.59721716781671
"a1950035",-1.04741377868777,-0.584591488844018,-0.793136886434029,-1.95358421196418,-1.25631854502269
"a1950036",-0.0901078762302761,-0.252990707988462,-0.0684280786953854,-0.0754213583752116,-0.139712276694861
"a1950037",0.149218599384098,1.07341241543376,0.221455448748324,-0.150547872338467,0.371134522930334
"a1950038",-1.76539320553089,-0.584591488844018,0.148984564169739,-0.751559985734855,-0.847131270364728
"a1950039",0.388545074998472,-0.252990707988462,1.43547023175449,0.254240573775876,0.523694402027216
"a1950040",-1.76539320553089,-2.40839578354957,-0.35831160070378,-1.65307815554771,-1.77461529053331
"a1950041",0.86719802622722,-1.08199266012735,-0.0684280786953854,-0.676433471208151,-0.275338936440297
"a1950043",-0.808087303073398,-0.252990707988462,-0.720666007290759,-1.4276986130945,-0.920834498461991
"a1950044",0.388545074998472,0.410210853722649,-0.28584072156051,-0.225674386301722,0.0824134554148873
"a1950045",-0.0901078762302761,-0.750391879271795,-0.43078247984705,-0.375927414791681,-0.472607753504302
"a1950047",-0.808087303073398,-0.584591488844018,-1.80772921998579,-1.05206604215132,-1.2200949705159
"a1950048",-2.24404615675964,-1.41359344098291,-2.89479243431141,-2.85510238177704,-2.69915472202038
"a1950049",-0.32943435184465,-0.584591488844018,-1.80772921998579,-1.87845769800093,-1.31986612471191
"a1950051",0.149218599384098,-0.252990707988462,-0.0684280786953854,0.0748316701147475,-0.0279364051594254
"a1950052",0.388545074998472,1.07341241543376,0.728751613621843,0.75097029747439,0.844009439458668
"a1950053",-1.52606672991652,-0.916192269699573,-1.30043305293814,-1.80333118347422,-1.59123253208116
"a1950054",0.627871550612846,0.244410463294871,-1.59031657712066,0.225084698604707,-0.141434290457705
"a1950055",-0.0901078762302761,-0.584591488844018,-1.15549129139041,-0.375927414791681,-0.632966487011901
"a1950056",-0.568760827459024,0.410210853722649,-0.0684280786953854,-0.52618044328164,-0.216091828178255
"a1950057",-0.0901078762302761,0.0786100728670934,-0.28584072156051,-0.901813013661365,-0.344053542130152
"a1950058",-0.568760827459024,-1.24779305055513,-0.503253364425634,-1.20231907064128,-1.01054787060126
"a1950059",0.627871550612846,-0.0871903175606843,0.148984564169739,0.826096811437646,0.434893737578076
"a1950060",-1.28674025430215,-1.08199266012735,-0.35831160070378,-0.901813013661365,-1.04117056643288
"a1950061",-3.68000501044589,-2.90579695483291,-2.17008362439864,-2.70484935328708,-3.28824700270528
"a1950062",-0.32943435184465,-0.41879109841624,-1.80772921998579,-0.676433471208151,-0.927417889918463
"a1950063",-1.76539320553089,-1.08199266012735,-1.08302041007302,-1.65307815554771,-1.60198067900309
"a1950064",0.86719802622722,0.410210853722649,1.35817772177129,1.67632331796267,1.23714796126923
"a1950065",-1.76539320553089,-1.24779305055513,-1.08302041007302,-1.27744558460454,-1.54177685768756
"a1950068",0.149218599384098,0.0786100728670934,1.86289781859266,0.800042048334657,0.829402392758739
"a1950069",-1.04741377868777,-1.08199266012735,-1.15549129139041,-0.976939528188069,-1.22278140631228
"a1950071",0.86719802622722,-0.750391879271795,-1.88020010075965,-1.20231907064128,-0.850905025903553
"a1950072",-2.00471968114527,-1.74519422183846,-2.3150253864899,-2.40434329687061,-2.42995699823827
"a1950073",-0.568760827459024,-0.750391879271795,0.221455448748324,-0.000294843848507825,-0.315029468512075
"a1950074",-0.32943435184465,0.0786100728670934,0.728751613621843,0.600717268984431,0.309478397547593
"a1950075",0.627871550612846,-0.41879109841624,-0.28584072156051,-0.375927414791681,-0.129882501252678
"a1950076",-1.52606672991652,-0.916192269699573,-1.01054952929915,-1.72820466951097,-1.48650598809632
"a1950077",-3.20135205921714,-1.74519422183846,-1.08302041007302,-1.57795164102101,-2.18270464138715
"a1950078",0.149218599384098,-0.0871903175606843,0.00404280588319943,0.375337726531217,0.126646433898749
"a1950079",-0.568760827459024,0.576011244150427,0.583809849899987,-0.492615592080207,0.0282451699218829
"a1950080",0.627871550612846,-0.584591488844018,0.221455448748324,0.225084698604707,0.140536348019999
"a1950081",-3.20135205921714,-3.40319812611624,-2.09761274362478,-2.70484935328708,-3.27283321127161
"a1950083",-0.32943435184465,-0.41879109841624,-0.503253364425634,-0.676433471208151,-0.553145311109695
"a1950084",-2.00471968114527,-1.41359344098291,-0.35831160070378,-0.82668649969811,-1.32075511782918
"a1950085",-0.568760827459024,-1.08199266012735,-0.648195122712174,-0.375927414791681,-0.767459775998975
"a1950086",-0.808087303073398,-0.916192269699573,-1.30043305293814,-1.57795164102101,-1.32056949705756
"a1950088",0.149218599384098,-0.584591488844018,-0.503253364425634,-0.601306957244896,-0.441828625394962
"a1950089",-1.04741377868777,-1.24779305055513,-1.22796217216428,-1.27744558460454,-1.37736424427883
"a1950090",-5.83394329097525,-5.39280281124957,-3.32961772004166,-3.68149403745761,-5.23269945090366
"a1950091",0.149218599384098,-0.252990707988462,-2.24255450571604,-1.4276986130945,-1.08282123301345
"a1950092",0.86719802622722,0.0786100728670934,0.438868091613448,0.0748316701147475,0.418753454526104
"a1950093",0.86719802622722,1.40501319628932,-0.140898957838655,0.95765255311003,0.88626770919159
"a1950094",-0.568760827459024,-0.584591488844018,-0.648195122712174,-0.150547872338467,-0.56008376325763
"a1950095",-0.568760827459024,-1.41359344098291,-1.08302041007302,-0.300800900828426,-0.965803398686091
"a1950096",-1.28674025430215,-0.41879109841624,0.148984564169739,-0.976939528188069,-0.726893068277301
"a1950097",-0.32943435184465,-0.252990707988462,-0.0684280786953854,-0.601306957244896,-0.359262447157598
"a1950098",0.86719802622722,-0.252990707988462,0.0765136850264693,0.0748316701147475,0.2196478931048
"a1950099",-2.96202558360276,-1.41359344098291,-0.28584072156051,-2.25409026838065,-1.98416914102755
"a1950101",-0.32943435184465,-0.916192269699573,-0.793136886434029,-0.150547872338467,-0.628144409598646
"a1950102",-2.00471968114527,-1.24779305055513,-0.28584072156051,-1.35257209856779,-1.40327573809986
"a1950103",-0.0901078762302761,-0.41879109841624,-0.503253364425634,-0.451053928754937,-0.419814579821131
"a1950104",-0.0901078762302761,-0.916192269699573,-0.0684280786953854,-0.225674386301722,-0.373103907294851
"a1950105",-0.808087303073398,-1.74519422183846,-0.648195122712174,0.149958184078003,-0.875523820365011
"a1950106",-0.32943435184465,-0.584591488844018,-0.503253364425634,-0.300800900828426,-0.492941489955828
"a1950107",-0.32943435184465,-0.41879109841624,-0.503253364425634,-0.300800900828426,-0.445371012182395
"a1950110",-0.808087303073398,-0.41879109841624,0.293926327891594,-0.451053928754937,-0.397090903123716
"a1950111",-0.808087303073398,-0.750391879271795,-1.37290393425554,-0.901813013661365,-1.09979820219588
"a1950112",0.149218599384098,1.40501319628932,1.24666610326657,1.54482827550866,1.24685032319684
"a1950113",-1.76539320553089,-0.41879109841624,-1.01054952929915,-1.72820466951097,-1.41246070664354
"a1950114",0.627871550612846,-0.0871903175606843,0.438868091613448,0.96981875999326,0.559301283333825
"a1950115",-1.52606672991652,-1.41359344098291,-1.22796217216428,-0.751559985734855,-1.41138300719208
"a1950116",0.149218599384098,0.244410463294871,0.221455448748324,0.525590755021176,0.327275872326301
"a1950117",0.388545074998472,1.23921280586154,-1.30043305293814,0.149958184078003,0.136939248788243
"a1950118",-0.0901078762302761,-0.0871903175606843,0.583809849899987,0.300211212567962,0.202768789805838
"a1950119",-0.568760827459024,-0.584591488844018,0.801222492765112,-0.676433471208151,-0.29510936147404
"a1950120",-2.00471968114527,-1.24779305055513,-0.648195122712174,-1.87845769800093,-1.65812436117171
"a1950121",0.149218599384098,-0.916192269699573,-1.08302041007302,-0.751559985734855,-0.746422668605323
"a1950122",-0.0901078762302761,0.244410463294871,-0.793136886434029,-0.0754213583752116,-0.204930053563965
"a1950123",0.388545074998472,1.40501319628932,0.221455448748324,0.215273780061567,0.639901038097846
"a1950124",0.149218599384098,-0.750391879271795,-0.0684280786953854,-0.225674386301722,-0.256867277653898
"a1950125",-1.28674025430215,-1.91099461226624,-0.213369836981925,-0.901813013661365,-1.23743711263838
"a1950126",0.86719802622722,-0.916192269699573,-0.213369836981925,0.375337726531217,0.0324137374213709
"a1950127",-2.48337263237402,-1.74519422183846,-1.08302041007302,-1.12719255611458,-1.8473770269425
"a1950128",-2.72269910798839,-1.91099461226624,-0.938078650155883,-2.02871072592744,-2.18068613269759
"a1950129",-0.808087303073398,-1.08199266012735,-0.213369836981925,-0.300800900828426,-0.689813541687831
"a195013",0.149218599384098,-0.0871903175606843,-0.28584072156051,-0.375927414791681,-0.172073849440849
"a1950130",0.627871550612846,0.576011244150427,0.801222492765112,1.25118499855089,0.934275753381035
"a1950131",0.149218599384098,-0.584591488844018,0.148984564169739,-0.375927414791681,-0.190027756335614
"a1950132",-0.32943435184465,-1.41359344098291,-0.28584072156051,0.225084698604707,-0.517531096853349
"a1950133",1.10652450184159,-0.41879109841624,-0.938078650155883,-0.000294843848507825,-0.0719121880669822
"a1950134",-3.20135205921714,-0.916192269699573,-0.28584072156051,-0.82668649969811,-1.50058152329537
"a1950135",0.388545074998472,-0.584591488844018,-1.66278745789453,-0.451053928754937,-0.662739490474467
"a1950136",0.627871550612846,1.23921280586154,2.04295252312869,3.2817600532707,2.06342829026898
"a1950137",-1.04741377868777,-2.07679500269402,-1.15549129139041,-1.95358421196418,-1.78841745039019
"a1950138",0.388545074998472,-0.41879109841624,-0.793136886434029,0.159240224733026,-0.190551932714495
"a1950139",0.388545074998472,0.741811634578204,-0.28584072156051,0.225084698604707,0.306883569803844
"a1950141",-0.568760827459024,-0.750391879271795,-0.938078650155883,-1.05206604215132,-0.949484244038579
"a1950142",0.627871550612846,0.907612025005982,-0.0684280786953854,0.600717268984431,0.593273261584864
"a1950143",-3.91933148606026,-1.74519422183846,-0.503253364425634,-2.25409026838065,-2.41635346725726
"a1950144",0.149218599384098,-0.750391879271795,0.148984564169739,0.525590755021176,0.0210600835751314
"a1950146",0.388545074998472,0.0786100728670934,-1.15549129139041,-0.375927414791681,-0.305352272183128
"a1950147",0.149218599384098,-1.24779305055513,0.148984564169739,0.300211212567962,-0.186315929166214
"a1950148",0.627871550612846,-0.750391879271795,-0.865607765577299,0.149958184078003,-0.240482805732064
"a1950149",-4.15865796167463,-2.90579695483291,-1.37290393425554,-3.005355410267,-3.28307661409997
"a1950151",0.149218599384098,-0.916192269699573,-0.503253364425634,-1.05206604215132,-0.666298739783919
"a1950152",-0.808087303073398,-1.08199266012735,-1.37290393425554,-0.225674386301722,-1.00094541947961
"a1950153",0.86719802622722,0.410210853722649,0.0765136850264693,0.300211212567962,0.474594383619579
"a1950154",0.388545074998472,0.576011244150427,1.24841123106832,0.525590755021176,0.785731123156445
"a1950155",-2.00471968114527,-1.57939383141068,-0.938078650155883,-1.12719255611458,-1.62088840386399
"a1950156",0.86719802622722,-0.41879109841624,-0.575724243568904,-0.300800900828426,-0.122833173395899
"a1950157",-2.96202558360276,-2.40839578354957,-2.67737979144629,-2.55459632536057,-3.04197784187659
"a1950158",0.627871550612846,-1.24779305055513,-0.793136886434029,-0.000294843848507825,-0.40551103800752
"a1950159",-0.32943435184465,0.741811634578204,1.48759054288728,1.75238510293601,1.04791172903981
"a1950161",-1.76539320553089,-0.750391879271795,-0.0684280786953854,-1.65307815554771,-1.21573882903511
"a1950162",0.86719802622722,-0.41879109841624,0.221455448748324,0.149958184078003,0.235218117746163
"a1950163",-2.24404615675964,-2.40839578354957,-0.865607765577299,-1.05206604215132,-1.88505916273498
"a1950165",-0.568760827459024,-0.750391879271795,0.148984564169739,-0.300800900828426,-0.422041829958477
"a1950166",0.627871550612846,0.576011244150427,0.293926327891594,1.14530279781027,0.758346204980462
"a1950167",-0.0901078762302761,0.576011244150427,-0.28584072156051,-0.300800900828426,-0.0289032304615067
"a1950168",-0.32943435184465,-0.916192269699573,-0.28584072156051,0.149958184078003,-0.396374523447838
"a1950169",0.149218599384098,-0.916192269699573,-0.720666007290759,-1.05206604215132,-0.728677502996687
"a1950171",-0.568760827459024,-1.08199266012735,-0.0684280786953854,-0.601306957244896,-0.665780987892284
"a1950172",0.627871550612846,0.410210853722649,-0.28584072156051,0.375337726531217,0.323518485630751
"a1950174",-0.32943435184465,-0.584591488844018,-0.793136886434029,0.375337726531217,-0.382119435456562
"a1950175",0.86719802622722,0.576011244150427,-0.140898957838655,0.450464241057921,0.502895817848161
"a1950176",0.388545074998472,0.0786100728670934,-0.575724243568904,0.225084698604707,0.0334299749462418
"a1950177",-0.0901078762302761,-0.750391879271795,-0.793136886434029,0.450464241057921,-0.339468901447687
"a1950178",0.149218599384098,-1.24779305055513,-1.08302041007302,-0.601306957244896,-0.798453904484273
"a1950179",0.388545074998472,-0.252990707988462,-0.648195122712174,0.0748316701147475,-0.125613620819642
"a195017RE",0.149218599384098,-0.41879109841624,-0.648195122712174,-1.80333118347422,-0.780721745582079
"a1950180",-1.04741377868777,-1.24779305055513,-0.648195122712174,-0.751559985734855,-1.06013685659641
"a1950181",-2.72269910798839,-2.07679500269402,-1.37290393425554,-2.1789637544174,-2.39612385609664
"a1950182",0.388545074998472,0.0786100728670934,-0.0684280786953854,-0.300800900828426,0.0280964031659992
"a1950183",0.86719802622722,1.23921280586154,1.40966604696317,1.93965298842524,1.56532608716462
"a1950184",0.86719802622722,-0.0871903175606843,0.511338970756718,1.14977194398044,0.70039147023314
"a1950185",-1.52606672991652,-1.24779305055513,-0.648195122712174,-0.901813013661365,-1.2405788798377
"a1950186",0.388545074998472,0.741811634578204,-0.28584072156051,0.375337726531217,0.349993289310099
"a1950187",-1.76539320553089,-1.57939383141068,-0.865607765577299,-1.50282512705775,-1.63920362897486
"a1950188",-4.39798443728901,-3.7347989069718,-1.80772921998579,-3.005355410267,-3.71435268126019
"a1950189",-0.32943435184465,-0.750391879271795,-0.140898957838655,0.225084698604707,-0.285663343097947
"a195018EF",-1.28674025430215,-0.41879109841624,-0.720666007290759,-0.871033417495239,-0.946022159600867
"a1950190",0.86719802622722,0.0786100728670934,0.293926327891594,1.12660286841756,0.678935649216531
"a1950191",-2.00471968114527,-1.08199266012735,-0.140898957838655,-0.901813013661365,-1.18479025882267
"a1950192",-0.32943435184465,-0.750391879271795,-0.503253364425634,-0.751559985734855,-0.669841126571351
"a1950193",-3.68000501044589,-1.74519422183846,-1.37290393425554,-2.32921678290736,-2.61875722768776
"a1950194",0.627871550612846,0.741811634578204,-0.503253364425634,0.375337726531217,0.35628067796485
"a1950195",0.388545074998472,-0.584591488844018,-0.648195122712174,-0.52618044328164,-0.393193454876515
"a1950196",-0.32943435184465,-0.41879109841624,-0.140898957838655,-0.751559985734855,-0.470735565150048
"a1950197",-0.568760827459024,-0.41879109841624,-0.648195122712174,-0.225674386301722,-0.534068145237324
"a1950198",-0.0901078762302761,0.0786100728670934,-0.0684280786953854,0.0748316701147475,-0.00146160148007757
"a1950199",0.86719802622722,-0.252990707988462,-0.575724243568904,-0.0754213583752116,-0.0105981162014207
"a1950200",0.388545074998472,0.741811634578204,-1.01054952929915,-0.300800900828426,-0.0519296591424388
"a1950201",-1.28674025430215,-0.41879109841624,-1.08302041007302,-0.601306957244896,-0.97259842682222
"a1950203",-0.568760827459024,-1.08199266012735,0.438868091613448,-1.04151592153105,-0.646532719328202
"a1950204",-0.808087303073398,-0.916192269699573,-0.575724243568904,-0.901813013661365,-0.918646548137178
"a1950205",-0.0901078762302761,-1.24779305055513,-0.793136886434029,-0.375927414791681,-0.719283792699039
"a1950206",0.149218599384098,0.576011244150427,-2.53243802935503,-0.225674386301722,-0.583262771357979
"a1950207",0.627871550612846,0.741811634578204,-2.60490891012889,0.525590755021176,-0.203604312852186
"a1950208",0.388545074998472,-0.252990707988462,-1.08302041007302,-0.000294843848507825,-0.271926007466146
"a1950209",0.388545074998472,-0.750391879271795,-0.648195122712174,0.375337726531217,-0.18210561496577
"a195020LC",-1.52606672991652,-0.584591488844018,-0.938078650155883,-1.57795164102101,-1.32746239233044
"a1950210",0.86719802622722,0.576011244150427,0.293926327891594,0.0748316701147475,0.519879045184736
"a1950211",-1.04741377868777,-0.750391879271795,0.00404280588319943,-1.27744558460454,-0.881173152233021
"a1950212",0.627871550612846,1.23921280586154,0.293926327891594,2.14808326807144,1.23634002042566
"a1950213",-0.808087303073398,-0.750391879271795,0.366397207034864,-0.423669683847601,-0.463582010820666
"a1950214",0.149218599384098,-0.252990707988462,-1.22796217216428,-0.300800900828426,-0.468397440863327
"a1950215",-0.808087303073398,-0.750391879271795,-0.938078650155883,-1.20231907064128,-1.06126011557401
"a1950216",0.149218599384098,0.576011244150427,0.656280734478574,-0.134449333350331,0.357799514634928
"a1950217",-1.28674025430215,-0.916192269699573,-0.575724243568904,-2.40434329687061,-1.4870760480664
"a1950218",-0.808087303073398,-1.08199266012735,-0.938078650155883,-1.95358421196418,-1.37194966913714
"a1950219",-0.808087303073398,-1.91099461226624,-1.30043305293814,-1.27744558460454,-1.51977292452399
"a1950220",-1.52606672991652,-1.08199266012735,-0.720666007290759,-1.80333118347422,-1.47245964185902
"a1950221",-1.52606672991652,-2.40839578354957,-1.59031657712066,-2.32921678290736,-2.25342253518659
"a1950222",-1.28674025430215,-1.74519422183846,-0.865607765577299,-2.10383724045414,-1.72188068152326
"a1950223",-0.32943435184465,-0.750391879271795,-0.575724243568904,-1.27744558460454,-0.841518065717668
"a1950224",-2.24404615675964,-1.08199266012735,-1.22796217216428,-1.87845769800093,-1.845563404353
"a1950225",-1.76539320553089,-1.24779305055513,-1.30043305293814,-0.601306957244896,-1.41016188263719
"a1950226",0.86719802622722,0.244410463294871,0.656280734478574,-0.225674386301722,0.442483256338133
"a1950227",-0.0901078762302761,-0.584591488844018,-0.43078247984705,-0.82668649969811,-0.554366434572958
"a1950229",0.388545074998472,-0.0871903175606843,0.511338970756718,-0.218685873794218,0.170429257507102
"a1950230",-1.04741377868777,-0.916192269699573,-1.59031657712066,-1.80333118347422,-1.53707191273378
"a1950231",0.149218599384098,-0.252990707988462,0.293926327891594,-0.375927414791681,-0.0533009581270784
"a1950232",-0.32943435184465,-1.41359344098291,-0.575724243568904,-0.52618044328164,-0.81625137879514
"a1950233",-2.96202558360276,-2.40839578354957,-1.37290393425554,-2.32921678290736,-2.60304068317894
"a1950234",-1.04741377868777,-1.08199266012735,-1.73525833866839,-2.77997586781378,-1.90644141014406
"a1950235",-2.72269910798839,-2.40839578354957,-2.09761274362478,-2.93022889574029,-2.91474262031701
"a1950236",0.627871550612846,-0.41879109841624,-0.213369836981925,0.375337726531217,0.106459018874152
"a1950238",0.388545074998472,1.07341241543376,0.148984564169739,0.149958184078003,0.505227191861457
"a1950239",0.388545074998472,0.0786100728670934,0.366397207034864,-0.000294843848507825,0.239073368927369
"a1950241",-0.32943435184465,-0.252990707988462,-0.213369836981925,-0.676433471208151,-0.422403148012925
"a1950242",0.388545074998472,0.576011244150427,-0.213369836981925,0.0748316701147475,0.236996294473062
"a1950244",0.388545074998472,-0.750391879271795,-0.720666007290759,-0.451053928754937,-0.440001994845728
"a1950245",0.388545074998472,0.0786100728670934,-0.213369836981925,0.0748316701147475,0.0942848611527612
"a1950246",-0.32943435184465,-1.08199266012735,0.221455448748324,-0.300800900828426,-0.427723711527256
"a1950247",0.388545074998472,0.576011244150427,1.72085057809159,0.48176838219046,0.908707397166032
"a1950249",0.149218599384098,-0.41879109841624,1.25773198283375,1.0908504478798,0.596497363429784
"a1950250",0.86719802622722,0.244410463294871,0.366397207034864,0.300211212567962,0.510195589610013
"a1950251",-1.76539320553089,-1.24779305055513,0.656280734478574,0.209239245066177,-0.616195840126579
"a1950252",0.627871550612846,-0.252990707988462,0.511338970756718,0.666869378043276,0.445603262273352
"a1950253",-0.808087303073398,-0.916192269699573,0.0765136850264693,-0.82668649969811,-0.709955398745746
"a1950254",-0.0901078762302761,-0.584591488844018,-0.865607765577299,-0.375927414791681,-0.549794802156405
"a1950255",0.149218599384098,-0.584591488844018,-0.0684280786953854,-0.470596211370321,-0.279568336669938
"a1950257",-0.32943435184465,0.576011244150427,0.656280734478574,-0.000294843848507825,0.258958031968449
"a1950258",0.388545074998472,0.576011244150427,0.148984564169739,0.420967143513273,0.440272063263688
"a1950259",-0.808087303073398,-0.0871903175606843,-0.648195122712174,-0.000294843848507825,-0.442928762136932
"a1950260",-1.76539320553089,-0.584591488844018,0.574597032641107,-0.613982264961391,-0.685544037001986
"a1950261",0.149218599384098,1.23921280586154,-0.648195122712174,0.300211212567962,0.298519106694785
"a1950262",-3.20135205921714,-1.08199266012735,-1.22796217216428,-2.10383724045414,-2.18489259124412
"a1950264",0.627871550612846,1.07341241543376,1.89953895287354,2.29930367232386,1.69282979458047
"a1950265",-0.568760827459024,-0.916192269699573,0.00404280588319943,-0.751559985734855,-0.640527307676199
"a1950266",1.10652450184159,0.907612025005982,0.873693377343698,0.300211212567962,0.914694101107371
"a1950267",0.149218599384098,-0.252990707988462,1.95169772973817,0.450464241057921,0.659440569301329
"a1950268",0.359825897924747,0.576011244150427,0.728751613621843,0.235041224164698,0.545030717368081
"a1950269",0.388545074998472,0.907612025005982,1.57787991543716,0.525590755021176,0.975401305603036
"a1950270",0.627871550612846,-0.584591488844018,-1.30043305293814,-0.000294843848507825,-0.360779574358262
"a1950271",0.86719802622722,-0.0871903175606843,0.511338970756718,-0.150547872338467,0.327311317882725
"a1950272",0.149218599384098,0.410210853722649,1.41242269795648,0.64670758510092,0.751301835937866
"a195CS004",-2.24404615675964,-0.750391879271795,-1.15549129139041,-2.10383724045414,-1.79429410720824
"a195EK012",-0.568760827459024,-0.916192269699573,-1.30043305293814,-0.82668649969811,-1.03635474717378
"a195GF009",-1.52606672991652,-0.750391879271795,-0.35831160070378,-1.27744558460454,-1.1224700618425
"a195GG015",-3.44067853483151,-1.24779305055513,-1.08302041007302,-1.80333118347422,-2.17332393935541
"a195MM005",-0.568760827459024,-0.41879109841624,0.00404280588319943,-0.225674386301722,-0.34693185559902
"a195OV001",-1.28674025430215,-1.41359344098291,-1.80772921998579,-1.65307815554771,-1.76771854162811
"a195PF002",-1.04741377868777,-1.24779305055513,-0.213369836981925,-0.676433471208151,-0.913824470256083
"a195PN010",-1.28674025430215,-1.74519422183846,-1.95267098153352,-2.40434329687061,-2.11999393722912
"a195RG003",0.627871550612846,-0.0871903175606843,-1.15549129139041,-0.601306957244896,-0.348921177510087
"a195RW007",0.388545074998472,-0.584591488844018,-0.28584072156051,-0.601306957244896,-0.310783710314675
"a195SJ008",-2.48337263237402,-1.24779305055513,-0.793136886434029,-1.72820466951097,-1.7939327879005
"a195TM016",0.388545074998472,0.410210853722649,0.0765136850264693,0.149958184078003,0.294152360216624
